Entity,Code,Year,"Meat, total | 00001765 || Producing or slaughtered animals | 005320 || animals"
Afghanistan,AFG,1961,12656000
Afghanistan,AFG,1962,13136393
Afghanistan,AFG,1963,13606952
Afghanistan,AFG,1964,14188000
Afghanistan,AFG,1965,14986000
Afghanistan,AFG,1966,16089600
Afghanistan,AFG,1967,17330500
Afghanistan,AFG,1968,18681800
Afghanistan,AFG,1969,20334800
Afghanistan,AFG,1970,20377000
Afghanistan,AFG,1971,20439700
Afghanistan,AFG,1972,19027400
Afghanistan,AFG,1973,20097400
Afghanistan,AFG,1974,20534500
Afghanistan,AFG,1975,21306100
Afghanistan,AFG,1976,22848100
Afghanistan,AFG,1977,22835600
Afghanistan,AFG,1978,23607000
Afghanistan,AFG,1979,24442100
Afghanistan,AFG,1980,24961500
Afghanistan,AFG,1981,25881500
Afghanistan,AFG,1982,26021500
Afghanistan,AFG,1983,25582000
Afghanistan,AFG,1984,25191000
Afghanistan,AFG,1985,24322000
Afghanistan,AFG,1986,23787000
Afghanistan,AFG,1987,24075000
Afghanistan,AFG,1988,24359000
Afghanistan,AFG,1989,24532000
Afghanistan,AFG,1990,24725000
Afghanistan,AFG,1991,24598000
Afghanistan,AFG,1992,24158000
Afghanistan,AFG,1993,23958000
Afghanistan,AFG,1994,23948000
Afghanistan,AFG,1995,24940000
Afghanistan,AFG,1996,26613000
Afghanistan,AFG,1997,28886000
Afghanistan,AFG,1998,31271000
Afghanistan,AFG,1999,31050000
Afghanistan,AFG,2000,28522000
Afghanistan,AFG,2001,26620000
Afghanistan,AFG,2002,38953000
Afghanistan,AFG,2003,44581000
Afghanistan,AFG,2004,48251000
Afghanistan,AFG,2005,50205000
Afghanistan,AFG,2006,39271700
Afghanistan,AFG,2007,29592100
Afghanistan,AFG,2008,35390000
Afghanistan,AFG,2009,34902000
Afghanistan,AFG,2010,46249800
Afghanistan,AFG,2011,43506500
Afghanistan,AFG,2012,42132000
Afghanistan,AFG,2013,43789000
Afghanistan,AFG,2014,41984779
Afghanistan,AFG,2015,41734202
Afghanistan,AFG,2016,41223228
Afghanistan,AFG,2017,45782643
Afghanistan,AFG,2018,43686558
Afghanistan,AFG,2019,44789767
Afghanistan,AFG,2020,45613933
Afghanistan,AFG,2021,46490628
Afghanistan,AFG,2022,46667795
Africa,,1961,470947337
Africa,,1962,487314482
Africa,,1963,499079058
Africa,,1964,522964340
Africa,,1965,544784810
Africa,,1966,574247004
Africa,,1967,603499307
Africa,,1968,633135377
Africa,,1969,674058105
Africa,,1970,706473450
Africa,,1971,735502857
Africa,,1972,776556198
Africa,,1973,811946840
Africa,,1974,842829717
Africa,,1975,885639406
Africa,,1976,949078499
Africa,,1977,998458850
Africa,,1978,1047954634
Africa,,1979,1095720095
Africa,,1980,1145927030
Africa,,1981,1221891758
Africa,,1982,1304737664
Africa,,1983,1424398805
Africa,,1984,1534296718
Africa,,1985,1585121444
Africa,,1986,1674808674
Africa,,1987,1775865090
Africa,,1988,1800799448
Africa,,1989,1874873222
Africa,,1990,2023148239
Africa,,1991,2068073671
Africa,,1992,2098088018
Africa,,1993,2077530810
Africa,,1994,2171423195
Africa,,1995,2291725146
Africa,,1996,2359370055
Africa,,1997,2505697518
Africa,,1998,2545494761
Africa,,1999,2686122670
Africa,,2000,2744020387
Africa,,2001,2909052633
Africa,,2002,2999573623
Africa,,2003,3041482728
Africa,,2004,3095611298
Africa,,2005,3180445431
Africa,,2006,3319664902
Africa,,2007,3593960217
Africa,,2008,3798444718
Africa,,2009,4028870814
Africa,,2010,4265072374
Africa,,2011,4341334803
Africa,,2012,4501762084
Africa,,2013,4519603418
Africa,,2014,4630194228
Africa,,2015,4734508526
Africa,,2016,4981464711
Africa,,2017,5127780780
Africa,,2018,5259604241
Africa,,2019,5688047104
Africa,,2020,5890695346
Africa,,2021,6179574720
Africa,,2022,6379547733
Africa (FAO),,1961,484055276
Africa (FAO),,1962,500627155
Africa (FAO),,1963,514349157
Africa (FAO),,1964,540409429
Africa (FAO),,1965,563102930
Africa (FAO),,1966,592095693
Africa (FAO),,1967,621778705
Africa (FAO),,1968,651872478
Africa (FAO),,1969,692843985
Africa (FAO),,1970,725540212
Africa (FAO),,1971,754862693
Africa (FAO),,1972,796171038
Africa (FAO),,1973,832178696
Africa (FAO),,1974,863755919
Africa (FAO),,1975,907220406
Africa (FAO),,1976,971147359
Africa (FAO),,1977,1020908935
Africa (FAO),,1978,1071418904
Africa (FAO),,1979,1120439933
Africa (FAO),,1980,1172332776
Africa (FAO),,1981,1250006852
Africa (FAO),,1982,1331367739
Africa (FAO),,1983,1451580442
Africa (FAO),,1984,1562093506
Africa (FAO),,1985,1613631034
Africa (FAO),,1986,1702724893
Africa (FAO),,1987,1804340938
Africa (FAO),,1988,1829884801
Africa (FAO),,1989,1904770799
Africa (FAO),,1990,2053887704
Africa (FAO),,1991,2101217900
Africa (FAO),,1992,2134105603
Africa (FAO),,1993,2117102773
Africa (FAO),,1994,2213241511
Africa (FAO),,1995,2337505280
Africa (FAO),,1996,2408227090
Africa (FAO),,1997,2555606836
Africa (FAO),,1998,2599757563
Africa (FAO),,1999,2743818022
Africa (FAO),,2000,2804236685
Africa (FAO),,2001,2971453179
Africa (FAO),,2002,3064167831
Africa (FAO),,2003,3108651427
Africa (FAO),,2004,3171134000
Africa (FAO),,2005,3250604930
Africa (FAO),,2006,3390682053
Africa (FAO),,2007,3667218525
Africa (FAO),,2008,3874115816
Africa (FAO),,2009,4104348015
Africa (FAO),,2010,4351679880
Africa (FAO),,2011,4423973610
Africa (FAO),,2012,4502229435
Africa (FAO),,2013,4520067617
Africa (FAO),,2014,4630649677
Africa (FAO),,2015,4734962877
Africa (FAO),,2016,4981922915
Africa (FAO),,2017,5128239289
Africa (FAO),,2018,5260068046
Africa (FAO),,2019,5688509384
Africa (FAO),,2020,5891157042
Africa (FAO),,2021,6180038185
Africa (FAO),,2022,6380012269
Albania,ALB,1961,3029575
Albania,ALB,1962,3067012
Albania,ALB,1963,3174300
Albania,ALB,1964,3315300
Albania,ALB,1965,3887000
Albania,ALB,1966,4424700
Albania,ALB,1967,4909800
Albania,ALB,1968,4839800
Albania,ALB,1969,4877700
Albania,ALB,1970,4900700
Albania,ALB,1971,5236800
Albania,ALB,1972,5348300
Albania,ALB,1973,5744000
Albania,ALB,1974,6310700
Albania,ALB,1975,6922700
Albania,ALB,1976,7474700
Albania,ALB,1977,7969300
Albania,ALB,1978,8501300
Albania,ALB,1979,8954000
Albania,ALB,1980,9408900
Albania,ALB,1981,9950900
Albania,ALB,1982,10478900
Albania,ALB,1983,10589900
Albania,ALB,1984,11352800
Albania,ALB,1985,11631000
Albania,ALB,1986,11699800
Albania,ALB,1987,11817800
Albania,ALB,1988,11565000
Albania,ALB,1989,12671000
Albania,ALB,1990,12611600
Albania,ALB,1991,12214500
Albania,ALB,1992,6270000
Albania,ALB,1993,7692000
Albania,ALB,1994,8798000
Albania,ALB,1995,9073333
Albania,ALB,1996,8636000
Albania,ALB,1997,8902000
Albania,ALB,1998,9089000
Albania,ALB,1999,9501500
Albania,ALB,2000,8416940
Albania,ALB,2001,8412940
Albania,ALB,2002,10746800
Albania,ALB,2003,13249000
Albania,ALB,2004,14988000
Albania,ALB,2005,13122000
Albania,ALB,2006,12855000
Albania,ALB,2007,13811000
Albania,ALB,2008,11311000
Albania,ALB,2009,10126000
Albania,ALB,2010,9884900
Albania,ALB,2011,11147500
Albania,ALB,2012,10303078
Albania,ALB,2013,10825325
Albania,ALB,2014,11164010
Albania,ALB,2015,13799315
Albania,ALB,2016,14397075
Albania,ALB,2017,14580157
Albania,ALB,2018,16572439
Albania,ALB,2019,13073206
Albania,ALB,2020,13429161
Albania,ALB,2021,14043417
Albania,ALB,2022,13035579
Algeria,DZA,1961,20697000
Algeria,DZA,1962,21797000
Algeria,DZA,1963,22471990
Algeria,DZA,1964,24248490
Algeria,DZA,1965,27356116
Algeria,DZA,1966,28890430
Algeria,DZA,1967,30335000
Algeria,DZA,1968,32336244
Algeria,DZA,1969,33811867
Algeria,DZA,1970,35207221
Algeria,DZA,1971,37712321
Algeria,DZA,1972,39405322
Algeria,DZA,1973,41636365
Algeria,DZA,1974,43784273
Algeria,DZA,1975,46112550
Algeria,DZA,1976,48637000
Algeria,DZA,1977,51001450
Algeria,DZA,1978,53283796
Algeria,DZA,1979,55902314
Algeria,DZA,1980,72044000
Algeria,DZA,1981,84690800
Algeria,DZA,1982,101136600
Algeria,DZA,1983,113164200
Algeria,DZA,1984,163363900
Algeria,DZA,1985,173434900
Algeria,DZA,1986,183416300
Algeria,DZA,1987,188017900
Algeria,DZA,1988,198318400
Algeria,DZA,1989,203645500
Algeria,DZA,1990,212066470
Algeria,DZA,1991,215411210
Algeria,DZA,1992,218252320
Algeria,DZA,1993,223546950
Algeria,DZA,1994,229015700
Algeria,DZA,1995,226502900
Algeria,DZA,1996,233740500
Algeria,DZA,1997,238202200
Algeria,DZA,1998,262512200
Algeria,DZA,1999,250573144
Algeria,DZA,2000,258653500
Algeria,DZA,2001,254564500
Algeria,DZA,2002,261643500
Algeria,DZA,2003,271664575
Algeria,DZA,2004,272170365
Algeria,DZA,2005,272533528
Algeria,DZA,2006,272992293
Algeria,DZA,2007,274162400
Algeria,DZA,2008,273664300
Algeria,DZA,2009,274884200
Algeria,DZA,2010,274006900
Algeria,DZA,2011,283434150
Algeria,DZA,2012,288112750
Algeria,DZA,2013,294202600
Algeria,DZA,2014,284029697
Algeria,DZA,2015,285781589
Algeria,DZA,2016,288509502
Algeria,DZA,2017,287070281
Algeria,DZA,2018,292435944
Algeria,DZA,2019,291490733
Algeria,DZA,2020,300852417
Algeria,DZA,2021,297782797
Algeria,DZA,2022,300912391
Americas (FAO),,1961,3268900033
Americas (FAO),,1962,3317480654
Americas (FAO),,1963,3456065869
Americas (FAO),,1964,3593289624
Americas (FAO),,1965,3871409172
Americas (FAO),,1966,3814600782
Americas (FAO),,1967,4385658593
Americas (FAO),,1968,4423400303
Americas (FAO),,1969,4656582632
Americas (FAO),,1970,4944267817
Americas (FAO),,1971,4981278237
Americas (FAO),,1972,5198271522
Americas (FAO),,1973,5239663157
Americas (FAO),,1974,5379641711
Americas (FAO),,1975,5237833528
Americas (FAO),,1976,5752223696
Americas (FAO),,1977,5974814126
Americas (FAO),,1978,6390605946
Americas (FAO),,1979,7090558543
Americas (FAO),,1980,7550160602
Americas (FAO),,1981,7836358168
Americas (FAO),,1982,7938361944
Americas (FAO),,1983,8009522668
Americas (FAO),,1984,8003371755
Americas (FAO),,1985,8515171606
Americas (FAO),,1986,8784352128
Americas (FAO),,1987,9537240631
Americas (FAO),,1988,9781016937
Americas (FAO),,1989,10031384460
Americas (FAO),,1990,10856217365
Americas (FAO),,1991,11539352080
Americas (FAO),,1992,12262561350
Americas (FAO),,1993,12957660773
Americas (FAO),,1994,13686225510
Americas (FAO),,1995,14815594961
Americas (FAO),,1996,15205862016
Americas (FAO),,1997,15285623700
Americas (FAO),,1998,15655200421
Americas (FAO),,1999,16544539202
Americas (FAO),,2000,17015374503
Americas (FAO),,2001,17647766486
Americas (FAO),,2002,18170384337
Americas (FAO),,2003,18128709014
Americas (FAO),,2004,18951049771
Americas (FAO),,2005,19897577915
Americas (FAO),,2006,20022089218
Americas (FAO),,2007,20902503136
Americas (FAO),,2008,21494400899
Americas (FAO),,2009,21367196471
Americas (FAO),,2010,21201587923
Americas (FAO),,2011,21550700463
Americas (FAO),,2012,20839749214
Americas (FAO),,2013,21210469668
Americas (FAO),,2014,21495555105
Americas (FAO),,2015,22117080080
Americas (FAO),,2016,22344920639
Americas (FAO),,2017,22522161756
Americas (FAO),,2018,22763479231
Americas (FAO),,2019,23454149849
Americas (FAO),,2020,23547526919
Americas (FAO),,2021,23887190319
Americas (FAO),,2022,24177139157
Angola,AGO,1961,3873500
Angola,AGO,1962,3987750
Angola,AGO,1963,4097388
Angola,AGO,1964,4225535
Angola,AGO,1965,4372260
Angola,AGO,1966,4841102
Angola,AGO,1967,5172000
Angola,AGO,1968,5556674
Angola,AGO,1969,6107870
Angola,AGO,1970,7119975
Angola,AGO,1971,7506157
Angola,AGO,1972,7696107
Angola,AGO,1973,7882750
Angola,AGO,1974,8012350
Angola,AGO,1975,8153000
Angola,AGO,1976,8154500
Angola,AGO,1977,8240000
Angola,AGO,1978,8331500
Angola,AGO,1979,8441000
Angola,AGO,1980,8529500
Angola,AGO,1981,8612000
Angola,AGO,1982,8693500
Angola,AGO,1983,8768000
Angola,AGO,1984,8853500
Angola,AGO,1985,8894000
Angola,AGO,1986,8982500
Angola,AGO,1987,9050000
Angola,AGO,1988,9128500
Angola,AGO,1989,9210000
Angola,AGO,1990,9245000
Angola,AGO,1991,9307000
Angola,AGO,1992,9351000
Angola,AGO,1993,9418000
Angola,AGO,1994,9385000
Angola,AGO,1995,9443000
Angola,AGO,1996,9582000
Angola,AGO,1997,9707000
Angola,AGO,1998,9843000
Angola,AGO,1999,9987000
Angola,AGO,2000,10251000
Angola,AGO,2001,10564500
Angola,AGO,2002,10885500
Angola,AGO,2003,11110000
Angola,AGO,2004,11347500
Angola,AGO,2005,11127000
Angola,AGO,2006,12454000
Angola,AGO,2007,14592000
Angola,AGO,2008,17348000
Angola,AGO,2009,20288000
Angola,AGO,2010,24245000
Angola,AGO,2011,27707000
Angola,AGO,2012,31857000
Angola,AGO,2013,36775000
Angola,AGO,2014,42675996
Angola,AGO,2015,47834331
Angola,AGO,2016,47709908
Angola,AGO,2017,48695080
Angola,AGO,2018,49810347
Angola,AGO,2019,50565514
Angola,AGO,2020,53460424
Angola,AGO,2021,57113586
Angola,AGO,2022,61231128
Antigua and Barbuda,ATG,1961,55820
Antigua and Barbuda,ATG,1962,71547
Antigua and Barbuda,ATG,1963,73547
Antigua and Barbuda,ATG,1964,75031
Antigua and Barbuda,ATG,1965,73817
Antigua and Barbuda,ATG,1966,75137
Antigua and Barbuda,ATG,1967,75979
Antigua and Barbuda,ATG,1968,78108
Antigua and Barbuda,ATG,1969,81397
Antigua and Barbuda,ATG,1970,86618
Antigua and Barbuda,ATG,1971,88870
Antigua and Barbuda,ATG,1972,91414
Antigua and Barbuda,ATG,1973,94711
Antigua and Barbuda,ATG,1974,97055
Antigua and Barbuda,ATG,1975,97221
Antigua and Barbuda,ATG,1976,99199
Antigua and Barbuda,ATG,1977,117474
Antigua and Barbuda,ATG,1978,108544
Antigua and Barbuda,ATG,1979,109737
Antigua and Barbuda,ATG,1980,110962
Antigua and Barbuda,ATG,1981,111628
Antigua and Barbuda,ATG,1982,119644
Antigua and Barbuda,ATG,1983,125418
Antigua and Barbuda,ATG,1984,118175
Antigua and Barbuda,ATG,1985,141235
Antigua and Barbuda,ATG,1986,151550
Antigua and Barbuda,ATG,1987,151700
Antigua and Barbuda,ATG,1988,151600
Antigua and Barbuda,ATG,1989,150500
Antigua and Barbuda,ATG,1990,161000
Antigua and Barbuda,ATG,1991,171200
Antigua and Barbuda,ATG,1992,181250
Antigua and Barbuda,ATG,1993,186950
Antigua and Barbuda,ATG,1994,187950
Antigua and Barbuda,ATG,1995,194300
Antigua and Barbuda,ATG,1996,195650
Antigua and Barbuda,ATG,1997,217050
Antigua and Barbuda,ATG,1998,218100
Antigua and Barbuda,ATG,1999,239150
Antigua and Barbuda,ATG,2000,240175
Antigua and Barbuda,ATG,2001,260700
Antigua and Barbuda,ATG,2002,261000
Antigua and Barbuda,ATG,2003,281375
Antigua and Barbuda,ATG,2004,281780
Antigua and Barbuda,ATG,2005,302180
Antigua and Barbuda,ATG,2006,302570
Antigua and Barbuda,ATG,2007,323530
Antigua and Barbuda,ATG,2008,319760
Antigua and Barbuda,ATG,2009,217020
Antigua and Barbuda,ATG,2010,155608
Antigua and Barbuda,ATG,2011,87244
Antigua and Barbuda,ATG,2012,71054
Antigua and Barbuda,ATG,2013,39602
Antigua and Barbuda,ATG,2014,18780
Antigua and Barbuda,ATG,2015,36909
Antigua and Barbuda,ATG,2016,25100
Antigua and Barbuda,ATG,2017,23783
Antigua and Barbuda,ATG,2018,26186
Antigua and Barbuda,ATG,2019,24075
Antigua and Barbuda,ATG,2020,15095
Antigua and Barbuda,ATG,2021,29750
Antigua and Barbuda,ATG,2022,75866
Argentina,ARG,1961,50867583
Argentina,ARG,1962,56515732
Argentina,ARG,1963,63000888
Argentina,ARG,1964,73749406
Argentina,ARG,1965,106044832
Argentina,ARG,1966,100986978
Argentina,ARG,1967,106879939
Argentina,ARG,1968,113820405
Argentina,ARG,1969,119479483
Argentina,ARG,1970,144227357
Argentina,ARG,1971,157035990
Argentina,ARG,1972,150100714
Argentina,ARG,1973,150649995
Argentina,ARG,1974,208908052
Argentina,ARG,1975,204811512
Argentina,ARG,1976,199223645
Argentina,ARG,1977,196115915
Argentina,ARG,1978,201661548
Argentina,ARG,1979,218345512
Argentina,ARG,1980,188813791
Argentina,ARG,1981,199427483
Argentina,ARG,1982,182025743
Argentina,ARG,1983,197465460
Argentina,ARG,1984,206232342
Argentina,ARG,1985,224829888
Argentina,ARG,1986,246241906
Argentina,ARG,1987,268816095
Argentina,ARG,1988,233373276
Argentina,ARG,1989,209083282
Argentina,ARG,1990,221020762
Argentina,ARG,1991,244242087
Argentina,ARG,1992,318553889
Argentina,ARG,1993,348194569
Argentina,ARG,1994,358886598
Argentina,ARG,1995,385373816
Argentina,ARG,1996,373045394
Argentina,ARG,1997,390661290
Argentina,ARG,1998,435346832
Argentina,ARG,1999,449416702
Argentina,ARG,2000,455720247
Argentina,ARG,2001,459198138
Argentina,ARG,2002,352618994
Argentina,ARG,2003,368391403
Argentina,ARG,2004,374357327
Argentina,ARG,2005,432714262
Argentina,ARG,2006,486694735
Argentina,ARG,2007,524813125
Argentina,ARG,2008,576393305
Argentina,ARG,2009,611165708
Argentina,ARG,2010,649410067
Argentina,ARG,2011,715144589
Argentina,ARG,2012,766712232
Argentina,ARG,2013,766738086
Argentina,ARG,2014,763225172
Argentina,ARG,2015,764027413
Argentina,ARG,2016,737110528
Argentina,ARG,2017,756074629
Argentina,ARG,2018,746888420
Argentina,ARG,2019,792991982
Argentina,ARG,2020,792945891
Argentina,ARG,2021,776482229
Argentina,ARG,2022,787336598
Armenia,ARM,1992,8183900
Armenia,ARM,1993,3233200
Armenia,ARM,1994,3478621
Armenia,ARM,1995,6137887
Armenia,ARM,1996,4437554
Armenia,ARM,1997,4605205
Armenia,ARM,1998,4942268
Armenia,ARM,1999,4806813
Armenia,ARM,2000,3911127
Armenia,ARM,2001,4011368
Armenia,ARM,2002,4776448
Armenia,ARM,2003,5295882
Armenia,ARM,2004,4921489
Armenia,ARM,2005,5382119
Armenia,ARM,2006,5680463
Armenia,ARM,2007,6410353
Armenia,ARM,2008,7582337
Armenia,ARM,2009,5874054
Armenia,ARM,2010,6242917
Armenia,ARM,2011,6502232
Armenia,ARM,2012,8999106
Armenia,ARM,2013,9031060
Armenia,ARM,2014,9786096
Armenia,ARM,2015,10537662
Armenia,ARM,2016,10057309
Armenia,ARM,2017,11410978
Armenia,ARM,2018,12709212
Armenia,ARM,2019,12749711
Armenia,ARM,2020,12999373
Armenia,ARM,2021,14927488
Armenia,ARM,2022,12432571
Asia,,1961,1591494357
Asia,,1962,1667062017
Asia,,1963,1802644613
Asia,,1964,1890887749
Asia,,1965,2019304302
Asia,,1966,2139443708
Asia,,1967,2284077071
Asia,,1968,2414697454
Asia,,1969,2558421728
Asia,,1970,2695906339
Asia,,1971,2865558828
Asia,,1972,3076424971
Asia,,1973,3242248022
Asia,,1974,3368686353
Asia,,1975,3491314715
Asia,,1976,3677850955
Asia,,1977,3890010976
Asia,,1978,4201891819
Asia,,1979,4514450818
Asia,,1980,4756655336
Asia,,1981,5037936512
Asia,,1982,5420878475
Asia,,1983,5761582577
Asia,,1984,5988872022
Asia,,1985,6233620366
Asia,,1986,6783959137
Asia,,1987,7402473380
Asia,,1988,8023473718
Asia,,1989,8256589293
Asia,,1990,8724494942
Asia,,1991,9558067567
Asia,,1992,10754995447
Asia,,1993,12022697911
Asia,,1994,12842175045
Asia,,1995,13974795721
Asia,,1996,14448264137
Asia,,1997,15795259287
Asia,,1998,16011319390
Asia,,1999,17170296752
Asia,,2000,18306779018
Asia,,2001,18844141475
Asia,,2002,19749371193
Asia,,2003,20812185581
Asia,,2004,20813293803
Asia,,2005,21982216880
Asia,,2006,22621586857
Asia,,2007,24182589541
Asia,,2008,25666042637
Asia,,2009,26978233252
Asia,,2010,27998673592
Asia,,2011,28983263675
Asia,,2012,30566387888
Asia,,2013,30759599367
Asia,,2014,31508892546
Asia,,2015,32670529738
Asia,,2016,33536991448
Asia,,2017,36214488387
Asia,,2018,36880637072
Asia,,2019,37657912543
Asia,,2020,38179233174
Asia,,2021,38493751821
Asia,,2022,39578537278
Asia (FAO),,1961,1594539270
Asia (FAO),,1962,1670202123
Asia (FAO),,1963,1805905395
Asia (FAO),,1964,1894399951
Asia (FAO),,1965,2023579135
Asia (FAO),,1966,2144033165
Asia (FAO),,1967,2289323765
Asia (FAO),,1968,2420846660
Asia (FAO),,1969,2566065420
Asia (FAO),,1970,2703880838
Asia (FAO),,1971,2874007330
Asia (FAO),,1972,3085285077
Asia (FAO),,1973,3251007827
Asia (FAO),,1974,3375690001
Asia (FAO),,1975,3497675917
Asia (FAO),,1976,3684695470
Asia (FAO),,1977,3897011480
Asia (FAO),,1978,4209346630
Asia (FAO),,1979,4523010667
Asia (FAO),,1980,4765592235
Asia (FAO),,1981,5048652911
Asia (FAO),,1982,5433572607
Asia (FAO),,1983,5777611056
Asia (FAO),,1984,6007260762
Asia (FAO),,1985,6252318827
Asia (FAO),,1986,6803549176
Asia (FAO),,1987,7420553082
Asia (FAO),,1988,8040611713
Asia (FAO),,1989,8275434293
Asia (FAO),,1990,8743689132
Asia (FAO),,1991,9575796358
Asia (FAO),,1992,10774434152
Asia (FAO),,1993,12042114821
Asia (FAO),,1994,12860935939
Asia (FAO),,1995,13994260512
Asia (FAO),,1996,14468788439
Asia (FAO),,1997,15816629378
Asia (FAO),,1998,16032879126
Asia (FAO),,1999,17192466179
Asia (FAO),,2000,18328280389
Asia (FAO),,2001,18865801480
Asia (FAO),,2002,19771220232
Asia (FAO),,2003,20833643241
Asia (FAO),,2004,20833526077
Asia (FAO),,2005,22001754617
Asia (FAO),,2006,22637870789
Asia (FAO),,2007,24199754757
Asia (FAO),,2008,25683325871
Asia (FAO),,2009,26994283028
Asia (FAO),,2010,28015349729
Asia (FAO),,2011,28999496616
Asia (FAO),,2012,30581701621
Asia (FAO),,2013,30773216194
Asia (FAO),,2014,31522405815
Asia (FAO),,2015,32684747468
Asia (FAO),,2016,33551096977
Asia (FAO),,2017,36229171131
Asia (FAO),,2018,36894611439
Asia (FAO),,2019,37672512755
Asia (FAO),,2020,38193720412
Asia (FAO),,2021,38508381111
Asia (FAO),,2022,39593366499
Australia,AUS,1961,76404599
Australia,AUS,1962,78514702
Australia,AUS,1963,80510400
Australia,AUS,1964,86794535
Australia,AUS,1965,97415499
Australia,AUS,1966,102275014
Australia,AUS,1967,114404626
Australia,AUS,1968,129963148
Australia,AUS,1969,128794955
Australia,AUS,1970,145326773
Australia,AUS,1971,169161308
Australia,AUS,1972,188046008
Australia,AUS,1973,178620052
Australia,AUS,1974,187789334
Australia,AUS,1975,186576019
Australia,AUS,1976,201407676
Australia,AUS,1977,213267596
Australia,AUS,1978,232965237
Australia,AUS,1979,242554107
Australia,AUS,1980,279472035
Australia,AUS,1981,279164700
Australia,AUS,1982,258988004
Australia,AUS,1983,282319208
Australia,AUS,1984,265407318
Australia,AUS,1985,296722627
Australia,AUS,1986,314623680
Australia,AUS,1987,328049708
Australia,AUS,1988,331364908
Australia,AUS,1989,323583377
Australia,AUS,1990,340422892
Australia,AUS,1991,341102996
Australia,AUS,1992,351243500
Australia,AUS,1993,358675304
Australia,AUS,1994,383133600
Australia,AUS,1995,384451500
Australia,AUS,1996,387120000
Australia,AUS,1997,408767300
Australia,AUS,1998,428342272
Australia,AUS,1999,416255700
Australia,AUS,2000,452606000
Australia,AUS,2001,455019515
Australia,AUS,2002,482931505
Australia,AUS,2003,472779729
Australia,AUS,2004,486175988
Australia,AUS,2005,484790496
Australia,AUS,2006,502177127
Australia,AUS,2007,523163676
Australia,AUS,2008,522890527
Australia,AUS,2009,529162698
Australia,AUS,2010,566791861
Australia,AUS,2011,598010810
Australia,AUS,2012,612829911
Australia,AUS,2013,631867195
Australia,AUS,2014,642345785
Australia,AUS,2015,653429161
Australia,AUS,2016,684212379
Australia,AUS,2017,709894557
Australia,AUS,2018,697198703
Australia,AUS,2019,713094235
Australia,AUS,2020,712372742
Australia,AUS,2021,730675668
Australia,AUS,2022,752493045
Austria,AUT,1961,18250180
Austria,AUT,1962,26632495
Austria,AUT,1963,28342953
Austria,AUT,1964,32551180
Austria,AUT,1965,28064159
Austria,AUT,1966,31943341
Austria,AUT,1967,32511961
Austria,AUT,1968,32941481
Austria,AUT,1969,34370320
Austria,AUT,1970,37122191
Austria,AUT,1971,40725668
Austria,AUT,1972,41201058
Austria,AUT,1973,44654476
Austria,AUT,1974,42969768
Austria,AUT,1975,43775475
Austria,AUT,1976,48110592
Austria,AUT,1977,50738364
Austria,AUT,1978,53155787
Austria,AUT,1979,55198391
Austria,AUT,1980,55403630
Austria,AUT,1981,56991334
Austria,AUT,1982,55309614
Austria,AUT,1983,58236507
Austria,AUT,1984,60265196
Austria,AUT,1985,59531173
Austria,AUT,1986,63159813
Austria,AUT,1987,63894768
Austria,AUT,1988,62970905
Austria,AUT,1989,62422473
Austria,AUT,1990,63240919
Austria,AUT,1991,65827644
Austria,AUT,1992,67901686
Austria,AUT,1993,69806011
Austria,AUT,1994,77669908
Austria,AUT,1995,69244034
Austria,AUT,1996,70442471
Austria,AUT,1997,72408108
Austria,AUT,1998,70907380
Austria,AUT,1999,70695572
Austria,AUT,2000,72742458
Austria,AUT,2001,71916687
Austria,AUT,2002,71028341
Austria,AUT,2003,71595924
Austria,AUT,2004,73319401
Austria,AUT,2005,73403450
Austria,AUT,2006,70562104
Austria,AUT,2007,77912425
Austria,AUT,2008,78832002
Austria,AUT,2009,81243779
Austria,AUT,2010,87531169
Austria,AUT,2011,90213542
Austria,AUT,2012,87426821
Austria,AUT,2013,86391222
Austria,AUT,2014,89808698
Austria,AUT,2015,91415721
Austria,AUT,2016,97288288
Austria,AUT,2017,97364875
Austria,AUT,2018,93483628
Austria,AUT,2019,98606564
Austria,AUT,2020,104050110
Austria,AUT,2021,106437440
Azerbaijan,AZE,1992,26049000
Azerbaijan,AZE,1993,17932000
Azerbaijan,AZE,1994,15691000
Azerbaijan,AZE,1995,12742000
Azerbaijan,AZE,1996,14000600
Azerbaijan,AZE,1997,14671400
Azerbaijan,AZE,1998,15492300
Azerbaijan,AZE,1999,14955800
Azerbaijan,AZE,2000,15938800
Azerbaijan,AZE,2001,18000100
Azerbaijan,AZE,2002,22876100
Azerbaijan,AZE,2003,27382600
Azerbaijan,AZE,2004,32180900
Azerbaijan,AZE,2005,34513100
Azerbaijan,AZE,2006,36358400
Azerbaijan,AZE,2007,44174100
Azerbaijan,AZE,2008,50892000
Azerbaijan,AZE,2009,62007600
Azerbaijan,AZE,2010,60624500
Azerbaijan,AZE,2011,66655600
Azerbaijan,AZE,2012,79212912
Azerbaijan,AZE,2013,85752500
Azerbaijan,AZE,2014,89816989
Azerbaijan,AZE,2015,88232800
Azerbaijan,AZE,2016,87334900
Azerbaijan,AZE,2017,95114845
Azerbaijan,AZE,2018,99155090
Azerbaijan,AZE,2019,101996420
Azerbaijan,AZE,2020,105010979
Azerbaijan,AZE,2021,112699758
Azerbaijan,AZE,2022,117698530
Bahamas,BHS,1961,675810
Bahamas,BHS,1962,716100
Bahamas,BHS,1963,816350
Bahamas,BHS,1964,916830
Bahamas,BHS,1965,1116830
Bahamas,BHS,1966,1367080
Bahamas,BHS,1967,1517200
Bahamas,BHS,1968,2218050
Bahamas,BHS,1969,3017300
Bahamas,BHS,1970,3316950
Bahamas,BHS,1971,3416150
Bahamas,BHS,1972,3915450
Bahamas,BHS,1973,3589550
Bahamas,BHS,1974,4083800
Bahamas,BHS,1975,3773190
Bahamas,BHS,1976,4332770
Bahamas,BHS,1977,4012300
Bahamas,BHS,1978,4211870
Bahamas,BHS,1979,3911760
Bahamas,BHS,1980,7011770
Bahamas,BHS,1981,6411400
Bahamas,BHS,1982,6111200
Bahamas,BHS,1983,6110920
Bahamas,BHS,1984,7210740
Bahamas,BHS,1985,6310560
Bahamas,BHS,1986,7110490
Bahamas,BHS,1987,7110350
Bahamas,BHS,1988,7110240
Bahamas,BHS,1989,4410190
Bahamas,BHS,1990,4810190
Bahamas,BHS,1991,5410120
Bahamas,BHS,1992,4309840
Bahamas,BHS,1993,4009750
Bahamas,BHS,1994,3659322
Bahamas,BHS,1995,6210220
Bahamas,BHS,1996,7310955
Bahamas,BHS,1997,8040955
Bahamas,BHS,1998,8860905
Bahamas,BHS,1999,7907477
Bahamas,BHS,2000,5610069
Bahamas,BHS,2001,5713320
Bahamas,BHS,2002,5913680
Bahamas,BHS,2003,6674060
Bahamas,BHS,2004,6714365
Bahamas,BHS,2005,5384365
Bahamas,BHS,2006,5374105
Bahamas,BHS,2007,5444700
Bahamas,BHS,2008,5464713
Bahamas,BHS,2009,5464712
Bahamas,BHS,2010,5464700
Bahamas,BHS,2011,5464705
Bahamas,BHS,2012,5514989
Bahamas,BHS,2013,5615131
Bahamas,BHS,2014,5337306
Bahamas,BHS,2015,5457220
Bahamas,BHS,2016,5641315
Bahamas,BHS,2017,5475559
Bahamas,BHS,2018,5450103
Bahamas,BHS,2019,5358192
Bahamas,BHS,2020,5421264
Bahamas,BHS,2021,5315326
Bahamas,BHS,2022,5230390
Bahrain,BHR,1961,160100
Bahrain,BHR,1962,171100
Bahrain,BHR,1963,172200
Bahrain,BHR,1964,173200
Bahrain,BHR,1965,171400
Bahrain,BHR,1966,190600
Bahrain,BHR,1967,191600
Bahrain,BHR,1968,212100
Bahrain,BHR,1969,213100
Bahrain,BHR,1970,213100
Bahrain,BHR,1971,574100
Bahrain,BHR,1972,692610
Bahrain,BHR,1973,935260
Bahrain,BHR,1974,1039565
Bahrain,BHR,1975,1540250
Bahrain,BHR,1976,1764250
Bahrain,BHR,1977,2111100
Bahrain,BHR,1978,1428100
Bahrain,BHR,1979,2361000
Bahrain,BHR,1980,3483350
Bahrain,BHR,1981,3293150
Bahrain,BHR,1982,5256350
Bahrain,BHR,1983,3409360
Bahrain,BHR,1984,3420360
Bahrain,BHR,1985,3813070
Bahrain,BHR,1986,2848230
Bahrain,BHR,1987,3262090
Bahrain,BHR,1988,3382695
Bahrain,BHR,1989,3430729
Bahrain,BHR,1990,3236049
Bahrain,BHR,1991,3669398
Bahrain,BHR,1992,4187710
Bahrain,BHR,1993,4014594
Bahrain,BHR,1994,4248753
Bahrain,BHR,1995,4708748
Bahrain,BHR,1996,4485115
Bahrain,BHR,1997,3733053
Bahrain,BHR,1998,4838935
Bahrain,BHR,1999,4778865
Bahrain,BHR,2000,5222179
Bahrain,BHR,2001,5086301
Bahrain,BHR,2002,4597420
Bahrain,BHR,2003,4517920
Bahrain,BHR,2004,4554711
Bahrain,BHR,2005,4825711
Bahrain,BHR,2006,3963720
Bahrain,BHR,2007,4930720
Bahrain,BHR,2008,4814550
Bahrain,BHR,2009,4949550
Bahrain,BHR,2010,5110950
Bahrain,BHR,2011,5156448
Bahrain,BHR,2012,5261752
Bahrain,BHR,2013,5260052
Bahrain,BHR,2014,6397292
Bahrain,BHR,2015,7644512
Bahrain,BHR,2016,8909853
Bahrain,BHR,2017,10321366
Bahrain,BHR,2018,10508454
Bahrain,BHR,2019,10954878
Bahrain,BHR,2020,10706594
Bahrain,BHR,2021,10649694
Bahrain,BHR,2022,11331199
Bangladesh,BGD,1961,29080000
Bangladesh,BGD,1962,34818000
Bangladesh,BGD,1963,40554000
Bangladesh,BGD,1964,46478000
Bangladesh,BGD,1965,53990500
Bangladesh,BGD,1966,62600500
Bangladesh,BGD,1967,68231000
Bangladesh,BGD,1968,73861000
Bangladesh,BGD,1969,79585000
Bangladesh,BGD,1970,86418500
Bangladesh,BGD,1971,80216000
Bangladesh,BGD,1972,74848000
Bangladesh,BGD,1973,70770000
Bangladesh,BGD,1974,70844000
Bangladesh,BGD,1975,71115000
Bangladesh,BGD,1976,71414000
Bangladesh,BGD,1977,62163500
Bangladesh,BGD,1978,93309700
Bangladesh,BGD,1979,99162700
Bangladesh,BGD,1980,74030000
Bangladesh,BGD,1981,78293000
Bangladesh,BGD,1982,82746000
Bangladesh,BGD,1983,87401000
Bangladesh,BGD,1984,87002506
Bangladesh,BGD,1985,95132000
Bangladesh,BGD,1986,100903000
Bangladesh,BGD,1987,106974000
Bangladesh,BGD,1988,113367000
Bangladesh,BGD,1989,119351000
Bangladesh,BGD,1990,127200000
Bangladesh,BGD,1991,132420779
Bangladesh,BGD,1992,140173186
Bangladesh,BGD,1993,150905719
Bangladesh,BGD,1994,159530090
Bangladesh,BGD,1995,171450462
Bangladesh,BGD,1996,157323491
Bangladesh,BGD,1997,165568236
Bangladesh,BGD,1998,170910199
Bangladesh,BGD,1999,179650939
Bangladesh,BGD,2000,191484000
Bangladesh,BGD,2001,201910000
Bangladesh,BGD,2002,214303750
Bangladesh,BGD,2003,225427000
Bangladesh,BGD,2004,236777750
Bangladesh,BGD,2005,248301000
Bangladesh,BGD,2006,264345000
Bangladesh,BGD,2007,279287500
Bangladesh,BGD,2008,283323000
Bangladesh,BGD,2009,294660500
Bangladesh,BGD,2010,303101500
Bangladesh,BGD,2011,313735000
Bangladesh,BGD,2012,322926700
Bangladesh,BGD,2013,326573875
Bangladesh,BGD,2014,339704000
Bangladesh,BGD,2015,348122204
Bangladesh,BGD,2016,357095120
Bangladesh,BGD,2017,366073743
Bangladesh,BGD,2018,374319624
Bangladesh,BGD,2019,380739023
Bangladesh,BGD,2020,393436000
Bangladesh,BGD,2021,403373117
Bangladesh,BGD,2022,413554400
Barbados,BRB,1961,227446
Barbados,BRB,1962,256385
Barbados,BRB,1963,313288
Barbados,BRB,1964,339585
Barbados,BRB,1965,290087
Barbados,BRB,1966,261516
Barbados,BRB,1967,332942
Barbados,BRB,1968,418991
Barbados,BRB,1969,507200
Barbados,BRB,1970,523100
Barbados,BRB,1971,674580
Barbados,BRB,1972,1309800
Barbados,BRB,1973,2059900
Barbados,BRB,1974,2168700
Barbados,BRB,1975,2463900
Barbados,BRB,1976,2666500
Barbados,BRB,1977,3068700
Barbados,BRB,1978,3578600
Barbados,BRB,1979,4370776
Barbados,BRB,1980,4478745
Barbados,BRB,1981,4878615
Barbados,BRB,1982,5577974
Barbados,BRB,1983,5171734
Barbados,BRB,1984,5463575
Barbados,BRB,1985,5262298
Barbados,BRB,1986,6156200
Barbados,BRB,1987,6756000
Barbados,BRB,1988,7854900
Barbados,BRB,1989,8955600
Barbados,BRB,1990,8447491
Barbados,BRB,1991,8346841
Barbados,BRB,1992,7295750
Barbados,BRB,1993,7244350
Barbados,BRB,1994,8093600
Barbados,BRB,1995,9092200
Barbados,BRB,1996,10140050
Barbados,BRB,1997,9737265
Barbados,BRB,1998,9625713
Barbados,BRB,1999,9566240
Barbados,BRB,2000,8845070
Barbados,BRB,2001,9971460
Barbados,BRB,2002,9328775
Barbados,BRB,2003,9613964
Barbados,BRB,2004,11049204
Barbados,BRB,2005,12141700
Barbados,BRB,2006,11118000
Barbados,BRB,2007,12117590
Barbados,BRB,2008,11607020
Barbados,BRB,2009,11701370
Barbados,BRB,2010,11720290
Barbados,BRB,2011,11708960
Barbados,BRB,2012,8748536
Barbados,BRB,2013,8418020
Barbados,BRB,2014,9045862
Barbados,BRB,2015,10125817
Barbados,BRB,2016,9244752
Barbados,BRB,2017,9812933
Barbados,BRB,2018,10221019
Barbados,BRB,2019,10070468
Barbados,BRB,2020,9073201
Barbados,BRB,2021,8422058
Barbados,BRB,2022,9999611
Belarus,BLR,1992,101784000
Belarus,BLR,1993,108884000
Belarus,BLR,1994,81552000
Belarus,BLR,1995,59758000
Belarus,BLR,1996,55329000
Belarus,BLR,1997,61335000
Belarus,BLR,1998,65604000
Belarus,BLR,1999,63381000
Belarus,BLR,2000,66038000
Belarus,BLR,2001,74103500
Belarus,BLR,2002,73730600
Belarus,BLR,2003,75698000
Belarus,BLR,2004,86930000
Belarus,BLR,2005,96597000
Belarus,BLR,2006,128145000
Belarus,BLR,2007,145078800
Belarus,BLR,2008,167084800
Belarus,BLR,2009,190400800
Belarus,BLR,2010,224081200
Belarus,BLR,2011,256285000
Belarus,BLR,2012,301922930
Belarus,BLR,2013,328454477
Belarus,BLR,2014,351944179
Belarus,BLR,2015,376911110
Belarus,BLR,2016,387602874
Belarus,BLR,2017,413125304
Belarus,BLR,2018,421966670
Belarus,BLR,2019,444248635
Belarus,BLR,2020,454964073
Belarus,BLR,2021,427296882
Belarus,BLR,2022,431507045
Belgium,BEL,2000,288912781
Belgium,BEL,2001,275148021
Belgium,BEL,2002,309208560
Belgium,BEL,2003,286938104
Belgium,BEL,2004,314691254
Belgium,BEL,2005,297304644
Belgium,BEL,2006,315117234
Belgium,BEL,2007,281476339
Belgium,BEL,2008,285881509
Belgium,BEL,2009,302205191
Belgium,BEL,2010,321749131
Belgium,BEL,2011,318184275
Belgium,BEL,2012,321574251
Belgium,BEL,2013,304261663
Belgium,BEL,2014,307348687
Belgium,BEL,2015,316716473
Belgium,BEL,2016,318845664
Belgium,BEL,2017,313349567
Belgium,BEL,2018,318035785
Belgium,BEL,2019,307854780
Belgium,BEL,2020,309400730
Belgium,BEL,2021,315089460
Belgium,BEL,2022,309227920
Belgium-Luxembourg (FAO),,1961,72181939
Belgium-Luxembourg (FAO),,1962,82427483
Belgium-Luxembourg (FAO),,1963,82792869
Belgium-Luxembourg (FAO),,1964,86487285
Belgium-Luxembourg (FAO),,1965,92793183
Belgium-Luxembourg (FAO),,1966,95995476
Belgium-Luxembourg (FAO),,1967,100270138
Belgium-Luxembourg (FAO),,1968,96063298
Belgium-Luxembourg (FAO),,1969,97955686
Belgium-Luxembourg (FAO),,1970,106770721
Belgium-Luxembourg (FAO),,1971,110164300
Belgium-Luxembourg (FAO),,1972,108962005
Belgium-Luxembourg (FAO),,1973,110944305
Belgium-Luxembourg (FAO),,1974,112140197
Belgium-Luxembourg (FAO),,1975,108894163
Belgium-Luxembourg (FAO),,1976,113859539
Belgium-Luxembourg (FAO),,1977,111179119
Belgium-Luxembourg (FAO),,1978,103848474
Belgium-Luxembourg (FAO),,1979,109154081
Belgium-Luxembourg (FAO),,1980,108386950
Belgium-Luxembourg (FAO),,1981,106488000
Belgium-Luxembourg (FAO),,1982,112440000
Belgium-Luxembourg (FAO),,1983,111666000
Belgium-Luxembourg (FAO),,1984,109466000
Belgium-Luxembourg (FAO),,1985,122595800
Belgium-Luxembourg (FAO),,1986,131188715
Belgium-Luxembourg (FAO),,1987,133695000
Belgium-Luxembourg (FAO),,1988,136250000
Belgium-Luxembourg (FAO),,1989,134926000
Belgium-Luxembourg (FAO),,1990,142553000
Belgium-Luxembourg (FAO),,1991,147973000
Belgium-Luxembourg (FAO),,1992,166778000
Belgium-Luxembourg (FAO),,1993,185700000
Belgium-Luxembourg (FAO),,1994,198569300
Belgium-Luxembourg (FAO),,1995,223150000
Belgium-Luxembourg (FAO),,1996,239036500
Belgium-Luxembourg (FAO),,1997,238469600
Belgium-Luxembourg (FAO),,1998,267715300
Belgium-Luxembourg (FAO),,1999,261486000
Belize,BLZ,1961,198026
Belize,BLZ,1962,218091
Belize,BLZ,1963,237513
Belize,BLZ,1964,257875
Belize,BLZ,1965,284771
Belize,BLZ,1966,305178
Belize,BLZ,1967,374454
Belize,BLZ,1968,440685
Belize,BLZ,1969,503841
Belize,BLZ,1970,641200
Belize,BLZ,1971,711320
Belize,BLZ,1972,801984
Belize,BLZ,1973,744926
Belize,BLZ,1974,772530
Belize,BLZ,1975,774718
Belize,BLZ,1976,1049980
Belize,BLZ,1977,1160320
Belize,BLZ,1978,1201640
Belize,BLZ,1979,1302160
Belize,BLZ,1980,1452600
Belize,BLZ,1981,1586400
Belize,BLZ,1982,1842102
Belize,BLZ,1983,1985900
Belize,BLZ,1984,2028298
Belize,BLZ,1985,2066727
Belize,BLZ,1986,2315271
Belize,BLZ,1987,3096497
Belize,BLZ,1988,2897639
Belize,BLZ,1989,2522804
Belize,BLZ,1990,3922825
Belize,BLZ,1991,4197336
Belize,BLZ,1992,4795265
Belize,BLZ,1993,2997523
Belize,BLZ,1994,4656137
Belize,BLZ,1995,4460692
Belize,BLZ,1996,4758529
Belize,BLZ,1997,4897580
Belize,BLZ,1998,4839253
Belize,BLZ,1999,5665898
Belize,BLZ,2000,5467656
Belize,BLZ,2001,7857606
Belize,BLZ,2002,9278041
Belize,BLZ,2003,8235080
Belize,BLZ,2004,8651731
Belize,BLZ,2005,8552912
Belize,BLZ,2006,8312905
Belize,BLZ,2007,8519705
Belize,BLZ,2008,8397573
Belize,BLZ,2009,8510876
Belize,BLZ,2010,8657247
Belize,BLZ,2011,8883044
Belize,BLZ,2012,9018846
Belize,BLZ,2013,10044878
Belize,BLZ,2014,10772292
Belize,BLZ,2015,11272347
Belize,BLZ,2016,11751691
Belize,BLZ,2017,11973218
Belize,BLZ,2018,11766447
Belize,BLZ,2019,12122123
Belize,BLZ,2020,10818874
Belize,BLZ,2021,11320977
Belize,BLZ,2022,12040213
Benin,BEN,1961,5346000
Benin,BEN,1962,5374000
Benin,BEN,1963,5441339
Benin,BEN,1964,5576063
Benin,BEN,1965,5709354
Benin,BEN,1966,5799441
Benin,BEN,1967,6042691
Benin,BEN,1968,6309945
Benin,BEN,1969,6647857
Benin,BEN,1970,7268302
Benin,BEN,1971,7978224
Benin,BEN,1972,8602526
Benin,BEN,1973,9504493
Benin,BEN,1974,10304586
Benin,BEN,1975,11223756
Benin,BEN,1976,12250293
Benin,BEN,1977,13073584
Benin,BEN,1978,13998527
Benin,BEN,1979,15317441
Benin,BEN,1980,16460706
Benin,BEN,1981,16887664
Benin,BEN,1982,18947000
Benin,BEN,1983,24035000
Benin,BEN,1984,27090000
Benin,BEN,1985,31121000
Benin,BEN,1986,24905000
Benin,BEN,1987,22917000
Benin,BEN,1988,19880000
Benin,BEN,1989,15887800
Benin,BEN,1990,14390700
Benin,BEN,1991,11928100
Benin,BEN,1992,12406000
Benin,BEN,1993,13407000
Benin,BEN,1994,13982000
Benin,BEN,1995,14461500
Benin,BEN,1996,14739000
Benin,BEN,1997,15008200
Benin,BEN,1998,15216500
Benin,BEN,1999,15376600
Benin,BEN,2000,18257740
Benin,BEN,2001,18266558
Benin,BEN,2002,19306939
Benin,BEN,2003,26990106
Benin,BEN,2004,22367811
Benin,BEN,2005,25129592
Benin,BEN,2006,19128005
Benin,BEN,2007,20212595
Benin,BEN,2008,18826755
Benin,BEN,2009,19339569
Benin,BEN,2010,19961054
Benin,BEN,2011,22425620
Benin,BEN,2012,23130485
Benin,BEN,2013,23843326
Benin,BEN,2014,24590144
Benin,BEN,2015,25357739
Benin,BEN,2016,26149654
Benin,BEN,2017,26975834
Benin,BEN,2018,27817274
Benin,BEN,2019,28692651
Benin,BEN,2020,19978374
Benin,BEN,2021,19448350
Benin,BEN,2022,20124398
Bhutan,BTN,1961,125200
Bhutan,BTN,1962,131700
Bhutan,BTN,1963,139350
Bhutan,BTN,1964,143650
Bhutan,BTN,1965,148780
Bhutan,BTN,1966,153580
Bhutan,BTN,1967,160340
Bhutan,BTN,1968,164900
Bhutan,BTN,1969,172350
Bhutan,BTN,1970,179570
Bhutan,BTN,1971,186620
Bhutan,BTN,1972,194960
Bhutan,BTN,1973,207400
Bhutan,BTN,1974,218650
Bhutan,BTN,1975,237030
Bhutan,BTN,1976,260300
Bhutan,BTN,1977,283600
Bhutan,BTN,1978,304420
Bhutan,BTN,1979,323480
Bhutan,BTN,1980,352070
Bhutan,BTN,1981,367370
Bhutan,BTN,1982,382270
Bhutan,BTN,1983,399280
Bhutan,BTN,1984,427000
Bhutan,BTN,1985,453070
Bhutan,BTN,1986,467460
Bhutan,BTN,1987,495850
Bhutan,BTN,1988,512830
Bhutan,BTN,1989,487820
Bhutan,BTN,1990,479300
Bhutan,BTN,1991,437920
Bhutan,BTN,1992,332800
Bhutan,BTN,1993,364500
Bhutan,BTN,1994,380050
Bhutan,BTN,1995,422300
Bhutan,BTN,1996,411285
Bhutan,BTN,1997,419502
Bhutan,BTN,1998,489240
Bhutan,BTN,1999,612306
Bhutan,BTN,2000,482306
Bhutan,BTN,2001,475100
Bhutan,BTN,2002,464910
Bhutan,BTN,2003,433638
Bhutan,BTN,2004,463870
Bhutan,BTN,2005,433845
Bhutan,BTN,2006,427448
Bhutan,BTN,2007,428157
Bhutan,BTN,2008,430461
Bhutan,BTN,2009,426916
Bhutan,BTN,2010,547151
Bhutan,BTN,2011,564317
Bhutan,BTN,2012,974679
Bhutan,BTN,2013,761003
Bhutan,BTN,2014,779802
Bhutan,BTN,2015,870807
Bhutan,BTN,2016,1345025
Bhutan,BTN,2017,1348687
Bhutan,BTN,2018,1791988
Bhutan,BTN,2019,1126790
Bhutan,BTN,2020,2148889
Bhutan,BTN,2021,2159907
Bhutan,BTN,2022,948214
Bolivia,BOL,1961,23855300
Bolivia,BOL,1962,23976276
Bolivia,BOL,1963,24363936
Bolivia,BOL,1964,24353520
Bolivia,BOL,1965,24376221
Bolivia,BOL,1966,26482800
Bolivia,BOL,1967,27435100
Bolivia,BOL,1968,28476500
Bolivia,BOL,1969,29460600
Bolivia,BOL,1970,30857580
Bolivia,BOL,1971,33138870
Bolivia,BOL,1972,34266960
Bolivia,BOL,1973,35258350
Bolivia,BOL,1974,35369650
Bolivia,BOL,1975,41466917
Bolivia,BOL,1976,42859343
Bolivia,BOL,1977,45953316
Bolivia,BOL,1978,44267063
Bolivia,BOL,1979,43696200
Bolivia,BOL,1980,43240716
Bolivia,BOL,1981,42063080
Bolivia,BOL,1982,38642067
Bolivia,BOL,1983,37329199
Bolivia,BOL,1984,35631167
Bolivia,BOL,1985,35711962
Bolivia,BOL,1986,35626732
Bolivia,BOL,1987,36340977
Bolivia,BOL,1988,44903722
Bolivia,BOL,1989,49387082
Bolivia,BOL,1990,56719343
Bolivia,BOL,1991,63947319
Bolivia,BOL,1992,65566384
Bolivia,BOL,1993,81016321
Bolivia,BOL,1994,94110067
Bolivia,BOL,1995,101303018
Bolivia,BOL,1996,106485583
Bolivia,BOL,1997,114535914
Bolivia,BOL,1998,131666574
Bolivia,BOL,1999,133181571
Bolivia,BOL,2000,130364417
Bolivia,BOL,2001,125814500
Bolivia,BOL,2002,131783000
Bolivia,BOL,2003,132403000
Bolivia,BOL,2004,142583000
Bolivia,BOL,2005,171087000
Bolivia,BOL,2006,172163000
Bolivia,BOL,2007,181340000
Bolivia,BOL,2008,193271000
Bolivia,BOL,2009,198127350
Bolivia,BOL,2010,201993604
Bolivia,BOL,2011,199170325
Bolivia,BOL,2012,192598793
Bolivia,BOL,2013,195181508
Bolivia,BOL,2014,197555054
Bolivia,BOL,2015,203315476
Bolivia,BOL,2016,200903319
Bolivia,BOL,2017,192924869
Bolivia,BOL,2018,193874232
Bolivia,BOL,2019,191530137
Bolivia,BOL,2020,187662853
Bolivia,BOL,2021,184574914
Bolivia,BOL,2022,181479072
Bosnia and Herzegovina,BIH,1992,11431000
Bosnia and Herzegovina,BIH,1993,9301000
Bosnia and Herzegovina,BIH,1994,8360000
Bosnia and Herzegovina,BIH,1995,9419000
Bosnia and Herzegovina,BIH,1996,9858000
Bosnia and Herzegovina,BIH,1997,6094000
Bosnia and Herzegovina,BIH,1998,3493000
Bosnia and Herzegovina,BIH,1999,5192000
Bosnia and Herzegovina,BIH,2000,5533400
Bosnia and Herzegovina,BIH,2001,4771900
Bosnia and Herzegovina,BIH,2002,7823700
Bosnia and Herzegovina,BIH,2003,9656800
Bosnia and Herzegovina,BIH,2004,12112512
Bosnia and Herzegovina,BIH,2005,8929434
Bosnia and Herzegovina,BIH,2006,11056247
Bosnia and Herzegovina,BIH,2007,15329291
Bosnia and Herzegovina,BIH,2008,21684048
Bosnia and Herzegovina,BIH,2009,24427957
Bosnia and Herzegovina,BIH,2010,27447835
Bosnia and Herzegovina,BIH,2011,32889474
Bosnia and Herzegovina,BIH,2012,37833863
Bosnia and Herzegovina,BIH,2013,28614978
Bosnia and Herzegovina,BIH,2014,28529394
Bosnia and Herzegovina,BIH,2015,31682257
Bosnia and Herzegovina,BIH,2016,37857364
Bosnia and Herzegovina,BIH,2017,40064864
Bosnia and Herzegovina,BIH,2018,40529090
Bosnia and Herzegovina,BIH,2019,42875019
Bosnia and Herzegovina,BIH,2020,41677974
Bosnia and Herzegovina,BIH,2021,40713201
Bosnia and Herzegovina,BIH,2022,43779747
Botswana,BWA,1961,810850
Botswana,BWA,1962,867600
Botswana,BWA,1963,931100
Botswana,BWA,1964,997300
Botswana,BWA,1965,1072900
Botswana,BWA,1966,1106200
Botswana,BWA,1967,1102550
Botswana,BWA,1968,1146327
Botswana,BWA,1969,1140649
Botswana,BWA,1970,1302000
Botswana,BWA,1971,1130126
Botswana,BWA,1972,1375837
Botswana,BWA,1973,1413700
Botswana,BWA,1974,1467900
Botswana,BWA,1975,1515000
Botswana,BWA,1976,1619987
Botswana,BWA,1977,1727850
Botswana,BWA,1978,1786346
Botswana,BWA,1979,1925061
Botswana,BWA,1980,1932283
Botswana,BWA,1981,2171994
Botswana,BWA,1982,2457135
Botswana,BWA,1983,2506521
Botswana,BWA,1984,2929080
Botswana,BWA,1985,3718610
Botswana,BWA,1986,4004781
Botswana,BWA,1987,3588406
Botswana,BWA,1988,4229539
Botswana,BWA,1989,5489301
Botswana,BWA,1990,6071155
Botswana,BWA,1991,6512664
Botswana,BWA,1992,5306430
Botswana,BWA,1993,4141504
Botswana,BWA,1994,6634295
Botswana,BWA,1995,11255585
Botswana,BWA,1996,5173155
Botswana,BWA,1997,6023493
Botswana,BWA,1998,5848945
Botswana,BWA,1999,5684802
Botswana,BWA,2000,5597709
Botswana,BWA,2001,5531052
Botswana,BWA,2002,5382000
Botswana,BWA,2003,5315848
Botswana,BWA,2004,5445500
Botswana,BWA,2005,5463000
Botswana,BWA,2006,5392000
Botswana,BWA,2007,5369000
Botswana,BWA,2008,5406900
Botswana,BWA,2009,5360527
Botswana,BWA,2010,6564750
Botswana,BWA,2011,5813850
Botswana,BWA,2012,4749000
Botswana,BWA,2013,4499940
Botswana,BWA,2014,4280599
Botswana,BWA,2015,3470021
Botswana,BWA,2016,4093456
Botswana,BWA,2017,3298737
Botswana,BWA,2018,3662851
Botswana,BWA,2019,3655707
Botswana,BWA,2020,3622234
Botswana,BWA,2021,3490143
Botswana,BWA,2022,3534247
Brazil,BRA,1961,148230000
Brazil,BRA,1962,156669000
Brazil,BRA,1963,184838000
Brazil,BRA,1964,194549000
Brazil,BRA,1965,243160000
Brazil,BRA,1966,259959000
Brazil,BRA,1967,290530000
Brazil,BRA,1968,312556000
Brazil,BRA,1969,324834000
Brazil,BRA,1970,367439000
Brazil,BRA,1971,369176000
Brazil,BRA,1972,420513250
Brazil,BRA,1973,498314000
Brazil,BRA,1974,520928000
Brazil,BRA,1975,525049076
Brazil,BRA,1976,589868522
Brazil,BRA,1977,676674308
Brazil,BRA,1978,822820206
Brazil,BRA,1979,1040771814
Brazil,BRA,1980,1293243006
Brazil,BRA,1981,1291162225
Brazil,BRA,1982,1377469074
Brazil,BRA,1983,1366217827
Brazil,BRA,1984,1184146027
Brazil,BRA,1985,1294266817
Brazil,BRA,1986,1404808482
Brazil,BRA,1987,1538812340
Brazil,BRA,1988,1519642682
Brazil,BRA,1989,1565961144
Brazil,BRA,1990,1814838273
Brazil,BRA,1991,2024931282
Brazil,BRA,1992,2213629707
Brazil,BRA,1993,2408567691
Brazil,BRA,1994,2617348526
Brazil,BRA,1995,3082402798
Brazil,BRA,1996,3078845082
Brazil,BRA,1997,2921073000
Brazil,BRA,1998,2949482000
Brazil,BRA,1999,3250686500
Brazil,BRA,2000,3355710000
Brazil,BRA,2001,3585765000
Brazil,BRA,2002,3928383600
Brazil,BRA,2003,4020704000
Brazil,BRA,2004,4395499000
Brazil,BRA,2005,4814468000
Brazil,BRA,2006,4697327100
Brazil,BRA,2007,5279278600
Brazil,BRA,2008,5593703200
Brazil,BRA,2009,5684862200
Brazil,BRA,2010,5108294200
Brazil,BRA,2011,5405206000
Brazil,BRA,2012,5376243296
Brazil,BRA,2013,5520873096
Brazil,BRA,2014,5619784738
Brazil,BRA,2015,5919866329
Brazil,BRA,2016,5990099492
Brazil,BRA,2017,5976763165
Brazil,BRA,2018,5815279910
Brazil,BRA,2019,5924356481
Brazil,BRA,2020,6075415475
Brazil,BRA,2021,6235172364
Brazil,BRA,2022,6240361921
Brunei,BRN,1961,393730
Brunei,BRN,1962,477420
Brunei,BRN,1963,497880
Brunei,BRN,1964,500200
Brunei,BRN,1965,701365
Brunei,BRN,1966,986355
Brunei,BRN,1967,936670
Brunei,BRN,1968,1030310
Brunei,BRN,1969,1133045
Brunei,BRN,1970,1239432
Brunei,BRN,1971,1844844
Brunei,BRN,1972,1420459
Brunei,BRN,1973,2121375
Brunei,BRN,1974,1720465
Brunei,BRN,1975,2449433
Brunei,BRN,1976,2621490
Brunei,BRN,1977,2720954
Brunei,BRN,1978,2317010
Brunei,BRN,1979,2622149
Brunei,BRN,1980,3721074
Brunei,BRN,1981,5032546
Brunei,BRN,1982,5941597
Brunei,BRN,1983,6319828
Brunei,BRN,1984,5545985
Brunei,BRN,1985,6445025
Brunei,BRN,1986,6639125
Brunei,BRN,1987,4031765
Brunei,BRN,1988,2817285
Brunei,BRN,1989,2825620
Brunei,BRN,1990,3454755
Brunei,BRN,1991,4300225
Brunei,BRN,1992,4776680
Brunei,BRN,1993,4761120
Brunei,BRN,1994,4987840
Brunei,BRN,1995,4717150
Brunei,BRN,1996,4701950
Brunei,BRN,1997,6356100
Brunei,BRN,1998,8189400
Brunei,BRN,1999,11129000
Brunei,BRN,2000,13073920
Brunei,BRN,2001,15575900
Brunei,BRN,2002,14156400
Brunei,BRN,2003,15705700
Brunei,BRN,2004,11924500
Brunei,BRN,2005,10479670
Brunei,BRN,2006,12149150
Brunei,BRN,2007,12959000
Brunei,BRN,2008,13233750
Brunei,BRN,2009,13263690
Brunei,BRN,2010,13997430
Brunei,BRN,2011,15552550
Brunei,BRN,2012,16181097
Brunei,BRN,2013,17950326
Brunei,BRN,2014,16186232
Brunei,BRN,2015,15720746
Brunei,BRN,2016,16513066
Brunei,BRN,2017,15733666
Brunei,BRN,2018,17137212
Brunei,BRN,2019,16586154
Brunei,BRN,2020,17762325
Brunei,BRN,2021,20563916
Brunei,BRN,2022,20610072
Bulgaria,BGR,1961,43529400
Bulgaria,BGR,1962,41470080
Bulgaria,BGR,1963,39960240
Bulgaria,BGR,1964,44078020
Bulgaria,BGR,1965,47499500
Bulgaria,BGR,1966,51165284
Bulgaria,BGR,1967,62186659
Bulgaria,BGR,1968,69544165
Bulgaria,BGR,1969,75437287
Bulgaria,BGR,1970,86467567
Bulgaria,BGR,1971,102882148
Bulgaria,BGR,1972,100801032
Bulgaria,BGR,1973,104887521
Bulgaria,BGR,1974,119955135
Bulgaria,BGR,1975,120602612
Bulgaria,BGR,1976,124617345
Bulgaria,BGR,1977,143213035
Bulgaria,BGR,1978,157332144
Bulgaria,BGR,1979,156863498
Bulgaria,BGR,1980,147838338
Bulgaria,BGR,1981,149468727
Bulgaria,BGR,1982,155811160
Bulgaria,BGR,1983,158765889
Bulgaria,BGR,1984,163992827
Bulgaria,BGR,1985,153772694
Bulgaria,BGR,1986,183154722
Bulgaria,BGR,1987,186598470
Bulgaria,BGR,1988,174591943
Bulgaria,BGR,1989,192329517
Bulgaria,BGR,1990,174641698
Bulgaria,BGR,1991,96501000
Bulgaria,BGR,1992,86360122
Bulgaria,BGR,1993,79055090
Bulgaria,BGR,1994,70943439
Bulgaria,BGR,1995,74665447
Bulgaria,BGR,1996,78756851
Bulgaria,BGR,1997,78626727
Bulgaria,BGR,1998,81240633
Bulgaria,BGR,1999,78126782
Bulgaria,BGR,2000,78467809
Bulgaria,BGR,2001,78324300
Bulgaria,BGR,2002,84617160
Bulgaria,BGR,2003,49291143
Bulgaria,BGR,2004,54665885
Bulgaria,BGR,2005,63975162
Bulgaria,BGR,2006,67510761
Bulgaria,BGR,2007,73548431
Bulgaria,BGR,2008,67740244
Bulgaria,BGR,2009,80575789
Bulgaria,BGR,2010,65129754
Bulgaria,BGR,2011,60835322
Bulgaria,BGR,2012,62210651
Bulgaria,BGR,2013,57160613
Bulgaria,BGR,2014,58287587
Bulgaria,BGR,2015,60827024
Bulgaria,BGR,2016,61644233
Bulgaria,BGR,2017,60771399
Bulgaria,BGR,2018,60027880
Bulgaria,BGR,2019,59174490
Bulgaria,BGR,2020,52799410
Bulgaria,BGR,2021,59051380
Bulgaria,BGR,2022,58528770
Burkina Faso,BFA,1961,9280900
Burkina Faso,BFA,1962,8984900
Burkina Faso,BFA,1963,9034330
Burkina Faso,BFA,1964,8926670
Burkina Faso,BFA,1965,8278750
Burkina Faso,BFA,1966,8925966
Burkina Faso,BFA,1967,9690863
Burkina Faso,BFA,1968,9363986
Burkina Faso,BFA,1969,10323974
Burkina Faso,BFA,1970,10498400
Burkina Faso,BFA,1971,10643400
Burkina Faso,BFA,1972,10579400
Burkina Faso,BFA,1973,10578400
Burkina Faso,BFA,1974,10168400
Burkina Faso,BFA,1975,10762400
Burkina Faso,BFA,1976,12785400
Burkina Faso,BFA,1977,12044900
Burkina Faso,BFA,1978,11229400
Burkina Faso,BFA,1979,11887400
Burkina Faso,BFA,1980,13276400
Burkina Faso,BFA,1981,14050400
Burkina Faso,BFA,1982,15641400
Burkina Faso,BFA,1983,17563400
Burkina Faso,BFA,1984,17286400
Burkina Faso,BFA,1985,19353400
Burkina Faso,BFA,1986,21530400
Burkina Faso,BFA,1987,23734400
Burkina Faso,BFA,1988,25876400
Burkina Faso,BFA,1989,26303400
Burkina Faso,BFA,1990,28171019
Burkina Faso,BFA,1991,80987963
Burkina Faso,BFA,1992,83298598
Burkina Faso,BFA,1993,80031022
Burkina Faso,BFA,1994,84251318
Burkina Faso,BFA,1995,86096781
Burkina Faso,BFA,1996,84345610
Burkina Faso,BFA,1997,87234828
Burkina Faso,BFA,1998,90292652
Burkina Faso,BFA,1999,93491030
Burkina Faso,BFA,2000,96805056
Burkina Faso,BFA,2001,107532102
Burkina Faso,BFA,2002,103530767
Burkina Faso,BFA,2003,107232117
Burkina Faso,BFA,2004,110432409
Burkina Faso,BFA,2005,125877432
Burkina Faso,BFA,2006,131346609
Burkina Faso,BFA,2007,139936738
Burkina Faso,BFA,2008,154095311
Burkina Faso,BFA,2009,161385169
Burkina Faso,BFA,2010,170412422
Burkina Faso,BFA,2011,177354443
Burkina Faso,BFA,2012,143709287
Burkina Faso,BFA,2013,154102208
Burkina Faso,BFA,2014,158302262
Burkina Faso,BFA,2015,162561979
Burkina Faso,BFA,2016,165407968
Burkina Faso,BFA,2017,169540754
Burkina Faso,BFA,2018,173375916
Burkina Faso,BFA,2019,183701566
Burkina Faso,BFA,2020,133328815
Burkina Faso,BFA,2021,142200090
Burkina Faso,BFA,2022,161930821
Burundi,BDI,1961,1897150
Burundi,BDI,1962,2035670
Burundi,BDI,1963,2169660
Burundi,BDI,1964,2379020
Burundi,BDI,1965,2550200
Burundi,BDI,1966,2723000
Burundi,BDI,1967,2961823
Burundi,BDI,1968,3202200
Burundi,BDI,1969,3306600
Burundi,BDI,1970,3459000
Burundi,BDI,1971,3626100
Burundi,BDI,1972,3819700
Burundi,BDI,1973,3983000
Burundi,BDI,1974,4143500
Burundi,BDI,1975,4311500
Burundi,BDI,1976,4474200
Burundi,BDI,1977,4576900
Burundi,BDI,1978,4726700
Burundi,BDI,1979,4898500
Burundi,BDI,1980,5096200
Burundi,BDI,1981,5238900
Burundi,BDI,1982,5390800
Burundi,BDI,1983,5457600
Burundi,BDI,1984,5620000
Burundi,BDI,1985,5757900
Burundi,BDI,1986,5949000
Burundi,BDI,1987,6267300
Burundi,BDI,1988,6650500
Burundi,BDI,1989,7225000
Burundi,BDI,1990,7457000
Burundi,BDI,1991,7901000
Burundi,BDI,1992,8237000
Burundi,BDI,1993,8473150
Burundi,BDI,1994,8229000
Burundi,BDI,1995,8078000
Burundi,BDI,1996,7971000
Burundi,BDI,1997,7720500
Burundi,BDI,1998,8134000
Burundi,BDI,1999,7692000
Burundi,BDI,2000,6841570
Burundi,BDI,2001,7146817
Burundi,BDI,2002,6831741
Burundi,BDI,2003,5823922
Burundi,BDI,2004,5655503
Burundi,BDI,2005,4148969
Burundi,BDI,2006,4140326
Burundi,BDI,2007,5260957
Burundi,BDI,2008,6212189
Burundi,BDI,2009,6363618
Burundi,BDI,2010,6779566
Burundi,BDI,2011,9789444
Burundi,BDI,2012,9483482
Burundi,BDI,2013,6383393
Burundi,BDI,2014,8303155
Burundi,BDI,2015,8191461
Burundi,BDI,2016,8313718
Burundi,BDI,2017,8815305
Burundi,BDI,2018,10791810
Burundi,BDI,2019,10835359
Burundi,BDI,2020,9289647
Burundi,BDI,2021,9531902
Burundi,BDI,2022,9615630
Cambodia,KHM,1961,4066000
Cambodia,KHM,1962,4381000
Cambodia,KHM,1963,4281500
Cambodia,KHM,1964,5127250
Cambodia,KHM,1965,6001500
Cambodia,KHM,1966,6150100
Cambodia,KHM,1967,6656600
Cambodia,KHM,1968,7589300
Cambodia,KHM,1969,8186300
Cambodia,KHM,1970,8404000
Cambodia,KHM,1971,8501000
Cambodia,KHM,1972,8742000
Cambodia,KHM,1973,8845000
Cambodia,KHM,1974,8578000
Cambodia,KHM,1975,8278000
Cambodia,KHM,1976,8045000
Cambodia,KHM,1977,8494000
Cambodia,KHM,1978,7665000
Cambodia,KHM,1979,6801500
Cambodia,KHM,1980,5306800
Cambodia,KHM,1981,6299400
Cambodia,KHM,1982,9608000
Cambodia,KHM,1983,9433000
Cambodia,KHM,1984,10849000
Cambodia,KHM,1985,12893000
Cambodia,KHM,1986,14355000
Cambodia,KHM,1987,14448000
Cambodia,KHM,1988,17917000
Cambodia,KHM,1989,17350000
Cambodia,KHM,1990,16463000
Cambodia,KHM,1991,17608000
Cambodia,KHM,1992,19833000
Cambodia,KHM,1993,21213900
Cambodia,KHM,1994,20193000
Cambodia,KHM,1995,20229000
Cambodia,KHM,1996,22430000
Cambodia,KHM,1997,23857000
Cambodia,KHM,1998,24718000
Cambodia,KHM,1999,25871000
Cambodia,KHM,2000,26547500
Cambodia,KHM,2001,27495000
Cambodia,KHM,2002,26656000
Cambodia,KHM,2003,26596000
Cambodia,KHM,2004,26767500
Cambodia,KHM,2005,26439000
Cambodia,KHM,2006,26035000
Cambodia,KHM,2007,26473000
Cambodia,KHM,2008,27335000
Cambodia,KHM,2009,31403500
Cambodia,KHM,2010,27985200
Cambodia,KHM,2011,27786500
Cambodia,KHM,2012,27660000
Cambodia,KHM,2013,26402973
Cambodia,KHM,2014,26481041
Cambodia,KHM,2015,25825469
Cambodia,KHM,2016,26263972
Cambodia,KHM,2017,26618679
Cambodia,KHM,2018,26706267
Cambodia,KHM,2019,26869727
Cambodia,KHM,2020,26144010
Cambodia,KHM,2021,25565757
Cambodia,KHM,2022,25132198
Cameroon,CMR,1961,4537600
Cameroon,CMR,1962,4757400
Cameroon,CMR,1963,5299700
Cameroon,CMR,1964,6808000
Cameroon,CMR,1965,7324400
Cameroon,CMR,1966,8542000
Cameroon,CMR,1967,9519400
Cameroon,CMR,1968,10204300
Cameroon,CMR,1969,11467500
Cameroon,CMR,1970,11554700
Cameroon,CMR,1971,11591500
Cameroon,CMR,1972,11575800
Cameroon,CMR,1973,12019697
Cameroon,CMR,1974,12365000
Cameroon,CMR,1975,11793500
Cameroon,CMR,1976,12746700
Cameroon,CMR,1977,13181800
Cameroon,CMR,1978,13728600
Cameroon,CMR,1979,14146600
Cameroon,CMR,1980,11771800
Cameroon,CMR,1981,10245190
Cameroon,CMR,1982,10243200
Cameroon,CMR,1983,11900500
Cameroon,CMR,1984,16440500
Cameroon,CMR,1985,16087917
Cameroon,CMR,1986,18863271
Cameroon,CMR,1987,19667558
Cameroon,CMR,1988,22593703
Cameroon,CMR,1989,23129800
Cameroon,CMR,1990,24794800
Cameroon,CMR,1991,26004900
Cameroon,CMR,1992,26529937
Cameroon,CMR,1993,27525205
Cameroon,CMR,1994,29059774
Cameroon,CMR,1995,30091479
Cameroon,CMR,1996,33628206
Cameroon,CMR,1997,37187050
Cameroon,CMR,1998,41342896
Cameroon,CMR,1999,39882903
Cameroon,CMR,2000,30849343
Cameroon,CMR,2001,41899174
Cameroon,CMR,2002,41930685
Cameroon,CMR,2003,41991647
Cameroon,CMR,2004,62011095
Cameroon,CMR,2005,71031624
Cameroon,CMR,2006,80538140
Cameroon,CMR,2007,85323165
Cameroon,CMR,2008,89243211
Cameroon,CMR,2009,84460648
Cameroon,CMR,2010,91076035
Cameroon,CMR,2011,93302566
Cameroon,CMR,2012,92927791
Cameroon,CMR,2013,95182803
Cameroon,CMR,2014,98995962
Cameroon,CMR,2015,100841219
Cameroon,CMR,2016,101477563
Cameroon,CMR,2017,102224872
Cameroon,CMR,2018,93323274
Cameroon,CMR,2019,88724308
Cameroon,CMR,2020,44094190
Cameroon,CMR,2021,102112607
Cameroon,CMR,2022,109313437
Canada,CAN,1961,158196500
Canada,CAN,1962,156975800
Canada,CAN,1963,170979200
Canada,CAN,1964,184475400
Canada,CAN,1965,194475800
Canada,CAN,1966,212720100
Canada,CAN,1967,220117800
Canada,CAN,1968,220402500
Canada,CAN,1969,246910800
Canada,CAN,1970,273455800
Canada,CAN,1971,259031200
Canada,CAN,1972,269055400
Canada,CAN,1973,285780600
Canada,CAN,1974,279812900
Canada,CAN,1975,258647500
Canada,CAN,1976,285563900
Canada,CAN,1977,292452500
Canada,CAN,1978,309738600
Canada,CAN,1979,345372000
Canada,CAN,1980,342132000
Canada,CAN,1981,346766000
Canada,CAN,1982,342893000
Canada,CAN,1983,338805300
Canada,CAN,1984,355460300
Canada,CAN,1985,385558500
Canada,CAN,1986,410608100
Canada,CAN,1987,425982000
Canada,CAN,1988,434107500
Canada,CAN,1989,432239300
Canada,CAN,1990,448469400
Canada,CAN,1991,451684000
Canada,CAN,1992,450683800
Canada,CAN,1993,471399300
Canada,CAN,1994,528361300
Canada,CAN,1995,530326000
Canada,CAN,1996,545656700
Canada,CAN,1997,561170800
Canada,CAN,1998,584779000
Canada,CAN,1999,619636000
Canada,CAN,2000,639691300
Canada,CAN,2001,676196500
Canada,CAN,2002,675903500
Canada,CAN,2003,666016600
Canada,CAN,2004,664730800
Canada,CAN,2005,678219800
Canada,CAN,2006,674173400
Canada,CAN,2007,692222400
Canada,CAN,2008,694237400
Canada,CAN,2009,690413300
Canada,CAN,2010,692487300
Canada,CAN,2011,691032900
Canada,CAN,2012,695745200
Canada,CAN,2013,699780698
Canada,CAN,2014,712112020
Canada,CAN,2015,734279554
Canada,CAN,2016,758022153
Canada,CAN,2017,788839939
Canada,CAN,2018,807708217
Canada,CAN,2019,824082721
Canada,CAN,2020,805901450
Canada,CAN,2021,819806078
Canada,CAN,2022,839759448
Cape Verde,CPV,1961,62875
Cape Verde,CPV,1962,65075
Cape Verde,CPV,1963,67400
Cape Verde,CPV,1964,71050
Cape Verde,CPV,1965,75725
Cape Verde,CPV,1966,80550
Cape Verde,CPV,1967,80975
Cape Verde,CPV,1968,84800
Cape Verde,CPV,1969,85950
Cape Verde,CPV,1970,87500
Cape Verde,CPV,1971,89400
Cape Verde,CPV,1972,90075
Cape Verde,CPV,1973,96475
Cape Verde,CPV,1974,98775
Cape Verde,CPV,1975,104395
Cape Verde,CPV,1976,115525
Cape Verde,CPV,1977,139175
Cape Verde,CPV,1978,191675
Cape Verde,CPV,1979,243705
Cape Verde,CPV,1980,295750
Cape Verde,CPV,1981,353200
Cape Verde,CPV,1982,397128
Cape Verde,CPV,1983,373088
Cape Verde,CPV,1984,469068
Cape Verde,CPV,1985,448443
Cape Verde,CPV,1986,568610
Cape Verde,CPV,1987,597738
Cape Verde,CPV,1988,612000
Cape Verde,CPV,1989,629198
Cape Verde,CPV,1990,644133
Cape Verde,CPV,1991,652783
Cape Verde,CPV,1992,741741
Cape Verde,CPV,1993,782868
Cape Verde,CPV,1994,777149
Cape Verde,CPV,1995,788136
Cape Verde,CPV,1996,719638
Cape Verde,CPV,1997,767340
Cape Verde,CPV,1998,810123
Cape Verde,CPV,1999,892725
Cape Verde,CPV,2000,820375
Cape Verde,CPV,2001,765811
Cape Verde,CPV,2002,754027
Cape Verde,CPV,2003,700464
Cape Verde,CPV,2004,741831
Cape Verde,CPV,2005,781539
Cape Verde,CPV,2006,768580
Cape Verde,CPV,2007,934707
Cape Verde,CPV,2008,954576
Cape Verde,CPV,2009,1033576
Cape Verde,CPV,2010,1096896
Cape Verde,CPV,2011,734002
Cape Verde,CPV,2012,801288
Cape Verde,CPV,2013,929655
Cape Verde,CPV,2014,929338
Cape Verde,CPV,2015,930942
Cape Verde,CPV,2016,929484
Cape Verde,CPV,2017,887351
Cape Verde,CPV,2018,437246
Cape Verde,CPV,2019,587552
Cape Verde,CPV,2020,548723
Cape Verde,CPV,2021,588401
Cape Verde,CPV,2022,563113
Caribbean (FAO),,1961,63739262
Caribbean (FAO),,1962,68874507
Caribbean (FAO),,1963,74551505
Caribbean (FAO),,1964,80699490
Caribbean (FAO),,1965,85198733
Caribbean (FAO),,1966,93208109
Caribbean (FAO),,1967,99322517
Caribbean (FAO),,1968,103996384
Caribbean (FAO),,1969,110113867
Caribbean (FAO),,1970,116437487
Caribbean (FAO),,1971,127197404
Caribbean (FAO),,1972,126575275
Caribbean (FAO),,1973,136225575
Caribbean (FAO),,1974,135333060
Caribbean (FAO),,1975,143200058
Caribbean (FAO),,1976,150967387
Caribbean (FAO),,1977,162822679
Caribbean (FAO),,1978,181056176
Caribbean (FAO),,1979,192932926
Caribbean (FAO),,1980,208835451
Caribbean (FAO),,1981,220133518
Caribbean (FAO),,1982,202962153
Caribbean (FAO),,1983,225856450
Caribbean (FAO),,1984,246951409
Caribbean (FAO),,1985,242651905
Caribbean (FAO),,1986,250607407
Caribbean (FAO),,1987,266039135
Caribbean (FAO),,1988,273676957
Caribbean (FAO),,1989,279682880
Caribbean (FAO),,1990,290938965
Caribbean (FAO),,1991,287120282
Caribbean (FAO),,1992,279673558
Caribbean (FAO),,1993,285368783
Caribbean (FAO),,1994,288906157
Caribbean (FAO),,1995,300232101
Caribbean (FAO),,1996,321850239
Caribbean (FAO),,1997,331448935
Caribbean (FAO),,1998,312929522
Caribbean (FAO),,1999,333831060
Caribbean (FAO),,2000,376643758
Caribbean (FAO),,2001,376936013
Caribbean (FAO),,2002,369101575
Caribbean (FAO),,2003,319402907
Caribbean (FAO),,2004,391285709
Caribbean (FAO),,2005,439654654
Caribbean (FAO),,2006,442970814
Caribbean (FAO),,2007,450782083
Caribbean (FAO),,2008,423513167
Caribbean (FAO),,2009,448245484
Caribbean (FAO),,2010,440703434
Caribbean (FAO),,2011,383548034
Caribbean (FAO),,2012,365230361
Caribbean (FAO),,2013,375848010
Caribbean (FAO),,2014,387888075
Caribbean (FAO),,2015,386234634
Caribbean (FAO),,2016,394127511
Caribbean (FAO),,2017,400704054
Caribbean (FAO),,2018,407712355
Caribbean (FAO),,2019,403662544
Caribbean (FAO),,2020,375059309
Caribbean (FAO),,2021,393586630
Caribbean (FAO),,2022,386316144
Central African Republic,CAF,1961,914000
Central African Republic,CAF,1962,1008000
Central African Republic,CAF,1963,1065000
Central African Republic,CAF,1964,1121000
Central African Republic,CAF,1965,1181000
Central African Republic,CAF,1966,1230800
Central African Republic,CAF,1967,1261500
Central African Republic,CAF,1968,1268200
Central African Republic,CAF,1969,1329300
Central African Republic,CAF,1970,1366000
Central African Republic,CAF,1971,1409200
Central African Republic,CAF,1972,1480400
Central African Republic,CAF,1973,1541000
Central African Republic,CAF,1974,1621300
Central African Republic,CAF,1975,1826500
Central African Republic,CAF,1976,1974000
Central African Republic,CAF,1977,2127000
Central African Republic,CAF,1978,2309000
Central African Republic,CAF,1979,2389000
Central African Republic,CAF,1980,2526280
Central African Republic,CAF,1981,2791000
Central African Republic,CAF,1982,2866000
Central African Republic,CAF,1983,2964335
Central African Republic,CAF,1984,3063000
Central African Republic,CAF,1985,3073180
Central African Republic,CAF,1986,3392800
Central African Republic,CAF,1987,3548880
Central African Republic,CAF,1988,3716000
Central African Republic,CAF,1989,3838000
Central African Republic,CAF,1990,3978200
Central African Republic,CAF,1991,4062700
Central African Republic,CAF,1992,4118900
Central African Republic,CAF,1993,4321300
Central African Republic,CAF,1994,4546000
Central African Republic,CAF,1995,4733000
Central African Republic,CAF,1996,4881000
Central African Republic,CAF,1997,5135000
Central African Republic,CAF,1998,5193000
Central African Republic,CAF,1999,5334000
Central African Republic,CAF,2000,5625000
Central African Republic,CAF,2001,5889000
Central African Republic,CAF,2002,6346000
Central African Republic,CAF,2003,6410000
Central African Republic,CAF,2004,6645000
Central African Republic,CAF,2005,6845000
Central African Republic,CAF,2006,7003000
Central African Republic,CAF,2007,7795000
Central African Republic,CAF,2008,8275000
Central African Republic,CAF,2009,8662000
Central African Republic,CAF,2010,9021500
Central African Republic,CAF,2011,9389000
Central African Republic,CAF,2012,9431000
Central African Republic,CAF,2013,9442000
Central African Republic,CAF,2014,9370912
Central African Republic,CAF,2015,9395058
Central African Republic,CAF,2016,9451143
Central African Republic,CAF,2017,9534590
Central African Republic,CAF,2018,9499916
Central African Republic,CAF,2019,9572812
Central African Republic,CAF,2020,9740216
Central African Republic,CAF,2021,9833249
Central African Republic,CAF,2022,9968410
Central America (FAO),,1961,126860196
Central America (FAO),,1962,138201788
Central America (FAO),,1963,144939472
Central America (FAO),,1964,152731834
Central America (FAO),,1965,165255253
Central America (FAO),,1966,172096059
Central America (FAO),,1967,178524752
Central America (FAO),,1968,184902562
Central America (FAO),,1969,193193581
Central America (FAO),,1970,206140060
Central America (FAO),,1971,219555318
Central America (FAO),,1972,233015324
Central America (FAO),,1973,250394138
Central America (FAO),,1974,270431082
Central America (FAO),,1975,291261275
Central America (FAO),,1976,316844327
Central America (FAO),,1977,339100342
Central America (FAO),,1978,361748207
Central America (FAO),,1979,389848869
Central America (FAO),,1980,430441311
Central America (FAO),,1981,455359559
Central America (FAO),,1982,479591851
Central America (FAO),,1983,504637922
Central America (FAO),,1984,481974122
Central America (FAO),,1985,531767657
Central America (FAO),,1986,656658541
Central America (FAO),,1987,547345785
Central America (FAO),,1988,559541908
Central America (FAO),,1989,559038105
Central America (FAO),,1990,693070027
Central America (FAO),,1991,746442426
Central America (FAO),,1992,813488003
Central America (FAO),,1993,916440898
Central America (FAO),,1994,896723232
Central America (FAO),,1995,1078254077
Central America (FAO),,1996,1154999252
Central America (FAO),,1997,1108070390
Central America (FAO),,1998,1282931298
Central America (FAO),,1999,1372036225
Central America (FAO),,2000,1463786510
Central America (FAO),,2001,1513057106
Central America (FAO),,2002,1647801813
Central America (FAO),,2003,1679652177
Central America (FAO),,2004,1786007167
Central America (FAO),,2005,1899404429
Central America (FAO),,2006,1950023463
Central America (FAO),,2007,1993876307
Central America (FAO),,2008,2008784747
Central America (FAO),,2009,2050530611
Central America (FAO),,2010,2063533368
Central America (FAO),,2011,2127433397
Central America (FAO),,2012,2158313013
Central America (FAO),,2013,2180585934
Central America (FAO),,2014,2226061037
Central America (FAO),,2015,2284014237
Central America (FAO),,2016,2336374855
Central America (FAO),,2017,2437622765
Central America (FAO),,2018,2545475599
Central America (FAO),,2019,2674938274
Central America (FAO),,2020,2744947873
Central America (FAO),,2021,2824262626
Central America (FAO),,2022,2907203723
Central Asia (FAO),,1992,221783792
Central Asia (FAO),,1993,183339283
Central Asia (FAO),,1994,141336595
Central Asia (FAO),,1995,100797705
Central Asia (FAO),,1996,76995109
Central Asia (FAO),,1997,64897799
Central Asia (FAO),,1998,65719744
Central Asia (FAO),,1999,69177639
Central Asia (FAO),,2000,74650849
Central Asia (FAO),,2001,76480499
Central Asia (FAO),,2002,79685086
Central Asia (FAO),,2003,83564584
Central Asia (FAO),,2004,85634026
Central Asia (FAO),,2005,93302608
Central Asia (FAO),,2006,111038403
Central Asia (FAO),,2007,115798429
Central Asia (FAO),,2008,119588863
Central Asia (FAO),,2009,129061626
Central Asia (FAO),,2010,139900610
Central Asia (FAO),,2011,145210357
Central Asia (FAO),,2012,161667753
Central Asia (FAO),,2013,165174912
Central Asia (FAO),,2014,163196189
Central Asia (FAO),,2015,172874158
Central Asia (FAO),,2016,185527301
Central Asia (FAO),,2017,206081573
Central Asia (FAO),,2018,228661270
Central Asia (FAO),,2019,268440232
Central Asia (FAO),,2020,269648767
Central Asia (FAO),,2021,296556783
Central Asia (FAO),,2022,326584233
Chad,TCD,1961,3013750
Chad,TCD,1962,3069750
Chad,TCD,1963,3129750
Chad,TCD,1964,3146750
Chad,TCD,1965,3256750
Chad,TCD,1966,3346350
Chad,TCD,1967,3526350
Chad,TCD,1968,3706350
Chad,TCD,1969,3789350
Chad,TCD,1970,3956725
Chad,TCD,1971,4156875
Chad,TCD,1972,4449750
Chad,TCD,1973,4447750
Chad,TCD,1974,4587875
Chad,TCD,1975,4822500
Chad,TCD,1976,5213270
Chad,TCD,1977,5465050
Chad,TCD,1978,5824425
Chad,TCD,1979,6139810
Chad,TCD,1980,6364205
Chad,TCD,1981,6495800
Chad,TCD,1982,6635475
Chad,TCD,1983,6885530
Chad,TCD,1984,7043605
Chad,TCD,1985,7412523
Chad,TCD,1986,7692894
Chad,TCD,1987,8034630
Chad,TCD,1988,8240250
Chad,TCD,1989,8660043
Chad,TCD,1990,9242635
Chad,TCD,1991,9591617
Chad,TCD,1992,9955631
Chad,TCD,1993,10439735
Chad,TCD,1994,10839973
Chad,TCD,1995,11312209
Chad,TCD,1996,11704439
Chad,TCD,1997,12219720
Chad,TCD,1998,12810602
Chad,TCD,1999,13425942
Chad,TCD,2000,13869842
Chad,TCD,2001,14399409
Chad,TCD,2002,14906884
Chad,TCD,2003,15450133
Chad,TCD,2004,16328611
Chad,TCD,2005,16946734
Chad,TCD,2006,17685473
Chad,TCD,2007,18617627
Chad,TCD,2008,19469439
Chad,TCD,2009,20326784
Chad,TCD,2010,21238749
Chad,TCD,2011,22227603
Chad,TCD,2012,23238439
Chad,TCD,2013,24307928
Chad,TCD,2014,25674456
Chad,TCD,2015,26549684
Chad,TCD,2016,27870880
Chad,TCD,2017,29275125
Chad,TCD,2018,30554918
Chad,TCD,2019,32267043
Chad,TCD,2020,33799937
Chad,TCD,2021,35295659
Chad,TCD,2022,37295581
Chile,CHL,1961,20597491
Chile,CHL,1962,20819649
Chile,CHL,1963,22617743
Chile,CHL,1964,24292519
Chile,CHL,1965,26557300
Chile,CHL,1966,35318026
Chile,CHL,1967,41012797
Chile,CHL,1968,45843251
Chile,CHL,1969,52239289
Chile,CHL,1970,53601774
Chile,CHL,1971,44008182
Chile,CHL,1972,58001481
Chile,CHL,1973,48386549
Chile,CHL,1974,53460202
Chile,CHL,1975,42548605
Chile,CHL,1976,36932020
Chile,CHL,1977,42497764
Chile,CHL,1978,55531015
Chile,CHL,1979,74362266
Chile,CHL,1980,102180988
Chile,CHL,1981,118932879
Chile,CHL,1982,111940438
Chile,CHL,1983,82206718
Chile,CHL,1984,70296002
Chile,CHL,1985,68777148
Chile,CHL,1986,75350858
Chile,CHL,1987,93099013
Chile,CHL,1988,103337527
Chile,CHL,1989,103583941
Chile,CHL,1990,115923132
Chile,CHL,1991,130766910
Chile,CHL,1992,173610322
Chile,CHL,1993,188862886
Chile,CHL,1994,186364307
Chile,CHL,1995,201887615
Chile,CHL,1996,192654663
Chile,CHL,1997,192940715
Chile,CHL,1998,198611648
Chile,CHL,1999,199096842
Chile,CHL,2000,210478546
Chile,CHL,2001,222305407
Chile,CHL,2002,197591720
Chile,CHL,2003,197720858
Chile,CHL,2004,207246836
Chile,CHL,2005,220387700
Chile,CHL,2006,236375904
Chile,CHL,2007,224163980
Chile,CHL,2008,238889536
Chile,CHL,2009,243394260
Chile,CHL,2010,242635416
Chile,CHL,2011,266320289
Chile,CHL,2012,272195488
Chile,CHL,2013,279738930
Chile,CHL,2014,274517262
Chile,CHL,2015,287210858
Chile,CHL,2016,296011326
Chile,CHL,2017,300028935
Chile,CHL,2018,314599624
Chile,CHL,2019,318221844
Chile,CHL,2020,304513017
Chile,CHL,2021,304173902
Chile,CHL,2022,312629740
China,CHN,1961,612113000
China,CHN,1962,644345000
China,CHN,1963,700668000
China,CHN,1964,747843000
China,CHN,1965,791415500
China,CHN,1966,821682000
China,CHN,1967,856075500
China,CHN,1968,873251500
China,CHN,1969,899653500
China,CHN,1970,915708500
China,CHN,1971,979431000
China,CHN,1972,1046503500
China,CHN,1973,1086125000
China,CHN,1974,1126648000
China,CHN,1975,1158923000
China,CHN,1976,1227186000
China,CHN,1977,1278043000
China,CHN,1978,1330731000
China,CHN,1979,1406812000
China,CHN,1980,1471004000
China,CHN,1981,1493686500
China,CHN,1982,1553201500
China,CHN,1983,1596923000
China,CHN,1984,1650847000
China,CHN,1985,1730433000
China,CHN,1986,1970152016
China,CHN,1987,2171949008
China,CHN,1988,2568246984
China,CHN,1989,2609928412
China,CHN,1990,2841389508
China,CHN,1991,3303059496
China,CHN,1992,3678440692
China,CHN,1993,4600203908
China,CHN,1994,5088979808
China,CHN,1995,6073712192
China,CHN,1996,6214997000
China,CHN,1997,7292906416
China,CHN,1998,7828589542
China,CHN,1999,8615838984
China,CHN,2000,8965157800
China,CHN,2001,8871799934
China,CHN,2002,9057897952
China,CHN,2003,9528686516
China,CHN,2004,9572931478
China,CHN,2005,10214461464
China,CHN,2006,10198314916
China,CHN,2007,10895428008
China,CHN,2008,11539090992
China,CHN,2009,11971266704
China,CHN,2010,12456935402
China,CHN,2011,12778694486
China,CHN,2012,13570710378
China,CHN,2013,13441429392
China,CHN,2014,13157390217
China,CHN,2015,13575379450
China,CHN,2016,13847348822
China,CHN,2017,14246425297
China,CHN,2018,15103847290
China,CHN,2019,15118374137
China,CHN,2020,15189548162
China,CHN,2021,15636740590
China,CHN,2022,15980934535
China (FAO),,1961,663192029
China (FAO),,1962,697581032
China (FAO),,1963,755572026
China (FAO),,1964,805573406
China (FAO),,1965,856191359
China (FAO),,1966,890775387
China (FAO),,1967,928847141
China (FAO),,1968,950913339
China (FAO),,1969,979220099
China (FAO),,1970,997746957
China (FAO),,1971,1070517517
China (FAO),,1972,1152851878
China (FAO),,1973,1192227554
China (FAO),,1974,1235512511
China (FAO),,1975,1275018875
China (FAO),,1976,1359307379
China (FAO),,1977,1432468100
China (FAO),,1978,1501789273
China (FAO),,1979,1585679130
China (FAO),,1980,1664304133
China (FAO),,1981,1712663566
China (FAO),,1982,1783549844
China (FAO),,1983,1857914006
China (FAO),,1984,1911333977
China (FAO),,1985,1987946378
China (FAO),,1986,2248708869
China (FAO),,1987,2477821438
China (FAO),,1988,2877155866
China (FAO),,1989,2943536051
China (FAO),,1990,3199044773
China (FAO),,1991,3662475987
China (FAO),,1992,4057223009
China (FAO),,1993,5017212722
China (FAO),,1994,5511721880
China (FAO),,1995,6512865857
China (FAO),,1996,6676294206
China (FAO),,1997,7794621744
China (FAO),,1998,8318684288
China (FAO),,1999,9106844948
China (FAO),,2000,9460879800
China (FAO),,2001,9349093678
China (FAO),,2002,9532666344
China (FAO),,2003,9995269248
China (FAO),,2004,10025452166
China (FAO),,2005,10631234544
China (FAO),,2006,10624084968
China (FAO),,2007,11313391510
China (FAO),,2008,11937917410
China (FAO),,2009,12374069110
China (FAO),,2010,12854800279
China (FAO),,2011,13197608617
China (FAO),,2012,13962954822
China (FAO),,2013,13821595765
China (FAO),,2014,13559561158
China (FAO),,2015,13964059502
China (FAO),,2016,14255714284
China (FAO),,2017,14651273902
China (FAO),,2018,15527195644
China (FAO),,2019,15560604301
China (FAO),,2020,15640134129
China (FAO),,2021,16101375162
China (FAO),,2022,16431185489
Colombia,COL,1961,25327000
Colombia,COL,1962,25653000
Colombia,COL,1963,25906000
Colombia,COL,1964,26074000
Colombia,COL,1965,26256000
Colombia,COL,1966,26269000
Colombia,COL,1967,26544000
Colombia,COL,1968,26754700
Colombia,COL,1969,26940000
Colombia,COL,1970,27350200
Colombia,COL,1971,33347800
Colombia,COL,1972,36763000
Colombia,COL,1973,44530500
Colombia,COL,1974,51298800
Colombia,COL,1975,55947571
Colombia,COL,1976,64361058
Colombia,COL,1977,69628209
Colombia,COL,1978,78212750
Colombia,COL,1979,86567634
Colombia,COL,1980,90890210
Colombia,COL,1981,112754170
Colombia,COL,1982,147616070
Colombia,COL,1983,164985960
Colombia,COL,1984,171457630
Colombia,COL,1985,192496649
Colombia,COL,1986,229967365
Colombia,COL,1987,261925310
Colombia,COL,1988,280072745
Colombia,COL,1989,270027061
Colombia,COL,1990,285643144
Colombia,COL,1991,288745440
Colombia,COL,1992,321997371
Colombia,COL,1993,368304053
Colombia,COL,1994,409002786
Colombia,COL,1995,459766773
Colombia,COL,1996,480893598
Colombia,COL,1997,457942292
Colombia,COL,1998,499734891
Colombia,COL,1999,543707066
Colombia,COL,2000,571130723
Colombia,COL,2001,603589401
Colombia,COL,2002,656915299
Colombia,COL,2003,686058829
Colombia,COL,2004,717511026
Colombia,COL,2005,771358931
Colombia,COL,2006,858531903
Colombia,COL,2007,931429614
Colombia,COL,2008,1019833017
Colombia,COL,2009,1028412065
Colombia,COL,2010,1075560993
Colombia,COL,2011,1084135805
Colombia,COL,2012,535415145
Colombia,COL,2013,693689831
Colombia,COL,2014,737707177
Colombia,COL,2015,773219156
Colombia,COL,2016,779332106
Colombia,COL,2017,792137310
Colombia,COL,2018,887121397
Colombia,COL,2019,1058571474
Colombia,COL,2020,1074661347
Colombia,COL,2021,1124393131
Colombia,COL,2022,1081414378
Comoros,COM,1961,221140
Comoros,COM,1962,221525
Comoros,COM,1963,226620
Comoros,COM,1964,230015
Comoros,COM,1965,232475
Comoros,COM,1966,233300
Comoros,COM,1967,237600
Comoros,COM,1968,242800
Comoros,COM,1969,248050
Comoros,COM,1970,253300
Comoros,COM,1971,260925
Comoros,COM,1972,269050
Comoros,COM,1973,277175
Comoros,COM,1974,285100
Comoros,COM,1975,295750
Comoros,COM,1976,307850
Comoros,COM,1977,313075
Comoros,COM,1978,319800
Comoros,COM,1979,321600
Comoros,COM,1980,331375
Comoros,COM,1981,391650
Comoros,COM,1982,411950
Comoros,COM,1983,452580
Comoros,COM,1984,462975
Comoros,COM,1985,473630
Comoros,COM,1986,485400
Comoros,COM,1987,519170
Comoros,COM,1988,540650
Comoros,COM,1989,551950
Comoros,COM,1990,567890
Comoros,COM,1991,584720
Comoros,COM,1992,602900
Comoros,COM,1993,621100
Comoros,COM,1994,639972
Comoros,COM,1995,630090
Comoros,COM,1996,650750
Comoros,COM,1997,650200
Comoros,COM,1998,676800
Comoros,COM,1999,696200
Comoros,COM,2000,689700
Comoros,COM,2001,700700
Comoros,COM,2002,707900
Comoros,COM,2003,751050
Comoros,COM,2004,772650
Comoros,COM,2005,752300
Comoros,COM,2006,764900
Comoros,COM,2007,735350
Comoros,COM,2008,735300
Comoros,COM,2009,725200
Comoros,COM,2010,765700
Comoros,COM,2011,776200
Comoros,COM,2012,776500
Comoros,COM,2013,776600
Comoros,COM,2014,760957
Comoros,COM,2015,759553
Comoros,COM,2016,767147
Comoros,COM,2017,773122
Comoros,COM,2018,778193
Comoros,COM,2019,784298
Comoros,COM,2020,784229
Comoros,COM,2021,786291
Comoros,COM,2022,789353
Congo,COG,1961,1019230
Congo,COG,1962,1020162
Congo,COG,1963,1041230
Congo,COG,1964,1038730
Congo,COG,1965,1006400
Congo,COG,1966,1004550
Congo,COG,1967,1143150
Congo,COG,1968,1102650
Congo,COG,1969,1118150
Congo,COG,1970,1145200
Congo,COG,1971,1295650
Congo,COG,1972,1297350
Congo,COG,1973,1468050
Congo,COG,1974,1271500
Congo,COG,1975,1577700
Congo,COG,1976,2586700
Congo,COG,1977,2690800
Congo,COG,1978,2882700
Congo,COG,1979,2826000
Congo,COG,1980,3494400
Congo,COG,1981,4638500
Congo,COG,1982,4704700
Congo,COG,1983,4789700
Congo,COG,1984,4821000
Congo,COG,1985,5125900
Congo,COG,1986,5201700
Congo,COG,1987,5251700
Congo,COG,1988,5310350
Congo,COG,1989,5361600
Congo,COG,1990,5475300
Congo,COG,1991,5470400
Congo,COG,1992,5569300
Congo,COG,1993,5671400
Congo,COG,1994,5772900
Congo,COG,1995,5873700
Congo,COG,1996,5974100
Congo,COG,1997,5973300
Congo,COG,1998,5872100
Congo,COG,1999,5961250
Congo,COG,2000,5958900
Congo,COG,2001,5959650
Congo,COG,2002,5164000
Congo,COG,2003,5365500
Congo,COG,2004,5672000
Congo,COG,2005,5829800
Congo,COG,2006,5826700
Congo,COG,2007,5885600
Congo,COG,2008,6058000
Congo,COG,2009,6214640
Congo,COG,2010,6471700
Congo,COG,2011,6726500
Congo,COG,2012,6830000
Congo,COG,2013,6929037
Congo,COG,2014,6761955
Congo,COG,2015,6711490
Congo,COG,2016,6782437
Congo,COG,2017,6755266
Congo,COG,2018,6841219
Congo,COG,2019,7075061
Congo,COG,2020,7060918
Congo,COG,2021,6964972
Congo,COG,2022,7041825
Cook Islands,COK,1961,56117
Cook Islands,COK,1962,56231
Cook Islands,COK,1963,57395
Cook Islands,COK,1964,58161
Cook Islands,COK,1965,61973
Cook Islands,COK,1966,58991
Cook Islands,COK,1967,63370
Cook Islands,COK,1968,65322
Cook Islands,COK,1969,67274
Cook Islands,COK,1970,70226
Cook Islands,COK,1971,73878
Cook Islands,COK,1972,73290
Cook Islands,COK,1973,76261
Cook Islands,COK,1974,79545
Cook Islands,COK,1975,82550
Cook Islands,COK,1976,88757
Cook Islands,COK,1977,91150
Cook Islands,COK,1978,91150
Cook Islands,COK,1979,92130
Cook Islands,COK,1980,86220
Cook Islands,COK,1981,81310
Cook Islands,COK,1982,76600
Cook Islands,COK,1983,71540
Cook Islands,COK,1984,66580
Cook Islands,COK,1985,61570
Cook Islands,COK,1986,56560
Cook Islands,COK,1987,45550
Cook Islands,COK,1988,34540
Cook Islands,COK,1989,33535
Cook Islands,COK,1990,37580
Cook Islands,COK,1991,36575
Cook Islands,COK,1992,40210
Cook Islands,COK,1993,22420
Cook Islands,COK,1994,29540
Cook Islands,COK,1995,36530
Cook Islands,COK,1996,110520
Cook Islands,COK,1997,123476
Cook Islands,COK,1998,125232
Cook Islands,COK,1999,100982
Cook Islands,COK,2000,80164
Cook Islands,COK,2001,57888
Cook Islands,COK,2002,57473
Cook Islands,COK,2003,47660
Cook Islands,COK,2004,36500
Cook Islands,COK,2005,36500
Cook Islands,COK,2006,36500
Cook Islands,COK,2007,43680
Cook Islands,COK,2008,43680
Cook Islands,COK,2009,43680
Cook Islands,COK,2010,43687
Cook Islands,COK,2011,43687
Cook Islands,COK,2012,43685
Cook Islands,COK,2013,43684
Cook Islands,COK,2014,43684
Cook Islands,COK,2015,42280
Cook Islands,COK,2016,42346
Cook Islands,COK,2017,42255
Cook Islands,COK,2018,41946
Cook Islands,COK,2019,39649
Cook Islands,COK,2020,37760
Cook Islands,COK,2021,36602
Cook Islands,COK,2022,35087
Costa Rica,CRI,1961,1648185
Costa Rica,CRI,1962,1794992
Costa Rica,CRI,1963,2019742
Costa Rica,CRI,1964,2237854
Costa Rica,CRI,1965,2489578
Costa Rica,CRI,1966,2519475
Costa Rica,CRI,1967,2588019
Costa Rica,CRI,1968,2662574
Costa Rica,CRI,1969,2767315
Costa Rica,CRI,1970,2819090
Costa Rica,CRI,1971,2961129
Costa Rica,CRI,1972,2947817
Costa Rica,CRI,1973,3110592
Costa Rica,CRI,1974,3181334
Costa Rica,CRI,1975,3321273
Costa Rica,CRI,1976,5440927
Costa Rica,CRI,1977,5392892
Costa Rica,CRI,1978,5591882
Costa Rica,CRI,1979,7739650
Costa Rica,CRI,1980,9135281
Costa Rica,CRI,1981,10657777
Costa Rica,CRI,1982,10552630
Costa Rica,CRI,1983,15509829
Costa Rica,CRI,1984,15707970
Costa Rica,CRI,1985,14842840
Costa Rica,CRI,1986,14764246
Costa Rica,CRI,1987,17046423
Costa Rica,CRI,1988,22616587
Costa Rica,CRI,1989,29919592
Costa Rica,CRI,1990,27524381
Costa Rica,CRI,1991,30426204
Costa Rica,CRI,1992,31756994
Costa Rica,CRI,1993,33799555
Costa Rica,CRI,1994,34755507
Costa Rica,CRI,1995,39020765
Costa Rica,CRI,1996,42251464
Costa Rica,CRI,1997,40011304
Costa Rica,CRI,1998,44387381
Costa Rica,CRI,1999,50441188
Costa Rica,CRI,2000,49627185
Costa Rica,CRI,2001,48022843
Costa Rica,CRI,2002,49292245
Costa Rica,CRI,2003,52609941
Costa Rica,CRI,2004,52660449
Costa Rica,CRI,2005,52682034
Costa Rica,CRI,2006,62293708
Costa Rica,CRI,2007,68003251
Costa Rica,CRI,2008,65665624
Costa Rica,CRI,2009,62033486
Costa Rica,CRI,2010,64783959
Costa Rica,CRI,2011,61881661
Costa Rica,CRI,2012,67581222
Costa Rica,CRI,2013,71607764
Costa Rica,CRI,2014,73924025
Costa Rica,CRI,2015,76526892
Costa Rica,CRI,2016,71866487
Costa Rica,CRI,2017,75940582
Costa Rica,CRI,2018,76067825
Costa Rica,CRI,2019,78330172
Costa Rica,CRI,2020,79048726
Costa Rica,CRI,2021,80501942
Costa Rica,CRI,2022,81988366
Cote d'Ivoire,CIV,1961,5225790
Cote d'Ivoire,CIV,1962,5551116
Cote d'Ivoire,CIV,1963,5649866
Cote d'Ivoire,CIV,1964,6069700
Cote d'Ivoire,CIV,1965,6222860
Cote d'Ivoire,CIV,1966,6493000
Cote d'Ivoire,CIV,1967,6679150
Cote d'Ivoire,CIV,1968,6901825
Cote d'Ivoire,CIV,1969,6987750
Cote d'Ivoire,CIV,1970,7597750
Cote d'Ivoire,CIV,1971,7875000
Cote d'Ivoire,CIV,1972,8505000
Cote d'Ivoire,CIV,1973,9137000
Cote d'Ivoire,CIV,1974,9908000
Cote d'Ivoire,CIV,1975,12052000
Cote d'Ivoire,CIV,1976,14373000
Cote d'Ivoire,CIV,1977,15733000
Cote d'Ivoire,CIV,1978,18557000
Cote d'Ivoire,CIV,1979,21503000
Cote d'Ivoire,CIV,1980,22507000
Cote d'Ivoire,CIV,1981,24538000
Cote d'Ivoire,CIV,1982,23883000
Cote d'Ivoire,CIV,1983,23483000
Cote d'Ivoire,CIV,1984,24147000
Cote d'Ivoire,CIV,1985,24679000
Cote d'Ivoire,CIV,1986,27861000
Cote d'Ivoire,CIV,1987,27313000
Cote d'Ivoire,CIV,1988,27329000
Cote d'Ivoire,CIV,1989,27860000
Cote d'Ivoire,CIV,1990,27367591
Cote d'Ivoire,CIV,1991,27382674
Cote d'Ivoire,CIV,1992,27403464
Cote d'Ivoire,CIV,1993,27973823
Cote d'Ivoire,CIV,1994,27495353
Cote d'Ivoire,CIV,1995,27570000
Cote d'Ivoire,CIV,1996,26418800
Cote d'Ivoire,CIV,1997,26484845
Cote d'Ivoire,CIV,1998,25169470
Cote d'Ivoire,CIV,1999,23849823
Cote d'Ivoire,CIV,2000,23941368
Cote d'Ivoire,CIV,2001,24770458
Cote d'Ivoire,CIV,2002,24796456
Cote d'Ivoire,CIV,2003,24127793
Cote d'Ivoire,CIV,2004,27461796
Cote d'Ivoire,CIV,2005,26497984
Cote d'Ivoire,CIV,2006,26211598
Cote d'Ivoire,CIV,2007,26295622
Cote d'Ivoire,CIV,2008,33520474
Cote d'Ivoire,CIV,2009,34339967
Cote d'Ivoire,CIV,2010,37861731
Cote d'Ivoire,CIV,2011,36481859
Cote d'Ivoire,CIV,2012,44211971
Cote d'Ivoire,CIV,2013,49406175
Cote d'Ivoire,CIV,2014,48753256
Cote d'Ivoire,CIV,2015,48111030
Cote d'Ivoire,CIV,2016,52744908
Cote d'Ivoire,CIV,2017,56719903
Cote d'Ivoire,CIV,2018,60660413
Cote d'Ivoire,CIV,2019,74680727
Cote d'Ivoire,CIV,2020,68401209
Cote d'Ivoire,CIV,2021,69459178
Cote d'Ivoire,CIV,2022,73012516
Croatia,HRV,1992,33597636
Croatia,HRV,1993,30495772
Croatia,HRV,1994,31730018
Croatia,HRV,1995,31270600
Croatia,HRV,1996,30218700
Croatia,HRV,1997,29691500
Croatia,HRV,1998,28706000
Croatia,HRV,1999,28176500
Croatia,HRV,2000,28540149
Croatia,HRV,2001,29501352
Croatia,HRV,2002,38941240
Croatia,HRV,2003,46230800
Croatia,HRV,2004,45400000
Croatia,HRV,2005,36025924
Croatia,HRV,2006,34340040
Croatia,HRV,2007,36527365
Croatia,HRV,2008,36271510
Croatia,HRV,2009,34061274
Croatia,HRV,2010,26791861
Croatia,HRV,2011,32762287
Croatia,HRV,2012,32546945
Croatia,HRV,2013,43596600
Croatia,HRV,2014,43414400
Croatia,HRV,2015,46093557
Croatia,HRV,2016,50676602
Croatia,HRV,2017,49798101
Croatia,HRV,2018,38135600
Croatia,HRV,2019,39208100
Croatia,HRV,2020,40396250
Croatia,HRV,2021,41755300
Croatia,HRV,2022,41690200
Cuba,CUB,1961,21476100
Cuba,CUB,1962,23531500
Cuba,CUB,1963,26596900
Cuba,CUB,1964,28679500
Cuba,CUB,1965,31750300
Cuba,CUB,1966,35809500
Cuba,CUB,1967,36776300
Cuba,CUB,1968,38087200
Cuba,CUB,1969,40054400
Cuba,CUB,1970,41970300
Cuba,CUB,1971,44318500
Cuba,CUB,1972,44709900
Cuba,CUB,1973,49051800
Cuba,CUB,1974,47098700
Cuba,CUB,1975,42787500
Cuba,CUB,1976,46921700
Cuba,CUB,1977,50323700
Cuba,CUB,1978,57573960
Cuba,CUB,1979,59490410
Cuba,CUB,1980,61793400
Cuba,CUB,1981,74206400
Cuba,CUB,1982,55114663
Cuba,CUB,1983,64264498
Cuba,CUB,1984,72707294
Cuba,CUB,1985,75406671
Cuba,CUB,1986,77116928
Cuba,CUB,1987,77140604
Cuba,CUB,1988,79840842
Cuba,CUB,1989,81203581
Cuba,CUB,1990,76029500
Cuba,CUB,1991,73337000
Cuba,CUB,1992,57677899
Cuba,CUB,1993,45510906
Cuba,CUB,1994,49945076
Cuba,CUB,1995,52578153
Cuba,CUB,1996,51557459
Cuba,CUB,1997,50709725
Cuba,CUB,1998,47816389
Cuba,CUB,1999,39372542
Cuba,CUB,2000,47307298
Cuba,CUB,2001,48174346
Cuba,CUB,2002,32289007
Cuba,CUB,2003,31196382
Cuba,CUB,2004,33051650
Cuba,CUB,2005,27674300
Cuba,CUB,2006,29058467
Cuba,CUB,2007,26536549
Cuba,CUB,2008,28364839
Cuba,CUB,2009,35029940
Cuba,CUB,2010,29888530
Cuba,CUB,2011,37054399
Cuba,CUB,2012,34321026
Cuba,CUB,2013,32449634
Cuba,CUB,2014,33729841
Cuba,CUB,2015,26552302
Cuba,CUB,2016,28444575
Cuba,CUB,2017,24606964
Cuba,CUB,2018,25765106
Cuba,CUB,2019,23792745
Cuba,CUB,2020,20282530
Cuba,CUB,2021,21483925
Cuba,CUB,2022,19720712
Cyprus,CYP,1961,3044911
Cyprus,CYP,1962,3140106
Cyprus,CYP,1963,3260788
Cyprus,CYP,1964,3512207
Cyprus,CYP,1965,4274826
Cyprus,CYP,1966,4589460
Cyprus,CYP,1967,5246700
Cyprus,CYP,1968,6149200
Cyprus,CYP,1969,7643700
Cyprus,CYP,1970,7974500
Cyprus,CYP,1971,8448500
Cyprus,CYP,1972,8861100
Cyprus,CYP,1973,8759800
Cyprus,CYP,1974,7003650
Cyprus,CYP,1975,6361200
Cyprus,CYP,1976,6844520
Cyprus,CYP,1977,7000500
Cyprus,CYP,1978,7454800
Cyprus,CYP,1979,8559850
Cyprus,CYP,1980,8936900
Cyprus,CYP,1981,10716400
Cyprus,CYP,1982,12694130
Cyprus,CYP,1983,16028480
Cyprus,CYP,1984,18388750
Cyprus,CYP,1985,18698450
Cyprus,CYP,1986,19590050
Cyprus,CYP,1987,18079700
Cyprus,CYP,1988,17138000
Cyprus,CYP,1989,18845000
Cyprus,CYP,1990,19194200
Cyprus,CYP,1991,17728800
Cyprus,CYP,1992,19438700
Cyprus,CYP,1993,19416900
Cyprus,CYP,1994,18760900
Cyprus,CYP,1995,19464800
Cyprus,CYP,1996,20524300
Cyprus,CYP,1997,21368100
Cyprus,CYP,1998,21558700
Cyprus,CYP,1999,22169400
Cyprus,CYP,2000,21501400
Cyprus,CYP,2001,21660000
Cyprus,CYP,2002,21849061
Cyprus,CYP,2003,21458648
Cyprus,CYP,2004,20232311
Cyprus,CYP,2005,19538728
Cyprus,CYP,2006,16283910
Cyprus,CYP,2007,17167230
Cyprus,CYP,2008,17282269
Cyprus,CYP,2009,16048790
Cyprus,CYP,2010,16676178
Cyprus,CYP,2011,16232943
Cyprus,CYP,2012,15312692
Cyprus,CYP,2013,13618825
Cyprus,CYP,2014,13514259
Cyprus,CYP,2015,14214719
Cyprus,CYP,2016,14111548
Cyprus,CYP,2017,14680693
Cyprus,CYP,2018,13627330
Cyprus,CYP,2019,14249240
Cyprus,CYP,2020,14136200
Cyprus,CYP,2021,14255320
Cyprus,CYP,2022,14474230
Czechia,CZE,1993,126521090
Czechia,CZE,1994,121199296
Czechia,CZE,1995,144053116
Czechia,CZE,1996,144919932
Czechia,CZE,1997,165597427
Czechia,CZE,1998,179931100
Czechia,CZE,1999,179936650
Czechia,CZE,2000,176715144
Czechia,CZE,2001,193303104
Czechia,CZE,2002,182907573
Czechia,CZE,2003,176748019
Czechia,CZE,2004,186356700
Czechia,CZE,2005,196733416
Czechia,CZE,2006,182835188
Czechia,CZE,2007,182757990
Czechia,CZE,2008,172472169
Czechia,CZE,2009,158927128
Czechia,CZE,2010,154708755
Czechia,CZE,2011,141420171
Czechia,CZE,2012,126522377
Czechia,CZE,2013,123157761
Czechia,CZE,2014,123749248
Czechia,CZE,2015,131629787
Czechia,CZE,2016,134095556
Czechia,CZE,2017,136164469
Czechia,CZE,2018,124549912
Czechia,CZE,2019,122317724
Czechia,CZE,2020,124133726
Czechia,CZE,2021,127656145
Czechia,CZE,2022,121189776
Czechoslovakia,OWID_CZS,1961,54385082
Czechoslovakia,OWID_CZS,1962,52852545
Czechoslovakia,OWID_CZS,1963,54157302
Czechoslovakia,OWID_CZS,1964,58884357
Czechoslovakia,OWID_CZS,1965,58233911
Czechoslovakia,OWID_CZS,1966,60480195
Czechoslovakia,OWID_CZS,1967,67243377
Czechoslovakia,OWID_CZS,1968,86566594
Czechoslovakia,OWID_CZS,1969,96312121
Czechoslovakia,OWID_CZS,1970,113451208
Czechoslovakia,OWID_CZS,1971,121905038
Czechoslovakia,OWID_CZS,1972,127216891
Czechoslovakia,OWID_CZS,1973,129530042
Czechoslovakia,OWID_CZS,1974,134488633
Czechoslovakia,OWID_CZS,1975,140459973
Czechoslovakia,OWID_CZS,1976,140730146
Czechoslovakia,OWID_CZS,1977,149675583
Czechoslovakia,OWID_CZS,1978,157832062
Czechoslovakia,OWID_CZS,1979,164556177
Czechoslovakia,OWID_CZS,1980,168984795
Czechoslovakia,OWID_CZS,1981,171156023
Czechoslovakia,OWID_CZS,1982,170915098
Czechoslovakia,OWID_CZS,1983,172204519
Czechoslovakia,OWID_CZS,1984,177116265
Czechoslovakia,OWID_CZS,1985,174713722
Czechoslovakia,OWID_CZS,1986,179366833
Czechoslovakia,OWID_CZS,1987,192265517
Czechoslovakia,OWID_CZS,1988,209505578
Czechoslovakia,OWID_CZS,1989,223578412
Czechoslovakia,OWID_CZS,1990,232473291
Czechoslovakia,OWID_CZS,1991,222827278
Czechoslovakia,OWID_CZS,1992,199395250
Democratic Republic of Congo,COD,1961,8390000
Democratic Republic of Congo,COD,1962,8428000
Democratic Republic of Congo,COD,1963,8566000
Democratic Republic of Congo,COD,1964,8712000
Democratic Republic of Congo,COD,1965,8932000
Democratic Republic of Congo,COD,1966,8161000
Democratic Republic of Congo,COD,1967,9229000
Democratic Republic of Congo,COD,1968,11281000
Democratic Republic of Congo,COD,1969,13834000
Democratic Republic of Congo,COD,1970,16706900
Democratic Republic of Congo,COD,1971,17055100
Democratic Republic of Congo,COD,1972,17410600
Democratic Republic of Congo,COD,1973,17767800
Democratic Republic of Congo,COD,1974,18135700
Democratic Republic of Congo,COD,1975,18460100
Democratic Republic of Congo,COD,1976,18741300
Democratic Republic of Congo,COD,1977,18924800
Democratic Republic of Congo,COD,1978,18493400
Democratic Republic of Congo,COD,1979,17992800
Democratic Republic of Congo,COD,1980,17508100
Democratic Republic of Congo,COD,1981,17674000
Democratic Republic of Congo,COD,1982,18288000
Democratic Republic of Congo,COD,1983,18931000
Democratic Republic of Congo,COD,1984,19500000
Democratic Republic of Congo,COD,1985,20125000
Democratic Republic of Congo,COD,1986,22155000
Democratic Republic of Congo,COD,1987,24622000
Democratic Republic of Congo,COD,1988,24360000
Democratic Republic of Congo,COD,1989,25549000
Democratic Republic of Congo,COD,1990,25682660
Democratic Republic of Congo,COD,1991,23289389
Democratic Republic of Congo,COD,1992,25414169
Democratic Republic of Congo,COD,1993,25074696
Democratic Republic of Congo,COD,1994,26226034
Democratic Republic of Congo,COD,1995,23133814
Democratic Republic of Congo,COD,1996,24956627
Democratic Republic of Congo,COD,1997,22636505
Democratic Republic of Congo,COD,1998,23532170
Democratic Republic of Congo,COD,1999,22515641
Democratic Republic of Congo,COD,2000,21791138
Democratic Republic of Congo,COD,2001,20833612
Democratic Republic of Congo,COD,2002,19933117
Democratic Republic of Congo,COD,2003,20047842
Democratic Republic of Congo,COD,2004,20104699
Democratic Republic of Congo,COD,2005,20214605
Democratic Republic of Congo,COD,2006,20145156
Democratic Republic of Congo,COD,2007,20200657
Democratic Republic of Congo,COD,2008,20256184
Democratic Republic of Congo,COD,2009,20315140
Democratic Republic of Congo,COD,2010,20325985
Democratic Republic of Congo,COD,2011,20383619
Democratic Republic of Congo,COD,2012,20457000
Democratic Republic of Congo,COD,2013,20516600
Democratic Republic of Congo,COD,2014,20584000
Democratic Republic of Congo,COD,2015,20669315
Democratic Republic of Congo,COD,2016,19666234
Democratic Republic of Congo,COD,2017,18924425
Democratic Republic of Congo,COD,2018,18977020
Democratic Republic of Congo,COD,2019,19090073
Democratic Republic of Congo,COD,2020,19211543
Democratic Republic of Congo,COD,2021,19326026
Democratic Republic of Congo,COD,2022,18661520
Denmark,DNK,1961,77410934
Denmark,DNK,1962,83430454
Denmark,DNK,1963,77810211
Denmark,DNK,1964,89096576
Denmark,DNK,1965,80352925
Denmark,DNK,1966,75162000
Denmark,DNK,1967,73398000
Denmark,DNK,1968,62662000
Denmark,DNK,1969,66003000
Denmark,DNK,1970,73038000
Denmark,DNK,1971,74422000
Denmark,DNK,1972,78002000
Denmark,DNK,1973,81274000
Denmark,DNK,1974,85135000
Denmark,DNK,1975,79197002
Denmark,DNK,1976,90051165
Denmark,DNK,1977,94400842
Denmark,DNK,1978,93251498
Denmark,DNK,1979,92003238
Denmark,DNK,1980,91035332
Denmark,DNK,1981,97732966
Denmark,DNK,1982,103705399
Denmark,DNK,1983,103864384
Denmark,DNK,1984,102754754
Denmark,DNK,1985,105817417
Denmark,DNK,1986,106521313
Denmark,DNK,1987,106422532
Denmark,DNK,1988,111107481
Denmark,DNK,1989,117455487
Denmark,DNK,1990,118376935
Denmark,DNK,1991,125434006
Denmark,DNK,1992,134278179
Denmark,DNK,1993,141736987
Denmark,DNK,1994,144980839
Denmark,DNK,1995,145192600
Denmark,DNK,1996,135463600
Denmark,DNK,1997,140782100
Denmark,DNK,1998,154418000
Denmark,DNK,1999,165647533
Denmark,DNK,2000,161123396
Denmark,DNK,2001,166138216
Denmark,DNK,2002,169058934
Denmark,DNK,2003,160394720
Denmark,DNK,2004,160268182
Denmark,DNK,2005,146500367
Denmark,DNK,2006,131374552
Denmark,DNK,2007,126195679
Denmark,DNK,2008,122648120
Denmark,DNK,2009,120999847
Denmark,DNK,2010,129370014
Denmark,DNK,2011,128690869
Denmark,DNK,2012,122184801
Denmark,DNK,2013,127793823
Denmark,DNK,2014,122418200
Denmark,DNK,2015,114981537
Denmark,DNK,2016,120567765
Denmark,DNK,2017,119422249
Denmark,DNK,2018,122842354
Denmark,DNK,2019,122017314
Denmark,DNK,2020,121500800
Denmark,DNK,2021,121336300
Denmark,DNK,2022,116164160
Dominica,DMA,1961,73670
Dominica,DMA,1962,78695
Dominica,DMA,1963,85650
Dominica,DMA,1964,90680
Dominica,DMA,1965,97660
Dominica,DMA,1966,103610
Dominica,DMA,1967,109660
Dominica,DMA,1968,115716
Dominica,DMA,1969,121760
Dominica,DMA,1970,126790
Dominica,DMA,1971,131920
Dominica,DMA,1972,138200
Dominica,DMA,1973,144360
Dominica,DMA,1974,150510
Dominica,DMA,1975,154630
Dominica,DMA,1976,159820
Dominica,DMA,1977,164990
Dominica,DMA,1978,165120
Dominica,DMA,1979,170500
Dominica,DMA,1980,175900
Dominica,DMA,1981,181300
Dominica,DMA,1982,187100
Dominica,DMA,1983,192410
Dominica,DMA,1984,191930
Dominica,DMA,1985,192880
Dominica,DMA,1986,198490
Dominica,DMA,1987,204340
Dominica,DMA,1988,213613
Dominica,DMA,1989,213260
Dominica,DMA,1990,233720
Dominica,DMA,1991,243700
Dominica,DMA,1992,264150
Dominica,DMA,1993,284440
Dominica,DMA,1994,314630
Dominica,DMA,1995,314630
Dominica,DMA,1996,324850
Dominica,DMA,1997,329850
Dominica,DMA,1998,354850
Dominica,DMA,1999,355100
Dominica,DMA,2000,355100
Dominica,DMA,2001,355100
Dominica,DMA,2002,355100
Dominica,DMA,2003,355100
Dominica,DMA,2004,355100
Dominica,DMA,2005,355100
Dominica,DMA,2006,355150
Dominica,DMA,2007,355150
Dominica,DMA,2008,355150
Dominica,DMA,2009,355150
Dominica,DMA,2010,355150
Dominica,DMA,2011,355300
Dominica,DMA,2012,375450
Dominica,DMA,2013,377351
Dominica,DMA,2014,376314
Dominica,DMA,2015,377270
Dominica,DMA,2016,378265
Dominica,DMA,2017,379290
Dominica,DMA,2018,379280
Dominica,DMA,2019,383355
Dominica,DMA,2020,383366
Dominica,DMA,2021,384345
Dominica,DMA,2022,386370
Dominican Republic,DOM,1961,19424200
Dominican Republic,DOM,1962,20463900
Dominican Republic,DOM,1963,21413600
Dominican Republic,DOM,1964,22440300
Dominican Republic,DOM,1965,23422000
Dominican Republic,DOM,1966,24452700
Dominican Republic,DOM,1967,25457400
Dominican Republic,DOM,1968,26509100
Dominican Republic,DOM,1969,27512800
Dominican Republic,DOM,1970,28506500
Dominican Republic,DOM,1971,30592000
Dominican Republic,DOM,1972,31678500
Dominican Republic,DOM,1973,32708300
Dominican Republic,DOM,1974,30725174
Dominican Republic,DOM,1975,36738100
Dominican Republic,DOM,1976,37800800
Dominican Republic,DOM,1977,40043000
Dominican Republic,DOM,1978,47880500
Dominican Republic,DOM,1979,54494200
Dominican Republic,DOM,1980,66779000
Dominican Republic,DOM,1981,64489000
Dominican Republic,DOM,1982,61180654
Dominican Republic,DOM,1983,74206148
Dominican Republic,DOM,1984,84701800
Dominican Republic,DOM,1985,81799500
Dominican Republic,DOM,1986,83516000
Dominican Republic,DOM,1987,90067700
Dominican Republic,DOM,1988,91776000
Dominican Republic,DOM,1989,96217546
Dominican Republic,DOM,1990,100149000
Dominican Republic,DOM,1991,90750000
Dominican Republic,DOM,1992,99674000
Dominican Republic,DOM,1993,121267000
Dominican Republic,DOM,1994,119326000
Dominican Republic,DOM,1995,125899400
Dominican Republic,DOM,1996,136414400
Dominican Republic,DOM,1997,143487421
Dominican Republic,DOM,1998,125807930
Dominican Republic,DOM,1999,153292200
Dominican Republic,DOM,2000,176327200
Dominican Republic,DOM,2001,170389600
Dominican Republic,DOM,2002,167413500
Dominican Republic,DOM,2003,131480500
Dominican Republic,DOM,2004,199305800
Dominican Republic,DOM,2005,248722500
Dominican Republic,DOM,2006,252039600
Dominican Republic,DOM,2007,259508900
Dominican Republic,DOM,2008,231964100
Dominican Republic,DOM,2009,249894400
Dominican Republic,DOM,2010,239012600
Dominican Republic,DOM,2011,176617500
Dominican Republic,DOM,2012,162774718
Dominican Republic,DOM,2013,175774550
Dominican Republic,DOM,2014,189747450
Dominican Republic,DOM,2015,195383383
Dominican Republic,DOM,2016,201462770
Dominican Republic,DOM,2017,209615168
Dominican Republic,DOM,2018,215790991
Dominican Republic,DOM,2019,210319509
Dominican Republic,DOM,2020,193578159
Dominican Republic,DOM,2021,214429927
Dominican Republic,DOM,2022,203344686
East Timor,TLS,1961,874740
East Timor,TLS,1962,913270
East Timor,TLS,1963,952260
East Timor,TLS,1964,1032400
East Timor,TLS,1965,1045770
East Timor,TLS,1966,1042400
East Timor,TLS,1967,1000600
East Timor,TLS,1968,1005810
East Timor,TLS,1969,987400
East Timor,TLS,1970,1064400
East Timor,TLS,1971,1083500
East Timor,TLS,1972,1091150
East Timor,TLS,1973,1074900
East Timor,TLS,1974,1075000
East Timor,TLS,1975,1027600
East Timor,TLS,1976,1004500
East Timor,TLS,1977,975300
East Timor,TLS,1978,947000
East Timor,TLS,1979,921700
East Timor,TLS,1980,962400
East Timor,TLS,1981,972900
East Timor,TLS,1982,987900
East Timor,TLS,1983,1006600
East Timor,TLS,1984,977300
East Timor,TLS,1985,1142900
East Timor,TLS,1986,1151800
East Timor,TLS,1987,1102800
East Timor,TLS,1988,914000
East Timor,TLS,1989,1046300
East Timor,TLS,1990,1208000
East Timor,TLS,1991,1435100
East Timor,TLS,1992,1484400
East Timor,TLS,1993,1574900
East Timor,TLS,1994,1475900
East Timor,TLS,1995,1583700
East Timor,TLS,1996,1552000
East Timor,TLS,1997,1781920
East Timor,TLS,1998,1870780
East Timor,TLS,1999,1868000
East Timor,TLS,2000,1503700
East Timor,TLS,2001,1533813
East Timor,TLS,2002,1255600
East Timor,TLS,2003,1007200
East Timor,TLS,2004,1078700
East Timor,TLS,2005,1121900
East Timor,TLS,2006,1161300
East Timor,TLS,2007,1210600
East Timor,TLS,2008,1251000
East Timor,TLS,2009,1301400
East Timor,TLS,2010,1180100
East Timor,TLS,2011,1224800
East Timor,TLS,2012,1343600
East Timor,TLS,2013,1362300
East Timor,TLS,2014,1413802
East Timor,TLS,2015,1508594
East Timor,TLS,2016,1515290
East Timor,TLS,2017,1478341
East Timor,TLS,2018,1491736
East Timor,TLS,2019,1818888
East Timor,TLS,2020,1389647
East Timor,TLS,2021,915867
East Timor,TLS,2022,1425728
Eastern Africa (FAO),,1961,156770215
Eastern Africa (FAO),,1962,161670347
Eastern Africa (FAO),,1963,162788811
Eastern Africa (FAO),,1964,167900410
Eastern Africa (FAO),,1965,173478699
Eastern Africa (FAO),,1966,183545078
Eastern Africa (FAO),,1967,191133213
Eastern Africa (FAO),,1968,197824742
Eastern Africa (FAO),,1969,213193973
Eastern Africa (FAO),,1970,224111603
Eastern Africa (FAO),,1971,233714935
Eastern Africa (FAO),,1972,239472125
Eastern Africa (FAO),,1973,248477679
Eastern Africa (FAO),,1974,252126321
Eastern Africa (FAO),,1975,262564761
Eastern Africa (FAO),,1976,274475830
Eastern Africa (FAO),,1977,286149762
Eastern Africa (FAO),,1978,291908848
Eastern Africa (FAO),,1979,302370556
Eastern Africa (FAO),,1980,302393333
Eastern Africa (FAO),,1981,303357951
Eastern Africa (FAO),,1982,310548987
Eastern Africa (FAO),,1983,313259457
Eastern Africa (FAO),,1984,305197189
Eastern Africa (FAO),,1985,327479049
Eastern Africa (FAO),,1986,341460489
Eastern Africa (FAO),,1987,338455999
Eastern Africa (FAO),,1988,354559448
Eastern Africa (FAO),,1989,367677535
Eastern Africa (FAO),,1990,360939785
Eastern Africa (FAO),,1991,375380890
Eastern Africa (FAO),,1992,381098851
Eastern Africa (FAO),,1993,336215670
Eastern Africa (FAO),,1994,342107724
Eastern Africa (FAO),,1995,358269460
Eastern Africa (FAO),,1996,366962658
Eastern Africa (FAO),,1997,376551402
Eastern Africa (FAO),,1998,388780244
Eastern Africa (FAO),,1999,396465651
Eastern Africa (FAO),,2000,412195732
Eastern Africa (FAO),,2001,459895333
Eastern Africa (FAO),,2002,475880113
Eastern Africa (FAO),,2003,479634945
Eastern Africa (FAO),,2004,481092006
Eastern Africa (FAO),,2005,489184621
Eastern Africa (FAO),,2006,485369010
Eastern Africa (FAO),,2007,498803525
Eastern Africa (FAO),,2008,521986951
Eastern Africa (FAO),,2009,547231039
Eastern Africa (FAO),,2010,582832554
Eastern Africa (FAO),,2011,595458143
Eastern Africa (FAO),,2012,618478836
Eastern Africa (FAO),,2013,624302343
Eastern Africa (FAO),,2014,642233578
Eastern Africa (FAO),,2015,658314067
Eastern Africa (FAO),,2016,706852053
Eastern Africa (FAO),,2017,757281449
Eastern Africa (FAO),,2018,805513316
Eastern Africa (FAO),,2019,743781494
Eastern Africa (FAO),,2020,800811205
Eastern Africa (FAO),,2021,805795505
Eastern Africa (FAO),,2022,828394796
Eastern Asia (FAO),,1961,812562588
Eastern Asia (FAO),,1962,864484324
Eastern Asia (FAO),,1963,942469912
Eastern Asia (FAO),,1964,993341664
Eastern Asia (FAO),,1965,1065166986
Eastern Asia (FAO),,1966,1126604247
Eastern Asia (FAO),,1967,1209120250
Eastern Asia (FAO),,1968,1266587974
Eastern Asia (FAO),,1969,1352725702
Eastern Asia (FAO),,1970,1439582259
Eastern Asia (FAO),,1971,1553223013
Eastern Asia (FAO),,1972,1694888686
Eastern Asia (FAO),,1973,1780698460
Eastern Asia (FAO),,1974,1857706392
Eastern Asia (FAO),,1975,1893464169
Eastern Asia (FAO),,1976,2022905123
Eastern Asia (FAO),,1977,2171906614
Eastern Asia (FAO),,1978,2308609604
Eastern Asia (FAO),,1979,2436723207
Eastern Asia (FAO),,1980,2534983909
Eastern Asia (FAO),,1981,2582020484
Eastern Asia (FAO),,1982,2688420557
Eastern Asia (FAO),,1983,2843573211
Eastern Asia (FAO),,1984,2912842389
Eastern Asia (FAO),,1985,2939808707
Eastern Asia (FAO),,1986,3243573762
Eastern Asia (FAO),,1987,3501810517
Eastern Asia (FAO),,1988,3911395080
Eastern Asia (FAO),,1989,3974125237
Eastern Asia (FAO),,1990,4253398980
Eastern Asia (FAO),,1991,4746904527
Eastern Asia (FAO),,1992,5132302489
Eastern Asia (FAO),,1993,6095943321
Eastern Asia (FAO),,1994,6572792565
Eastern Asia (FAO),,1995,7593430507
Eastern Asia (FAO),,1996,7775527212
Eastern Asia (FAO),,1997,8872223872
Eastern Asia (FAO),,1998,9330838514
Eastern Asia (FAO),,1999,10195342020
Eastern Asia (FAO),,2000,10596306348
Eastern Asia (FAO),,2001,10569989280
Eastern Asia (FAO),,2002,10834569712
Eastern Asia (FAO),,2003,11281026699
Eastern Asia (FAO),,2004,11336265085
Eastern Asia (FAO),,2005,12048116390
Eastern Asia (FAO),,2006,12135311338
Eastern Asia (FAO),,2007,12871061798
Eastern Asia (FAO),,2008,13499071377
Eastern Asia (FAO),,2009,14009837684
Eastern Asia (FAO),,2010,14529323056
Eastern Asia (FAO),,2011,14898285617
Eastern Asia (FAO),,2012,15731302505
Eastern Asia (FAO),,2013,15596346659
Eastern Asia (FAO),,2014,15428700088
Eastern Asia (FAO),,2015,15915500036
Eastern Asia (FAO),,2016,16242151852
Eastern Asia (FAO),,2017,16592124677
Eastern Asia (FAO),,2018,17559403303
Eastern Asia (FAO),,2019,17634607580
Eastern Asia (FAO),,2020,17745921120
Eastern Asia (FAO),,2021,18184152806
Eastern Asia (FAO),,2022,18494188935
Eastern Europe (FAO),,1961,1170889088
Eastern Europe (FAO),,1962,1194564000
Eastern Europe (FAO),,1963,1205486156
Eastern Europe (FAO),,1964,1057075456
Eastern Europe (FAO),,1965,1141946856
Eastern Europe (FAO),,1966,1215608287
Eastern Europe (FAO),,1967,1261108342
Eastern Europe (FAO),,1968,1324721067
Eastern Europe (FAO),,1969,1407591005
Eastern Europe (FAO),,1970,1620044490
Eastern Europe (FAO),,1971,1771625889
Eastern Europe (FAO),,1972,1905356215
Eastern Europe (FAO),,1973,2020193359
Eastern Europe (FAO),,1974,2225801766
Eastern Europe (FAO),,1975,2401310795
Eastern Europe (FAO),,1976,2362463007
Eastern Europe (FAO),,1977,2677953701
Eastern Europe (FAO),,1978,2917897018
Eastern Europe (FAO),,1979,3097203718
Eastern Europe (FAO),,1980,3191568735
Eastern Europe (FAO),,1981,3296751155
Eastern Europe (FAO),,1982,3332194843
Eastern Europe (FAO),,1983,3458794132
Eastern Europe (FAO),,1984,3593597266
Eastern Europe (FAO),,1985,3693596352
Eastern Europe (FAO),,1986,3945246791
Eastern Europe (FAO),,1987,4099716602
Eastern Europe (FAO),,1988,4188163109
Eastern Europe (FAO),,1989,4161245087
Eastern Europe (FAO),,1990,4117300516
Eastern Europe (FAO),,1991,3783648799
Eastern Europe (FAO),,1992,2960250718
Eastern Europe (FAO),,1993,2629352703
Eastern Europe (FAO),,1994,2317601437
Eastern Europe (FAO),,1995,2153374944
Eastern Europe (FAO),,1996,1981298394
Eastern Europe (FAO),,1997,1896606809
Eastern Europe (FAO),,1998,1998397442
Eastern Europe (FAO),,1999,2083317974
Eastern Europe (FAO),,2000,2128392088
Eastern Europe (FAO),,2001,2257692611
Eastern Europe (FAO),,2002,2443197059
Eastern Europe (FAO),,2003,2445864143
Eastern Europe (FAO),,2004,2488023914
Eastern Europe (FAO),,2005,2746164970
Eastern Europe (FAO),,2006,2914618395
Eastern Europe (FAO),,2007,3129570508
Eastern Europe (FAO),,2008,3314435693
Eastern Europe (FAO),,2009,3700995784
Eastern Europe (FAO),,2010,3916260385
Eastern Europe (FAO),,2011,4154700197
Eastern Europe (FAO),,2012,4569273997
Eastern Europe (FAO),,2013,4788495874
Eastern Europe (FAO),,2014,4994609012
Eastern Europe (FAO),,2015,5178477793
Eastern Europe (FAO),,2016,5256382468
Eastern Europe (FAO),,2017,5402101451
Eastern Europe (FAO),,2018,5805460767
Eastern Europe (FAO),,2019,5880700963
Eastern Europe (FAO),,2020,5879817811
Eastern Europe (FAO),,2021,5722916608
Eastern Europe (FAO),,2022,5801075965
Ecuador,ECU,1961,5708404
Ecuador,ECU,1962,5967552
Ecuador,ECU,1963,6286650
Ecuador,ECU,1964,6623401
Ecuador,ECU,1965,7394499
Ecuador,ECU,1966,7440300
Ecuador,ECU,1967,7942400
Ecuador,ECU,1968,8009000
Ecuador,ECU,1969,8577000
Ecuador,ECU,1970,9950000
Ecuador,ECU,1971,11052320
Ecuador,ECU,1972,11810340
Ecuador,ECU,1973,11522200
Ecuador,ECU,1974,13377000
Ecuador,ECU,1975,13486221
Ecuador,ECU,1976,15425312
Ecuador,ECU,1977,17859046
Ecuador,ECU,1978,19575390
Ecuador,ECU,1979,20028768
Ecuador,ECU,1980,19785420
Ecuador,ECU,1981,23592746
Ecuador,ECU,1982,25948375
Ecuador,ECU,1983,28524855
Ecuador,ECU,1984,33699122
Ecuador,ECU,1985,39893191
Ecuador,ECU,1986,48725300
Ecuador,ECU,1987,46815500
Ecuador,ECU,1988,48402250
Ecuador,ECU,1989,52407971
Ecuador,ECU,1990,61527582
Ecuador,ECU,1991,66922608
Ecuador,ECU,1992,70614920
Ecuador,ECU,1993,70956052
Ecuador,ECU,1994,82712901
Ecuador,ECU,1995,89994170
Ecuador,ECU,1996,129519000
Ecuador,ECU,1997,152263000
Ecuador,ECU,1998,94710989
Ecuador,ECU,1999,94047240
Ecuador,ECU,2000,99958368
Ecuador,ECU,2001,99810980
Ecuador,ECU,2002,99613422
Ecuador,ECU,2003,101272927
Ecuador,ECU,2004,102547911
Ecuador,ECU,2005,102434090
Ecuador,ECU,2006,145351815
Ecuador,ECU,2007,160739979
Ecuador,ECU,2008,160680023
Ecuador,ECU,2009,174959600
Ecuador,ECU,2010,188189500
Ecuador,ECU,2011,196572500
Ecuador,ECU,2012,192758500
Ecuador,ECU,2013,222613000
Ecuador,ECU,2014,239795650
Ecuador,ECU,2015,250353486
Ecuador,ECU,2016,267011411
Ecuador,ECU,2017,224635796
Ecuador,ECU,2018,216368302
Ecuador,ECU,2019,246524013
Ecuador,ECU,2020,220824954
Ecuador,ECU,2021,239472065
Ecuador,ECU,2022,251144689
Egypt,EGY,1961,84353000
Egypt,EGY,1962,84630000
Egypt,EGY,1963,84352000
Egypt,EGY,1964,83679000
Egypt,EGY,1965,84510000
Egypt,EGY,1966,85435000
Egypt,EGY,1967,86217000
Egypt,EGY,1968,86634000
Egypt,EGY,1969,87911000
Egypt,EGY,1970,90029000
Egypt,EGY,1971,92256000
Egypt,EGY,1972,95904000
Egypt,EGY,1973,93021000
Egypt,EGY,1974,97073000
Egypt,EGY,1975,99115000
Egypt,EGY,1976,103315588
Egypt,EGY,1977,107745236
Egypt,EGY,1978,111101509
Egypt,EGY,1979,118891074
Egypt,EGY,1980,128320785
Egypt,EGY,1981,155702579
Egypt,EGY,1982,192724000
Egypt,EGY,1983,253910000
Egypt,EGY,1984,293187000
Egypt,EGY,1985,252028000
Egypt,EGY,1986,261964000
Egypt,EGY,1987,290514000
Egypt,EGY,1988,266318000
Egypt,EGY,1989,273444000
Egypt,EGY,1990,284826000
Egypt,EGY,1991,307158000
Egypt,EGY,1992,315348336
Egypt,EGY,1993,323039397
Egypt,EGY,1994,329443769
Egypt,EGY,1995,355445500
Egypt,EGY,1996,354432000
Egypt,EGY,1997,429454105
Egypt,EGY,1998,417853250
Egypt,EGY,1999,441412000
Egypt,EGY,2000,461147000
Egypt,EGY,2001,478175861
Egypt,EGY,2002,484349881
Egypt,EGY,2003,493531160
Egypt,EGY,2004,495293017
Egypt,EGY,2005,496981693
Egypt,EGY,2006,568064799
Egypt,EGY,2007,633247926
Egypt,EGY,2008,585738162
Egypt,EGY,2009,613697267
Egypt,EGY,2010,672386908
Egypt,EGY,2011,709128933
Egypt,EGY,2012,728341821
Egypt,EGY,2013,807962100
Egypt,EGY,2014,870174100
Egypt,EGY,2015,865177000
Egypt,EGY,2016,1047915000
Egypt,EGY,2017,1033701427
Egypt,EGY,2018,1051332000
Egypt,EGY,2019,1379026000
Egypt,EGY,2020,1579192000
Egypt,EGY,2021,1720578700
Egypt,EGY,2022,1842954170
El Salvador,SLV,1961,3177100
El Salvador,SLV,1962,3305300
El Salvador,SLV,1963,3449400
El Salvador,SLV,1964,3600100
El Salvador,SLV,1965,3762400
El Salvador,SLV,1966,3948600
El Salvador,SLV,1967,4135500
El Salvador,SLV,1968,4331600
El Salvador,SLV,1969,4556800
El Salvador,SLV,1970,4778800
El Salvador,SLV,1971,4634000
El Salvador,SLV,1972,4698000
El Salvador,SLV,1973,4711350
El Salvador,SLV,1974,4788150
El Salvador,SLV,1975,6352300
El Salvador,SLV,1976,8754203
El Salvador,SLV,1977,13425868
El Salvador,SLV,1978,15422669
El Salvador,SLV,1979,16621321
El Salvador,SLV,1980,13678480
El Salvador,SLV,1981,16389046
El Salvador,SLV,1982,16845964
El Salvador,SLV,1983,18857003
El Salvador,SLV,1984,23209978
El Salvador,SLV,1985,25144761
El Salvador,SLV,1986,29267731
El Salvador,SLV,1987,29182553
El Salvador,SLV,1988,23530818
El Salvador,SLV,1989,27660731
El Salvador,SLV,1990,24382320
El Salvador,SLV,1991,27754351
El Salvador,SLV,1992,28850779
El Salvador,SLV,1993,31972886
El Salvador,SLV,1994,27965700
El Salvador,SLV,1995,31217490
El Salvador,SLV,1996,30135200
El Salvador,SLV,1997,32360200
El Salvador,SLV,1998,34323800
El Salvador,SLV,1999,34484856
El Salvador,SLV,2000,46420134
El Salvador,SLV,2001,46381615
El Salvador,SLV,2002,48412715
El Salvador,SLV,2003,48351835
El Salvador,SLV,2004,58225920
El Salvador,SLV,2005,72716669
El Salvador,SLV,2006,74829453
El Salvador,SLV,2007,78719266
El Salvador,SLV,2008,70882593
El Salvador,SLV,2009,72047496
El Salvador,SLV,2010,92392222
El Salvador,SLV,2011,96338838
El Salvador,SLV,2012,96776813
El Salvador,SLV,2013,97063412
El Salvador,SLV,2014,100580736
El Salvador,SLV,2015,104257342
El Salvador,SLV,2016,108924984
El Salvador,SLV,2017,112835089
El Salvador,SLV,2018,116271445
El Salvador,SLV,2019,121344469
El Salvador,SLV,2020,124562023
El Salvador,SLV,2021,128378065
El Salvador,SLV,2022,124515010
Equatorial Guinea,GNQ,1961,78628
Equatorial Guinea,GNQ,1962,88688
Equatorial Guinea,GNQ,1963,88747
Equatorial Guinea,GNQ,1964,88773
Equatorial Guinea,GNQ,1965,91082
Equatorial Guinea,GNQ,1966,98800
Equatorial Guinea,GNQ,1967,98875
Equatorial Guinea,GNQ,1968,99040
Equatorial Guinea,GNQ,1969,129200
Equatorial Guinea,GNQ,1970,129460
Equatorial Guinea,GNQ,1971,129720
Equatorial Guinea,GNQ,1972,140070
Equatorial Guinea,GNQ,1973,140320
Equatorial Guinea,GNQ,1974,140380
Equatorial Guinea,GNQ,1975,150590
Equatorial Guinea,GNQ,1976,150700
Equatorial Guinea,GNQ,1977,150810
Equatorial Guinea,GNQ,1978,160820
Equatorial Guinea,GNQ,1979,160920
Equatorial Guinea,GNQ,1980,161030
Equatorial Guinea,GNQ,1981,171330
Equatorial Guinea,GNQ,1982,181540
Equatorial Guinea,GNQ,1983,181540
Equatorial Guinea,GNQ,1984,181850
Equatorial Guinea,GNQ,1985,187055
Equatorial Guinea,GNQ,1986,192260
Equatorial Guinea,GNQ,1987,197515
Equatorial Guinea,GNQ,1988,202770
Equatorial Guinea,GNQ,1989,208025
Equatorial Guinea,GNQ,1990,223280
Equatorial Guinea,GNQ,1991,228535
Equatorial Guinea,GNQ,1992,233790
Equatorial Guinea,GNQ,1993,239045
Equatorial Guinea,GNQ,1994,244295
Equatorial Guinea,GNQ,1995,249550
Equatorial Guinea,GNQ,1996,254800
Equatorial Guinea,GNQ,1997,260055
Equatorial Guinea,GNQ,1998,265305
Equatorial Guinea,GNQ,1999,275560
Equatorial Guinea,GNQ,2000,285810
Equatorial Guinea,GNQ,2001,296165
Equatorial Guinea,GNQ,2002,296165
Equatorial Guinea,GNQ,2003,296170
Equatorial Guinea,GNQ,2004,296320
Equatorial Guinea,GNQ,2005,306320
Equatorial Guinea,GNQ,2006,306325
Equatorial Guinea,GNQ,2007,306475
Equatorial Guinea,GNQ,2008,306475
Equatorial Guinea,GNQ,2009,306507
Equatorial Guinea,GNQ,2010,306895
Equatorial Guinea,GNQ,2011,316945
Equatorial Guinea,GNQ,2012,321071
Equatorial Guinea,GNQ,2013,322750
Equatorial Guinea,GNQ,2014,324714
Equatorial Guinea,GNQ,2015,326704
Equatorial Guinea,GNQ,2016,328729
Equatorial Guinea,GNQ,2017,329887
Equatorial Guinea,GNQ,2018,332010
Equatorial Guinea,GNQ,2019,338228
Equatorial Guinea,GNQ,2020,341309
Equatorial Guinea,GNQ,2021,343476
Equatorial Guinea,GNQ,2022,340551
Eritrea,ERI,1993,5231600
Eritrea,ERI,1994,6070870
Eritrea,ERI,1995,6544470
Eritrea,ERI,1996,7337690
Eritrea,ERI,1997,3182755
Eritrea,ERI,1998,3334820
Eritrea,ERI,1999,3409880
Eritrea,ERI,2000,3700950
Eritrea,ERI,2001,3966010
Eritrea,ERI,2002,4003080
Eritrea,ERI,2003,4196140
Eritrea,ERI,2004,3946210
Eritrea,ERI,2005,4096275
Eritrea,ERI,2006,3788728
Eritrea,ERI,2007,3498900
Eritrea,ERI,2008,3524630
Eritrea,ERI,2009,3504831
Eritrea,ERI,2010,3572900
Eritrea,ERI,2011,3630200
Eritrea,ERI,2012,3660500
Eritrea,ERI,2013,3720687
Eritrea,ERI,2014,3669441
Eritrea,ERI,2015,3381982
Eritrea,ERI,2016,3537361
Eritrea,ERI,2017,3541972
Eritrea,ERI,2018,3511255
Eritrea,ERI,2019,3409424
Eritrea,ERI,2020,3356161
Eritrea,ERI,2021,3271611
Eritrea,ERI,2022,3179429
Estonia,EST,1992,9909667
Estonia,EST,1993,5079900
Estonia,EST,1994,6101800
Estonia,EST,1995,5897600
Estonia,EST,1996,4527100
Estonia,EST,1997,4260800
Estonia,EST,1998,6485525
Estonia,EST,1999,5537742
Estonia,EST,2000,5332765
Estonia,EST,2001,6456100
Estonia,EST,2002,8211449
Estonia,EST,2003,9599453
Estonia,EST,2004,10111085
Estonia,EST,2005,9057101
Estonia,EST,2006,8760547
Estonia,EST,2007,8343742
Estonia,EST,2008,9180888
Estonia,EST,2009,9543864
Estonia,EST,2010,10461345
Estonia,EST,2011,11248212
Estonia,EST,2012,10809500
Estonia,EST,2013,11669900
Estonia,EST,2014,11656000
Estonia,EST,2015,11892800
Estonia,EST,2016,12118200
Estonia,EST,2017,12353330
Estonia,EST,2018,12026270
Eswatini,SWZ,1961,432755
Eswatini,SWZ,1962,451900
Eswatini,SWZ,1963,455900
Eswatini,SWZ,1964,477886
Eswatini,SWZ,1965,483200
Eswatini,SWZ,1966,503541
Eswatini,SWZ,1967,523593
Eswatini,SWZ,1968,523942
Eswatini,SWZ,1969,552630
Eswatini,SWZ,1970,571909
Eswatini,SWZ,1971,612468
Eswatini,SWZ,1972,603065
Eswatini,SWZ,1973,657690
Eswatini,SWZ,1974,707894
Eswatini,SWZ,1975,770126
Eswatini,SWZ,1976,826565
Eswatini,SWZ,1977,820210
Eswatini,SWZ,1978,859001
Eswatini,SWZ,1979,920088
Eswatini,SWZ,1980,885695
Eswatini,SWZ,1981,1045368
Eswatini,SWZ,1982,1055984
Eswatini,SWZ,1983,1069707
Eswatini,SWZ,1984,1037253
Eswatini,SWZ,1985,1037050
Eswatini,SWZ,1986,1060955
Eswatini,SWZ,1987,1083179
Eswatini,SWZ,1988,1201433
Eswatini,SWZ,1989,1386705
Eswatini,SWZ,1990,1351061
Eswatini,SWZ,1991,1383051
Eswatini,SWZ,1992,1431906
Eswatini,SWZ,1993,1383900
Eswatini,SWZ,1994,1325241
Eswatini,SWZ,1995,1425213
Eswatini,SWZ,1996,1421681
Eswatini,SWZ,1997,2526926
Eswatini,SWZ,1998,3074290
Eswatini,SWZ,1999,5783302
Eswatini,SWZ,2000,3717582
Eswatini,SWZ,2001,6229650
Eswatini,SWZ,2002,5773400
Eswatini,SWZ,2003,10702000
Eswatini,SWZ,2004,8309600
Eswatini,SWZ,2005,8305100
Eswatini,SWZ,2006,5259300
Eswatini,SWZ,2007,5375700
Eswatini,SWZ,2008,5417800
Eswatini,SWZ,2009,5417500
Eswatini,SWZ,2010,5821500
Eswatini,SWZ,2011,5976000
Eswatini,SWZ,2012,6029500
Eswatini,SWZ,2013,6080400
Eswatini,SWZ,2014,6624287
Eswatini,SWZ,2015,6510389
Eswatini,SWZ,2016,6143217
Eswatini,SWZ,2017,6250020
Eswatini,SWZ,2018,6277407
Eswatini,SWZ,2019,6152030
Eswatini,SWZ,2020,6025797
Eswatini,SWZ,2021,5958530
Eswatini,SWZ,2022,5855679
Ethiopia,ETH,1993,53740500
Ethiopia,ETH,1994,53748500
Ethiopia,ETH,1995,53730200
Ethiopia,ETH,1996,54209300
Ethiopia,ETH,1997,54446400
Ethiopia,ETH,1998,55774600
Ethiopia,ETH,1999,56137800
Ethiopia,ETH,2000,56415800
Ethiopia,ETH,2001,72325900
Ethiopia,ETH,2002,79515700
Ethiopia,ETH,2003,75396800
Ethiopia,ETH,2004,73263130
Ethiopia,ETH,2005,69069510
Ethiopia,ETH,2006,74298300
Ethiopia,ETH,2007,77387300
Ethiopia,ETH,2008,80189300
Ethiopia,ETH,2009,82616800
Ethiopia,ETH,2010,94470600
Ethiopia,ETH,2011,87851800
Ethiopia,ETH,2012,95972500
Ethiopia,ETH,2013,98152500
Ethiopia,ETH,2014,108433465
Ethiopia,ETH,2015,114736425
Ethiopia,ETH,2016,113620187
Ethiopia,ETH,2017,108582877
Ethiopia,ETH,2018,115591964
Ethiopia,ETH,2019,105674201
Ethiopia,ETH,2020,118999239
Ethiopia,ETH,2021,91525389
Ethiopia,ETH,2022,92628628
Ethiopia (former),OWID_ERE,1961,76423200
Ethiopia (former),OWID_ERE,1962,78942700
Ethiopia (former),OWID_ERE,1963,77375300
Ethiopia (former),OWID_ERE,1964,79343600
Ethiopia (former),OWID_ERE,1965,80891533
Ethiopia (former),OWID_ERE,1966,82537400
Ethiopia (former),OWID_ERE,1967,83991700
Ethiopia (former),OWID_ERE,1968,86145920
Ethiopia (former),OWID_ERE,1969,89052400
Ethiopia (former),OWID_ERE,1970,92030400
Ethiopia (former),OWID_ERE,1971,94537400
Ethiopia (former),OWID_ERE,1972,96045520
Ethiopia (former),OWID_ERE,1973,96119750
Ethiopia (former),OWID_ERE,1974,94972650
Ethiopia (former),OWID_ERE,1975,95089250
Ethiopia (former),OWID_ERE,1976,96547350
Ethiopia (former),OWID_ERE,1977,98110600
Ethiopia (former),OWID_ERE,1978,99214660
Ethiopia (former),OWID_ERE,1979,100744520
Ethiopia (former),OWID_ERE,1980,101994780
Ethiopia (former),OWID_ERE,1981,103034840
Ethiopia (former),OWID_ERE,1982,104269900
Ethiopia (former),OWID_ERE,1983,105384860
Ethiopia (former),OWID_ERE,1984,106158620
Ethiopia (former),OWID_ERE,1985,107077860
Ethiopia (former),OWID_ERE,1986,108889400
Ethiopia (former),OWID_ERE,1987,108158590
Ethiopia (former),OWID_ERE,1988,111864450
Ethiopia (former),OWID_ERE,1989,112425040
Ethiopia (former),OWID_ERE,1990,113728300
Ethiopia (former),OWID_ERE,1991,114120160
Ethiopia (former),OWID_ERE,1992,115050020
Europe,,1961,2828203552
Europe,,1962,2993218464
Europe,,1963,3146449031
Europe,,1964,3196610344
Europe,,1965,3443024011
Europe,,1966,3572083299
Europe,,1967,3751069331
Europe,,1968,3887166776
Europe,,1969,4165959822
Europe,,1970,4638190793
Europe,,1971,4857929692
Europe,,1972,5213637847
Europe,,1973,5554289479
Europe,,1974,5800793537
Europe,,1975,6012906435
Europe,,1976,6190865974
Europe,,1977,6689006138
Europe,,1978,6988658608
Europe,,1979,7277650174
Europe,,1980,7501627559
Europe,,1981,7865243839
Europe,,1982,8025673526
Europe,,1983,8031590677
Europe,,1984,8157219856
Europe,,1985,8292260110
Europe,,1986,8599297894
Europe,,1987,8978129307
Europe,,1988,9167412029
Europe,,1989,9046717264
Europe,,1990,9080407424
Europe,,1991,8575378005
Europe,,1992,7862040818
Europe,,1993,7582208300
Europe,,1994,7415666638
Europe,,1995,7353366935
Europe,,1996,7403125802
Europe,,1997,7334714152
Europe,,1998,7624296224
Europe,,1999,7674005370
Europe,,2000,7870204665
Europe,,2001,8148773006
Europe,,2002,8268196945
Europe,,2003,8049332254
Europe,,2004,8131975576
Europe,,2005,8418619496
Europe,,2006,8353843340
Europe,,2007,8851955736
Europe,,2008,9144569691
Europe,,2009,9651672389
Europe,,2010,9934133474
Europe,,2011,10279797435
Europe,,2012,10737537905
Europe,,2013,11106181272
Europe,,2014,11391139895
Europe,,2015,11785269784
Europe,,2016,11895082432
Europe,,2017,12088339077
Europe,,2018,12437595386
Europe,,2019,12479721793
Europe,,2020,12161255550
Europe,,2021,12201162821
Europe,,2022,12032579654
Europe (FAO),,1961,2897339579
Europe (FAO),,1962,3072505831
Europe (FAO),,1963,3225981108
Europe (FAO),,1964,3279585422
Europe (FAO),,1965,3531542369
Europe (FAO),,1966,3663535638
Europe (FAO),,1967,3846138167
Europe (FAO),,1968,3977126175
Europe (FAO),,1969,4256315714
Europe (FAO),,1970,4737024156
Europe (FAO),,1971,4959688090
Europe (FAO),,1972,5313783117
Europe (FAO),,1973,5656518393
Europe (FAO),,1974,5905976837
Europe (FAO),,1975,6115485911
Europe (FAO),,1976,6297928994
Europe (FAO),,1977,6793232188
Europe (FAO),,1978,7085083732
Europe (FAO),,1979,7378287413
Europe (FAO),,1980,7601122614
Europe (FAO),,1981,7961061141
Europe (FAO),,1982,8125465534
Europe (FAO),,1983,8127269710
Europe (FAO),,1984,8248341275
Europe (FAO),,1985,8396202010
Europe (FAO),,1986,8710941736
Europe (FAO),,1987,9093791004
Europe (FAO),,1988,9286570656
Europe (FAO),,1989,9162844878
Europe (FAO),,1990,9203812840
Europe (FAO),,1991,8705668523
Europe (FAO),,1992,8009426649
Europe (FAO),,1993,7748538494
Europe (FAO),,1994,7595522169
Europe (FAO),,1995,7557102290
Europe (FAO),,1996,7621687142
Europe (FAO),,1997,7551863800
Europe (FAO),,1998,7870504911
Europe (FAO),,1999,7913370066
Europe (FAO),,2000,7848753406
Europe (FAO),,2001,8127164150
Europe (FAO),,2002,8246396050
Europe (FAO),,2003,8027917777
Europe (FAO),,2004,8111792430
Europe (FAO),,2005,8399130856
Europe (FAO),,2006,8337605062
Europe (FAO),,2007,8834837154
Europe (FAO),,2008,9127335062
Europe (FAO),,2009,9635672242
Europe (FAO),,2010,9917507932
Europe (FAO),,2011,10263613290
Europe (FAO),,2012,10722273022
Europe (FAO),,2013,11092614240
Europe (FAO),,2014,11377674474
Europe (FAO),,2015,11771105355
Europe (FAO),,2016,11881021319
Europe (FAO),,2017,12073709478
Europe (FAO),,2018,12435122863
Europe (FAO),,2019,12525908956
Europe (FAO),,2020,12528298607
Europe (FAO),,2021,12288123323
Europe (FAO),,2022,12218491881
European Union (27),,1961,1620241229
European Union (27),,1962,1761049649
European Union (27),,1963,1912258603
European Union (27),,1964,2112319333
European Union (27),,1965,2259237696
European Union (27),,1966,2314970729
European Union (27),,1967,2441270179
European Union (27),,1968,2477985990
European Union (27),,1969,2684993147
European Union (27),,1970,2917666822
European Union (27),,1971,3046055892
European Union (27),,1972,3282680759
European Union (27),,1973,3557959186
European Union (27),,1974,3662427530
European Union (27),,1975,3787492486
European Union (27),,1976,4039498426
European Union (27),,1977,4256924733
European Union (27),,1978,4356756831
European Union (27),,1979,4519864361
European Union (27),,1980,4631727816
European Union (27),,1981,4886707045
European Union (27),,1982,4873182894
European Union (27),,1983,4730872337
European Union (27),,1984,4726448756
European Union (27),,1985,4737205353
European Union (27),,1986,4865434299
European Union (27),,1987,5050199141
European Union (27),,1988,5102603318
European Union (27),,1989,5023847999
European Union (27),,1990,5032469915
European Union (27),,1991,4749512332
European Union (27),,1992,4912675878
European Union (27),,1993,5028764661
European Union (27),,1994,5119409008
European Union (27),,1995,5234989754
European Union (27),,1996,5445475187
European Union (27),,1997,5447170092
European Union (27),,1998,5694997626
European Union (27),,1999,5713884439
European Union (27),,2000,5922723128
European Union (27),,2001,6103348435
European Union (27),,2002,6116134001
European Union (27),,2003,5794744870
European Union (27),,2004,5760269135
European Union (27),,2005,5846690656
European Union (27),,2006,5615605453
European Union (27),,2007,5954072789
European Union (27),,2008,6017836530
European Union (27),,2009,6228299385
European Union (27),,2010,6224098404
European Union (27),,2011,6339277023
European Union (27),,2012,6451396252
European Union (27),,2013,6563266641
European Union (27),,2014,6724197071
European Union (27),,2015,6914472838
European Union (27),,2016,6901359119
European Union (27),,2017,6888897516
European Union (27),,2018,7148565282
European Union (27),,2019,7145574760
European Union (27),,2020,6788564057
European Union (27),,2021,6922255566
European Union (27),,2022,6779719413
European Union (27) (FAO),,1961,1692423167
European Union (27) (FAO),,1962,1843477130
European Union (27) (FAO),,1963,1995051468
European Union (27) (FAO),,1964,2198806622
European Union (27) (FAO),,1965,2352030875
European Union (27) (FAO),,1966,2410966204
European Union (27) (FAO),,1967,2541540319
European Union (27) (FAO),,1968,2574049285
European Union (27) (FAO),,1969,2782948837
European Union (27) (FAO),,1970,3024436547
European Union (27) (FAO),,1971,3156219187
European Union (27) (FAO),,1972,3391640761
European Union (27) (FAO),,1973,3668901496
European Union (27) (FAO),,1974,3774567726
European Union (27) (FAO),,1975,3896385642
European Union (27) (FAO),,1976,4153357972
European Union (27) (FAO),,1977,4368104849
European Union (27) (FAO),,1978,4460605301
European Union (27) (FAO),,1979,4629017437
European Union (27) (FAO),,1980,4740115770
European Union (27) (FAO),,1981,4993195041
European Union (27) (FAO),,1982,4985622887
European Union (27) (FAO),,1983,4842538332
European Union (27) (FAO),,1984,4835914751
European Union (27) (FAO),,1985,4859801157
European Union (27) (FAO),,1986,4996623018
European Union (27) (FAO),,1987,5183894138
European Union (27) (FAO),,1988,5238853322
European Union (27) (FAO),,1989,5158773993
European Union (27) (FAO),,1990,5175022921
European Union (27) (FAO),,1991,4897485335
European Union (27) (FAO),,1992,5079452872
European Union (27) (FAO),,1993,5214463652
European Union (27) (FAO),,1994,5317979300
European Union (27) (FAO),,1995,5458140754
European Union (27) (FAO),,1996,5684512684
European Union (27) (FAO),,1997,5685638690
European Union (27) (FAO),,1998,5962713925
European Union (27) (FAO),,1999,5975370437
European Union (27) (FAO),,2000,5922725122
European Union (27) (FAO),,2001,6103351426
European Union (27) (FAO),,2002,6116133995
European Union (27) (FAO),,2003,5794741869
European Union (27) (FAO),,2004,5760270127
European Union (27) (FAO),,2005,5846690652
European Union (27) (FAO),,2006,5615605451
European Union (27) (FAO),,2007,5954071789
European Union (27) (FAO),,2008,6017836532
European Union (27) (FAO),,2009,6228300389
European Union (27) (FAO),,2010,6224099411
European Union (27) (FAO),,2011,6339276023
European Union (27) (FAO),,2012,6451394250
European Union (27) (FAO),,2013,6563266641
European Union (27) (FAO),,2014,6724195078
European Union (27) (FAO),,2015,6914472836
European Union (27) (FAO),,2016,6901358122
European Union (27) (FAO),,2017,6888896505
European Union (27) (FAO),,2018,7160016889
European Union (27) (FAO),,2019,7206307062
European Union (27) (FAO),,2020,7170040519
European Union (27) (FAO),,2021,7023790997
European Union (27) (FAO),,2022,6980408876
Fiji,FJI,1961,233860
Fiji,FJI,1962,246730
Fiji,FJI,1963,265750
Fiji,FJI,1964,291000
Fiji,FJI,1965,304560
Fiji,FJI,1966,339825
Fiji,FJI,1967,371000
Fiji,FJI,1968,428720
Fiji,FJI,1969,498720
Fiji,FJI,1970,558950
Fiji,FJI,1971,610740
Fiji,FJI,1972,547361
Fiji,FJI,1973,922520
Fiji,FJI,1974,959899
Fiji,FJI,1975,981475
Fiji,FJI,1976,1164000
Fiji,FJI,1977,1521500
Fiji,FJI,1978,1824570
Fiji,FJI,1979,2134120
Fiji,FJI,1980,2495000
Fiji,FJI,1981,2716880
Fiji,FJI,1982,2824980
Fiji,FJI,1983,3535300
Fiji,FJI,1984,3297320
Fiji,FJI,1985,3257040
Fiji,FJI,1986,3364550
Fiji,FJI,1987,3369429
Fiji,FJI,1988,3474094
Fiji,FJI,1989,4236691
Fiji,FJI,1990,4580759
Fiji,FJI,1991,4829087
Fiji,FJI,1992,4892826
Fiji,FJI,1993,4707631
Fiji,FJI,1994,6455407
Fiji,FJI,1995,7041342
Fiji,FJI,1996,7712291
Fiji,FJI,1997,6600876
Fiji,FJI,1998,6317392
Fiji,FJI,1999,6505236
Fiji,FJI,2000,6558800
Fiji,FJI,2001,6116053
Fiji,FJI,2002,7635567
Fiji,FJI,2003,8344333
Fiji,FJI,2004,8971267
Fiji,FJI,2005,8464693
Fiji,FJI,2006,9468736
Fiji,FJI,2007,10037133
Fiji,FJI,2008,10042550
Fiji,FJI,2009,8316417
Fiji,FJI,2010,10369610
Fiji,FJI,2011,14152968
Fiji,FJI,2012,9903363
Fiji,FJI,2013,10437100
Fiji,FJI,2014,10981941
Fiji,FJI,2015,11612472
Fiji,FJI,2016,11843977
Fiji,FJI,2017,12161238
Fiji,FJI,2018,12677435
Fiji,FJI,2019,13110043
Fiji,FJI,2020,13405357
Fiji,FJI,2021,13746239
Fiji,FJI,2022,14094096
Finland,FIN,1961,7224100
Finland,FIN,1962,7429800
Finland,FIN,1963,7801700
Finland,FIN,1964,7797800
Finland,FIN,1965,7869700
Finland,FIN,1966,7806400
Finland,FIN,1967,8382600
Finland,FIN,1968,7886800
Finland,FIN,1969,8627000
Finland,FIN,1970,9597000
Finland,FIN,1971,9810600
Finland,FIN,1972,10944600
Finland,FIN,1973,10402500
Finland,FIN,1974,10881800
Finland,FIN,1975,13108500
Finland,FIN,1976,13591300
Finland,FIN,1977,14759600
Finland,FIN,1978,13809000
Finland,FIN,1979,15423700
Finland,FIN,1980,17105200
Finland,FIN,1981,17239600
Finland,FIN,1982,18181100
Finland,FIN,1983,19746500
Finland,FIN,1984,21141600
Finland,FIN,1985,22484600
Finland,FIN,1986,23800100
Finland,FIN,1987,27595500
Finland,FIN,1988,28529900
Finland,FIN,1989,30279300
Finland,FIN,1990,32112700
Finland,FIN,1991,34857300
Finland,FIN,1992,34278900
Finland,FIN,1993,32665600
Finland,FIN,1994,36551900
Finland,FIN,1995,38996500
Finland,FIN,1996,44321200
Finland,FIN,1997,48601900
Finland,FIN,1998,50096100
Finland,FIN,1999,51955200
Finland,FIN,2000,49345000
Finland,FIN,2001,56352550
Finland,FIN,2002,58964500
Finland,FIN,2003,57442886
Finland,FIN,2004,59223400
Finland,FIN,2005,59438910
Finland,FIN,2006,59595000
Finland,FIN,2007,59533690
Finland,FIN,2008,60221090
Finland,FIN,2009,55987633
Finland,FIN,2010,57384157
Finland,FIN,2011,60038875
Finland,FIN,2012,63344395
Finland,FIN,2013,65608561
Finland,FIN,2014,66862616
Finland,FIN,2015,68802380
Finland,FIN,2016,71547940
Finland,FIN,2017,74471740
Finland,FIN,2018,79450420
Finland,FIN,2019,81339170
Finland,FIN,2020,82872065
Finland,FIN,2021,84082877
Finland,FIN,2022,84357049
France,FRA,1961,496951000
France,FRA,1962,511656000
France,FRA,1963,536020000
France,FRA,1964,559053000
France,FRA,1965,578088000
France,FRA,1966,461756000
France,FRA,1967,473255000
France,FRA,1968,473659000
France,FRA,1969,541492000
France,FRA,1970,565421000
France,FRA,1971,577308308
France,FRA,1972,618100400
France,FRA,1973,635095359
France,FRA,1974,653133464
France,FRA,1975,671281640
France,FRA,1976,697508658
France,FRA,1977,717600433
France,FRA,1978,739943308
France,FRA,1979,780735930
France,FRA,1980,826176708
France,FRA,1981,940794900
France,FRA,1982,1015330300
France,FRA,1983,974932600
France,FRA,1984,944696700
France,FRA,1985,955555608
France,FRA,1986,963884508
France,FRA,1987,1032716100
France,FRA,1988,1048474482
France,FRA,1989,1066307400
France,FRA,1990,1051739008
France,FRA,1991,1034964337
France,FRA,1992,1049665554
France,FRA,1993,1093363664
France,FRA,1994,1120996931
France,FRA,1995,1130798038
France,FRA,1996,1186012622
France,FRA,1997,1215952155
France,FRA,1998,1232110904
France,FRA,1999,1197835885
France,FRA,2000,1184587521
France,FRA,2001,1215027241
France,FRA,2002,1119963813
France,FRA,2003,1094021973
France,FRA,2004,1048970592
France,FRA,2005,1075597218
France,FRA,2006,958741171
France,FRA,2007,1031281110
France,FRA,2008,1025324566
France,FRA,2009,1008394478
France,FRA,2010,1028969453
France,FRA,2011,1054262920
France,FRA,2012,1044707565
France,FRA,2013,1049334170
France,FRA,2014,1054167062
France,FRA,2015,1105377556
France,FRA,2016,1042510170
France,FRA,2017,1031518935
France,FRA,2018,972353470
France,FRA,2019,916152850
France,FRA,2020,921197670
France,FRA,2021,904908010
France,FRA,2022,851014010
French Guiana,GUF,1961,151270
French Guiana,GUF,1962,141670
French Guiana,GUF,1963,151315
French Guiana,GUF,1964,142200
French Guiana,GUF,1965,141350
French Guiana,GUF,1966,142400
French Guiana,GUF,1967,152310
French Guiana,GUF,1968,152860
French Guiana,GUF,1969,142216
French Guiana,GUF,1970,162546
French Guiana,GUF,1971,173502
French Guiana,GUF,1972,198790
French Guiana,GUF,1973,218680
French Guiana,GUF,1974,201635
French Guiana,GUF,1975,319970
French Guiana,GUF,1976,330440
French Guiana,GUF,1977,421270
French Guiana,GUF,1978,497490
French Guiana,GUF,1979,426715
French Guiana,GUF,1980,423350
French Guiana,GUF,1981,396220
French Guiana,GUF,1982,381730
French Guiana,GUF,1983,334270
French Guiana,GUF,1984,402335
French Guiana,GUF,1985,382545
French Guiana,GUF,1986,433575
French Guiana,GUF,1987,435380
French Guiana,GUF,1988,425100
French Guiana,GUF,1989,448600
French Guiana,GUF,1990,366570
French Guiana,GUF,1991,550570
French Guiana,GUF,1992,523210
French Guiana,GUF,1993,384090
French Guiana,GUF,1994,521780
French Guiana,GUF,1995,557700
French Guiana,GUF,1996,558000
French Guiana,GUF,1997,557930
French Guiana,GUF,1998,559480
French Guiana,GUF,1999,559630
French Guiana,GUF,2000,461480
French Guiana,GUF,2001,459930
French Guiana,GUF,2002,449230
French Guiana,GUF,2003,438250
French Guiana,GUF,2004,427620
French Guiana,GUF,2005,426880
French Guiana,GUF,2006,395320
French Polynesia,PYF,1961,41600
French Polynesia,PYF,1962,47690
French Polynesia,PYF,1963,53945
French Polynesia,PYF,1964,75255
French Polynesia,PYF,1965,86520
French Polynesia,PYF,1966,148140
French Polynesia,PYF,1967,289405
French Polynesia,PYF,1968,281690
French Polynesia,PYF,1969,264050
French Polynesia,PYF,1970,657000
French Polynesia,PYF,1971,348950
French Polynesia,PYF,1972,301420
French Polynesia,PYF,1973,342060
French Polynesia,PYF,1974,382610
French Polynesia,PYF,1975,411100
French Polynesia,PYF,1976,454450
French Polynesia,PYF,1977,525940
French Polynesia,PYF,1978,525395
French Polynesia,PYF,1979,742840
French Polynesia,PYF,1980,856925
French Polynesia,PYF,1981,708250
French Polynesia,PYF,1982,645540
French Polynesia,PYF,1983,655760
French Polynesia,PYF,1984,462290
French Polynesia,PYF,1985,663550
French Polynesia,PYF,1986,765144
French Polynesia,PYF,1987,833225
French Polynesia,PYF,1988,805035
French Polynesia,PYF,1989,581785
French Polynesia,PYF,1990,773035
French Polynesia,PYF,1991,863445
French Polynesia,PYF,1992,663455
French Polynesia,PYF,1993,743370
French Polynesia,PYF,1994,765610
French Polynesia,PYF,1995,775990
French Polynesia,PYF,1996,773110
French Polynesia,PYF,1997,740720
French Polynesia,PYF,1998,741110
French Polynesia,PYF,1999,843680
French Polynesia,PYF,2000,815530
French Polynesia,PYF,2001,895210
French Polynesia,PYF,2002,761950
French Polynesia,PYF,2003,758300
French Polynesia,PYF,2004,760520
French Polynesia,PYF,2005,760730
French Polynesia,PYF,2006,758840
French Polynesia,PYF,2007,761790
French Polynesia,PYF,2008,761790
French Polynesia,PYF,2009,762050
French Polynesia,PYF,2010,761770
French Polynesia,PYF,2011,769540
French Polynesia,PYF,2012,755185
French Polynesia,PYF,2013,761570
French Polynesia,PYF,2014,742570
French Polynesia,PYF,2015,738926
French Polynesia,PYF,2016,761957
French Polynesia,PYF,2017,748993
French Polynesia,PYF,2018,750712
French Polynesia,PYF,2019,741215
French Polynesia,PYF,2020,728695
French Polynesia,PYF,2021,721909
French Polynesia,PYF,2022,732124
Gabon,GAB,1961,834780
Gabon,GAB,1962,869680
Gabon,GAB,1963,903580
Gabon,GAB,1964,919850
Gabon,GAB,1965,942760
Gabon,GAB,1966,969460
Gabon,GAB,1967,1017220
Gabon,GAB,1968,1076890
Gabon,GAB,1969,1116900
Gabon,GAB,1970,1169700
Gabon,GAB,1971,1217200
Gabon,GAB,1972,1275700
Gabon,GAB,1973,1463300
Gabon,GAB,1974,1725800
Gabon,GAB,1975,2043700
Gabon,GAB,1976,2448900
Gabon,GAB,1977,2843600
Gabon,GAB,1978,3489700
Gabon,GAB,1979,3420400
Gabon,GAB,1980,3467600
Gabon,GAB,1981,3465650
Gabon,GAB,1982,3561950
Gabon,GAB,1983,3762700
Gabon,GAB,1984,4169950
Gabon,GAB,1985,4178150
Gabon,GAB,1986,4286800
Gabon,GAB,1987,4390150
Gabon,GAB,1988,4548500
Gabon,GAB,1989,4678000
Gabon,GAB,1990,4711000
Gabon,GAB,1991,4945200
Gabon,GAB,1992,5180600
Gabon,GAB,1993,5313700
Gabon,GAB,1994,5408500
Gabon,GAB,1995,5592000
Gabon,GAB,1996,5729100
Gabon,GAB,1997,5953000
Gabon,GAB,1998,6035400
Gabon,GAB,1999,6307000
Gabon,GAB,2000,6562950
Gabon,GAB,2001,6403650
Gabon,GAB,2002,6252050
Gabon,GAB,2003,6354150
Gabon,GAB,2004,6355400
Gabon,GAB,2005,6428200
Gabon,GAB,2006,6302400
Gabon,GAB,2007,6653300
Gabon,GAB,2008,6559500
Gabon,GAB,2009,6459500
Gabon,GAB,2010,6460029
Gabon,GAB,2011,6460200
Gabon,GAB,2012,6584750
Gabon,GAB,2013,6725800
Gabon,GAB,2014,6768128
Gabon,GAB,2015,6847152
Gabon,GAB,2016,6867123
Gabon,GAB,2017,6894901
Gabon,GAB,2018,6925453
Gabon,GAB,2019,6999448
Gabon,GAB,2020,7050784
Gabon,GAB,2021,7101247
Gabon,GAB,2022,7149966
Gambia,GMB,1961,339250
Gambia,GMB,1962,329550
Gambia,GMB,1963,327299
Gambia,GMB,1964,358125
Gambia,GMB,1965,392150
Gambia,GMB,1966,426288
Gambia,GMB,1967,456288
Gambia,GMB,1968,455100
Gambia,GMB,1969,461200
Gambia,GMB,1970,469600
Gambia,GMB,1971,477800
Gambia,GMB,1972,485500
Gambia,GMB,1973,490800
Gambia,GMB,1974,504000
Gambia,GMB,1975,536000
Gambia,GMB,1976,567400
Gambia,GMB,1977,508700
Gambia,GMB,1978,495900
Gambia,GMB,1979,512900
Gambia,GMB,1980,540100
Gambia,GMB,1981,556100
Gambia,GMB,1982,577800
Gambia,GMB,1983,609500
Gambia,GMB,1984,654900
Gambia,GMB,1985,664000
Gambia,GMB,1986,715900
Gambia,GMB,1987,778500
Gambia,GMB,1988,830300
Gambia,GMB,1989,900000
Gambia,GMB,1990,960200
Gambia,GMB,1991,1044000
Gambia,GMB,1992,1132232
Gambia,GMB,1993,1229053
Gambia,GMB,1994,1367517
Gambia,GMB,1995,1214607
Gambia,GMB,1996,911849
Gambia,GMB,1997,1109205
Gambia,GMB,1998,906683
Gambia,GMB,1999,1002775
Gambia,GMB,2000,1060476
Gambia,GMB,2001,1024150
Gambia,GMB,2002,1238600
Gambia,GMB,2003,1117200
Gambia,GMB,2004,1247150
Gambia,GMB,2005,1146050
Gambia,GMB,2006,1195040
Gambia,GMB,2007,1317600
Gambia,GMB,2008,1313350
Gambia,GMB,2009,1359600
Gambia,GMB,2010,1392500
Gambia,GMB,2011,1410000
Gambia,GMB,2012,1657500
Gambia,GMB,2013,1833000
Gambia,GMB,2014,2041155
Gambia,GMB,2015,2139685
Gambia,GMB,2016,1583125
Gambia,GMB,2017,1433224
Gambia,GMB,2018,1402086
Gambia,GMB,2019,1355257
Gambia,GMB,2020,1297061
Gambia,GMB,2021,1422078
Gambia,GMB,2022,1440281
Georgia,GEO,1992,10126331
Georgia,GEO,1993,8583581
Georgia,GEO,1994,9010415
Georgia,GEO,1995,9858478
Georgia,GEO,1996,8977477
Georgia,GEO,1997,11117486
Georgia,GEO,1998,10556600
Georgia,GEO,1999,10230850
Georgia,GEO,2000,11583800
Georgia,GEO,2001,9040700
Georgia,GEO,2002,10173400
Georgia,GEO,2003,13522238
Georgia,GEO,2004,13978954
Georgia,GEO,2005,17346899
Georgia,GEO,2006,10582850
Georgia,GEO,2007,11710300
Georgia,GEO,2008,11085050
Georgia,GEO,2009,10879650
Georgia,GEO,2010,10409250
Georgia,GEO,2011,10629925
Georgia,GEO,2012,10436704
Georgia,GEO,2013,9281037
Georgia,GEO,2014,11758267
Georgia,GEO,2015,12339050
Georgia,GEO,2016,14908850
Georgia,GEO,2017,14447450
Georgia,GEO,2018,14861340
Georgia,GEO,2019,14381618
Georgia,GEO,2020,16829053
Georgia,GEO,2021,18150986
Georgia,GEO,2022,16794258
Germany,DEU,1961,196466554
Germany,DEU,1962,199929234
Germany,DEU,1963,214246699
Germany,DEU,1964,237941163
Germany,DEU,1965,247072156
Germany,DEU,1966,273042145
Germany,DEU,1967,303586879
Germany,DEU,1968,318005767
Germany,DEU,1969,336503109
Germany,DEU,1970,371913950
Germany,DEU,1971,405229388
Germany,DEU,1972,403305429
Germany,DEU,1973,444664169
Germany,DEU,1974,410207314
Germany,DEU,1975,454025965
Germany,DEU,1976,463024036
Germany,DEU,1977,490225381
Germany,DEU,1978,519240190
Germany,DEU,1979,536311484
Germany,DEU,1980,555063977
Germany,DEU,1981,551955918
Germany,DEU,1982,558813754
Germany,DEU,1983,508586402
Germany,DEU,1984,514801195
Germany,DEU,1985,510981182
Germany,DEU,1986,519723552
Germany,DEU,1987,534647432
Germany,DEU,1988,539079394
Germany,DEU,1989,516848052
Germany,DEU,1990,509828751
Germany,DEU,1991,412142920
Germany,DEU,1992,398993661
Germany,DEU,1993,400438798
Germany,DEU,1994,413136015
Germany,DEU,1995,402841965
Germany,DEU,1996,463234548
Germany,DEU,1997,478851486
Germany,DEU,1998,499619659
Germany,DEU,1999,505036602
Germany,DEU,2000,505483504
Germany,DEU,2001,523129517
Germany,DEU,2002,526123709
Germany,DEU,2003,586264720
Germany,DEU,2004,629169853
Germany,DEU,2005,634176674
Germany,DEU,2006,637523420
Germany,DEU,2007,716982338
Germany,DEU,2008,793242762
Germany,DEU,2009,808013927
Germany,DEU,2010,747453908
Germany,DEU,2011,770497950
Germany,DEU,2012,755494984
Germany,DEU,2013,765732429
Germany,DEU,2014,789169949
Germany,DEU,2015,779793187
Germany,DEU,2016,753688205
Germany,DEU,2017,746071764
Germany,DEU,2018,737790862
Germany,DEU,2019,731506113
Germany,DEU,2020,729097613
Germany,DEU,2021,726023550
Germany,DEU,2022,723524618
Ghana,GHA,1961,7091000
Ghana,GHA,1962,7071000
Ghana,GHA,1963,7380000
Ghana,GHA,1964,8304000
Ghana,GHA,1965,9315000
Ghana,GHA,1966,9811000
Ghana,GHA,1967,10405000
Ghana,GHA,1968,10833000
Ghana,GHA,1969,11275000
Ghana,GHA,1970,12039000
Ghana,GHA,1971,12139000
Ghana,GHA,1972,12553000
Ghana,GHA,1973,12825000
Ghana,GHA,1974,12354000
Ghana,GHA,1975,12566000
Ghana,GHA,1976,11891000
Ghana,GHA,1977,15022000
Ghana,GHA,1978,14810000
Ghana,GHA,1979,13859000
Ghana,GHA,1980,12998000
Ghana,GHA,1981,12025000
Ghana,GHA,1982,10405000
Ghana,GHA,1983,9380000
Ghana,GHA,1984,8864000
Ghana,GHA,1985,8405000
Ghana,GHA,1986,7810000
Ghana,GHA,1987,10267817
Ghana,GHA,1988,10163042
Ghana,GHA,1989,10859291
Ghana,GHA,1990,11611248
Ghana,GHA,1991,12331373
Ghana,GHA,1992,13075500
Ghana,GHA,1993,14066000
Ghana,GHA,1994,14433000
Ghana,GHA,1995,14580000
Ghana,GHA,1996,14797000
Ghana,GHA,1997,17798000
Ghana,GHA,1998,19565500
Ghana,GHA,1999,21092000
Ghana,GHA,2000,22859000
Ghana,GHA,2001,24387500
Ghana,GHA,2002,26927500
Ghana,GHA,2003,29020500
Ghana,GHA,2004,32241670
Ghana,GHA,2005,31217405
Ghana,GHA,2006,37109991
Ghana,GHA,2007,40303000
Ghana,GHA,2008,43399000
Ghana,GHA,2009,46982800
Ghana,GHA,2010,51566800
Ghana,GHA,2011,56688085
Ghana,GHA,2012,61992000
Ghana,GHA,2013,68158200
Ghana,GHA,2014,73595472
Ghana,GHA,2015,76459212
Ghana,GHA,2016,79409843
Ghana,GHA,2017,80593076
Ghana,GHA,2018,87664569
Ghana,GHA,2019,95384896
Ghana,GHA,2020,87988453
Ghana,GHA,2021,87622058
Ghana,GHA,2022,95156557
Greece,GRC,1961,20836041
Greece,GRC,1962,25653353
Greece,GRC,1963,27685702
Greece,GRC,1964,31140495
Greece,GRC,1965,35218031
Greece,GRC,1966,43268062
Greece,GRC,1967,50664881
Greece,GRC,1968,49041934
Greece,GRC,1969,62843334
Greece,GRC,1970,74567974
Greece,GRC,1971,90033705
Greece,GRC,1972,100330921
Greece,GRC,1973,111352453
Greece,GRC,1974,112939973
Greece,GRC,1975,123775307
Greece,GRC,1976,128679910
Greece,GRC,1977,124431416
Greece,GRC,1978,126481983
Greece,GRC,1979,135791503
Greece,GRC,1980,145028819
Greece,GRC,1981,146208915
Greece,GRC,1982,155967205
Greece,GRC,1983,156012300
Greece,GRC,1984,157193080
Greece,GRC,1985,151997036
Greece,GRC,1986,148169240
Greece,GRC,1987,150283312
Greece,GRC,1988,151743000
Greece,GRC,1989,155562000
Greece,GRC,1990,162841414
Greece,GRC,1991,162292199
Greece,GRC,1992,150082360
Greece,GRC,1993,152891794
Greece,GRC,1994,154632211
Greece,GRC,1995,168156255
Greece,GRC,1996,159158709
Greece,GRC,1997,91849637
Greece,GRC,1998,86893320
Greece,GRC,1999,84361012
Greece,GRC,2000,90527876
Greece,GRC,2001,92632967
Greece,GRC,2002,100933002
Greece,GRC,2003,125084641
Greece,GRC,2004,116250341
Greece,GRC,2005,123297748
Greece,GRC,2006,97215073
Greece,GRC,2007,94083733
Greece,GRC,2008,96010406
Greece,GRC,2009,96883317
Greece,GRC,2010,97084891
Greece,GRC,2011,95439670
Greece,GRC,2012,95971869
Greece,GRC,2013,130450899
Greece,GRC,2014,128161075
Greece,GRC,2015,145234684
Greece,GRC,2016,146865904
Greece,GRC,2017,155826625
Greece,GRC,2018,146309795
Greece,GRC,2019,146903139
Greece,GRC,2020,150780320
Greece,GRC,2021,151765340
Greece,GRC,2022,156263930
Grenada,GRD,1961,218325
Grenada,GRD,1962,219148
Grenada,GRD,1963,220092
Grenada,GRD,1964,222142
Grenada,GRD,1965,223377
Grenada,GRD,1966,224711
Grenada,GRD,1967,226770
Grenada,GRD,1968,255132
Grenada,GRD,1969,255211
Grenada,GRD,1970,270444
Grenada,GRD,1971,285700
Grenada,GRD,1972,305150
Grenada,GRD,1973,354920
Grenada,GRD,1974,325190
Grenada,GRD,1975,304500
Grenada,GRD,1976,315160
Grenada,GRD,1977,305650
Grenada,GRD,1978,296459
Grenada,GRD,1979,304712
Grenada,GRD,1980,345600
Grenada,GRD,1981,356061
Grenada,GRD,1982,366050
Grenada,GRD,1983,376305
Grenada,GRD,1984,387100
Grenada,GRD,1985,397492
Grenada,GRD,1986,407610
Grenada,GRD,1987,418440
Grenada,GRD,1988,428520
Grenada,GRD,1989,438500
Grenada,GRD,1990,448750
Grenada,GRD,1991,458920
Grenada,GRD,1992,459090
Grenada,GRD,1993,469950
Grenada,GRD,1994,479510
Grenada,GRD,1995,489720
Grenada,GRD,1996,489770
Grenada,GRD,1997,529770
Grenada,GRD,1998,609770
Grenada,GRD,1999,610130
Grenada,GRD,2000,610130
Grenada,GRD,2001,610350
Grenada,GRD,2002,610480
Grenada,GRD,2003,710630
Grenada,GRD,2004,610545
Grenada,GRD,2005,610710
Grenada,GRD,2006,779536
Grenada,GRD,2007,722650
Grenada,GRD,2008,651410
Grenada,GRD,2009,691820
Grenada,GRD,2010,691420
Grenada,GRD,2011,691420
Grenada,GRD,2012,711148
Grenada,GRD,2013,687120
Grenada,GRD,2014,611039
Grenada,GRD,2015,560954
Grenada,GRD,2016,561256
Grenada,GRD,2017,560938
Grenada,GRD,2018,564085
Grenada,GRD,2019,526049
Grenada,GRD,2020,486077
Grenada,GRD,2021,438120
Grenada,GRD,2022,382041
Guadeloupe,GLP,1961,431663
Guadeloupe,GLP,1962,428557
Guadeloupe,GLP,1963,426246
Guadeloupe,GLP,1964,423789
Guadeloupe,GLP,1965,401556
Guadeloupe,GLP,1966,388202
Guadeloupe,GLP,1967,388980
Guadeloupe,GLP,1968,370340
Guadeloupe,GLP,1969,359140
Guadeloupe,GLP,1970,381890
Guadeloupe,GLP,1971,389870
Guadeloupe,GLP,1972,370280
Guadeloupe,GLP,1973,375770
Guadeloupe,GLP,1974,381065
Guadeloupe,GLP,1975,388990
Guadeloupe,GLP,1976,402380
Guadeloupe,GLP,1977,414970
Guadeloupe,GLP,1978,437260
Guadeloupe,GLP,1979,637770
Guadeloupe,GLP,1980,1395717
Guadeloupe,GLP,1981,1404150
Guadeloupe,GLP,1982,1104030
Guadeloupe,GLP,1983,985230
Guadeloupe,GLP,1984,935830
Guadeloupe,GLP,1985,1173640
Guadeloupe,GLP,1986,1144450
Guadeloupe,GLP,1987,1322400
Guadeloupe,GLP,1988,1270350
Guadeloupe,GLP,1989,1081050
Guadeloupe,GLP,1990,938090
Guadeloupe,GLP,1991,947590
Guadeloupe,GLP,1992,1046390
Guadeloupe,GLP,1993,1135730
Guadeloupe,GLP,1994,946430
Guadeloupe,GLP,1995,569820
Guadeloupe,GLP,1996,319220
Guadeloupe,GLP,1997,506920
Guadeloupe,GLP,1998,520110
Guadeloupe,GLP,1999,726820
Guadeloupe,GLP,2000,1136820
Guadeloupe,GLP,2001,1138320
Guadeloupe,GLP,2002,1134820
Guadeloupe,GLP,2003,1136820
Guadeloupe,GLP,2004,1132130
Guadeloupe,GLP,2005,1281830
Guadeloupe,GLP,2006,1184080
Guatemala,GTM,1961,4857635
Guatemala,GTM,1962,5109691
Guatemala,GTM,1963,5364194
Guatemala,GTM,1964,5604053
Guatemala,GTM,1965,5907327
Guatemala,GTM,1966,6094976
Guatemala,GTM,1967,6465985
Guatemala,GTM,1968,6793632
Guatemala,GTM,1969,7190459
Guatemala,GTM,1970,7611202
Guatemala,GTM,1971,8362340
Guatemala,GTM,1972,9876146
Guatemala,GTM,1973,10902532
Guatemala,GTM,1974,11839376
Guatemala,GTM,1975,12848995
Guatemala,GTM,1976,13903238
Guatemala,GTM,1977,13957463
Guatemala,GTM,1978,13108781
Guatemala,GTM,1979,15068820
Guatemala,GTM,1980,31431167
Guatemala,GTM,1981,30782099
Guatemala,GTM,1982,32851437
Guatemala,GTM,1983,35086408
Guatemala,GTM,1984,37480845
Guatemala,GTM,1985,39974319
Guatemala,GTM,1986,41997536
Guatemala,GTM,1987,44647336
Guatemala,GTM,1988,47303108
Guatemala,GTM,1989,49581484
Guatemala,GTM,1990,52089594
Guatemala,GTM,1991,54162280
Guatemala,GTM,1992,55595515
Guatemala,GTM,1993,56609306
Guatemala,GTM,1994,53044902
Guatemala,GTM,1995,65944828
Guatemala,GTM,1996,69179200
Guatemala,GTM,1997,72753652
Guatemala,GTM,1998,78723629
Guatemala,GTM,1999,76535788
Guatemala,GTM,2000,78501612
Guatemala,GTM,2001,80828311
Guatemala,GTM,2002,87048540
Guatemala,GTM,2003,82928199
Guatemala,GTM,2004,83256960
Guatemala,GTM,2005,83288304
Guatemala,GTM,2006,96907229
Guatemala,GTM,2007,99813067
Guatemala,GTM,2008,102136375
Guatemala,GTM,2009,104677812
Guatemala,GTM,2010,107905781
Guatemala,GTM,2011,110167505
Guatemala,GTM,2012,114497212
Guatemala,GTM,2013,122558034
Guatemala,GTM,2014,133809968
Guatemala,GTM,2015,140559704
Guatemala,GTM,2016,144213085
Guatemala,GTM,2017,170504091
Guatemala,GTM,2018,188055912
Guatemala,GTM,2019,196896725
Guatemala,GTM,2020,240313996
Guatemala,GTM,2021,229474168
Guatemala,GTM,2022,238982073
Guinea,GIN,1961,1229275
Guinea,GIN,1962,1240375
Guinea,GIN,1963,1301000
Guinea,GIN,1964,1360604
Guinea,GIN,1965,1417552
Guinea,GIN,1966,1478000
Guinea,GIN,1967,1470500
Guinea,GIN,1968,1479000
Guinea,GIN,1969,1512500
Guinea,GIN,1970,1464250
Guinea,GIN,1971,1407500
Guinea,GIN,1972,1555500
Guinea,GIN,1973,1685500
Guinea,GIN,1974,1800500
Guinea,GIN,1975,1911500
Guinea,GIN,1976,2016500
Guinea,GIN,1977,2115000
Guinea,GIN,1978,2216500
Guinea,GIN,1979,2264000
Guinea,GIN,1980,2267000
Guinea,GIN,1981,2268000
Guinea,GIN,1982,2225500
Guinea,GIN,1983,2314000
Guinea,GIN,1984,2274000
Guinea,GIN,1985,2182000
Guinea,GIN,1986,2421400
Guinea,GIN,1987,2596600
Guinea,GIN,1988,2659400
Guinea,GIN,1989,2789750
Guinea,GIN,1990,2909751
Guinea,GIN,1991,2940562
Guinea,GIN,1992,3074666
Guinea,GIN,1993,3210415
Guinea,GIN,1994,3367150
Guinea,GIN,1995,3908990
Guinea,GIN,1996,4106470
Guinea,GIN,1997,4312840
Guinea,GIN,1998,4644490
Guinea,GIN,1999,4961360
Guinea,GIN,2000,5241620
Guinea,GIN,2001,5523446
Guinea,GIN,2002,5860190
Guinea,GIN,2003,6228840
Guinea,GIN,2004,6629950
Guinea,GIN,2005,7001205
Guinea,GIN,2006,7439787
Guinea,GIN,2007,8016601
Guinea,GIN,2008,8488692
Guinea,GIN,2009,8557500
Guinea,GIN,2010,8551100
Guinea,GIN,2011,8314600
Guinea,GIN,2012,8450000
Guinea,GIN,2013,10448000
Guinea,GIN,2014,9839083
Guinea,GIN,2015,10236721
Guinea,GIN,2016,10071964
Guinea,GIN,2017,11573422
Guinea,GIN,2018,9614509
Guinea,GIN,2019,9544000
Guinea,GIN,2020,11670000
Guinea,GIN,2021,12506000
Guinea,GIN,2022,13434000
Guinea-Bissau,GNB,1961,414000
Guinea-Bissau,GNB,1962,414000
Guinea-Bissau,GNB,1963,415000
Guinea-Bissau,GNB,1964,436000
Guinea-Bissau,GNB,1965,437000
Guinea-Bissau,GNB,1966,468000
Guinea-Bissau,GNB,1967,471000
Guinea-Bissau,GNB,1968,499000
Guinea-Bissau,GNB,1969,495000
Guinea-Bissau,GNB,1970,501500
Guinea-Bissau,GNB,1971,523000
Guinea-Bissau,GNB,1972,590000
Guinea-Bissau,GNB,1973,686000
Guinea-Bissau,GNB,1974,643000
Guinea-Bissau,GNB,1975,611000
Guinea-Bissau,GNB,1976,637000
Guinea-Bissau,GNB,1977,662000
Guinea-Bissau,GNB,1978,691000
Guinea-Bissau,GNB,1979,725000
Guinea-Bissau,GNB,1980,773000
Guinea-Bissau,GNB,1981,807000
Guinea-Bissau,GNB,1982,851000
Guinea-Bissau,GNB,1983,909000
Guinea-Bissau,GNB,1984,982000
Guinea-Bissau,GNB,1985,1068000
Guinea-Bissau,GNB,1986,1154740
Guinea-Bissau,GNB,1987,1206800
Guinea-Bissau,GNB,1988,1237000
Guinea-Bissau,GNB,1989,1290100
Guinea-Bissau,GNB,1990,1355400
Guinea-Bissau,GNB,1991,1412800
Guinea-Bissau,GNB,1992,1450600
Guinea-Bissau,GNB,1993,1476450
Guinea-Bissau,GNB,1994,1430300
Guinea-Bissau,GNB,1995,1437700
Guinea-Bissau,GNB,1996,1647100
Guinea-Bissau,GNB,1997,2056500
Guinea-Bissau,GNB,1998,2066000
Guinea-Bissau,GNB,1999,2175450
Guinea-Bissau,GNB,2000,2176500
Guinea-Bissau,GNB,2001,2280700
Guinea-Bissau,GNB,2002,2425329
Guinea-Bissau,GNB,2003,2455700
Guinea-Bissau,GNB,2004,2575700
Guinea-Bissau,GNB,2005,2628200
Guinea-Bissau,GNB,2006,2738500
Guinea-Bissau,GNB,2007,2822220
Guinea-Bissau,GNB,2008,2871320
Guinea-Bissau,GNB,2009,3093665
Guinea-Bissau,GNB,2010,3195500
Guinea-Bissau,GNB,2011,3386000
Guinea-Bissau,GNB,2012,3446000
Guinea-Bissau,GNB,2013,3781395
Guinea-Bissau,GNB,2014,4065406
Guinea-Bissau,GNB,2015,4061666
Guinea-Bissau,GNB,2016,4114258
Guinea-Bissau,GNB,2017,4047244
Guinea-Bissau,GNB,2018,4117881
Guinea-Bissau,GNB,2019,4124325
Guinea-Bissau,GNB,2020,4182354
Guinea-Bissau,GNB,2021,4247295
Guinea-Bissau,GNB,2022,4344119
Guyana,GUY,1961,1707427
Guyana,GUY,1962,1815062
Guyana,GUY,1963,1867193
Guyana,GUY,1964,2378653
Guyana,GUY,1965,2586024
Guyana,GUY,1966,2888489
Guyana,GUY,1967,2888677
Guyana,GUY,1968,3904690
Guyana,GUY,1969,5110549
Guyana,GUY,1970,5611785
Guyana,GUY,1971,6111690
Guyana,GUY,1972,7115122
Guyana,GUY,1973,8118750
Guyana,GUY,1974,8602120
Guyana,GUY,1975,9107154
Guyana,GUY,1976,9525000
Guyana,GUY,1977,10126000
Guyana,GUY,1978,9417000
Guyana,GUY,1979,9410826
Guyana,GUY,1980,9509515
Guyana,GUY,1981,9509800
Guyana,GUY,1982,6508162
Guyana,GUY,1983,3605382
Guyana,GUY,1984,3702000
Guyana,GUY,1985,2704238
Guyana,GUY,1986,2804551
Guyana,GUY,1987,3407000
Guyana,GUY,1988,3610000
Guyana,GUY,1989,2111000
Guyana,GUY,1990,2009000
Guyana,GUY,1991,1514000
Guyana,GUY,1992,2912000
Guyana,GUY,1993,3819000
Guyana,GUY,1994,5707000
Guyana,GUY,1995,7106000
Guyana,GUY,1996,9601000
Guyana,GUY,1997,10900000
Guyana,GUY,1998,10298500
Guyana,GUY,1999,11297500
Guyana,GUY,2000,11297000
Guyana,GUY,2001,11297000
Guyana,GUY,2002,15094500
Guyana,GUY,2003,21398000
Guyana,GUY,2004,22198000
Guyana,GUY,2005,20698100
Guyana,GUY,2006,18748000
Guyana,GUY,2007,23002000
Guyana,GUY,2008,21101000
Guyana,GUY,2009,24701200
Guyana,GUY,2010,22700400
Guyana,GUY,2011,23298650
Guyana,GUY,2012,27696950
Guyana,GUY,2013,26704300
Guyana,GUY,2014,25903553
Guyana,GUY,2015,26768433
Guyana,GUY,2016,28232569
Guyana,GUY,2017,29177883
Guyana,GUY,2018,30077656
Guyana,GUY,2019,31354830
Guyana,GUY,2020,32011057
Guyana,GUY,2021,32743448
Guyana,GUY,2022,33479258
Haiti,HTI,1961,3141895
Haiti,HTI,1962,3207135
Haiti,HTI,1963,3274880
Haiti,HTI,1964,3341740
Haiti,HTI,1965,3395700
Haiti,HTI,1966,3461870
Haiti,HTI,1967,3937588
Haiti,HTI,1968,4057030
Haiti,HTI,1969,4230283
Haiti,HTI,1970,4409083
Haiti,HTI,1971,4635120
Haiti,HTI,1972,4867800
Haiti,HTI,1973,5087600
Haiti,HTI,1974,5296100
Haiti,HTI,1975,5525500
Haiti,HTI,1976,5748300
Haiti,HTI,1977,5815900
Haiti,HTI,1978,6039300
Haiti,HTI,1979,6811800
Haiti,HTI,1980,7006300
Haiti,HTI,1981,7424000
Haiti,HTI,1982,7976000
Haiti,HTI,1983,9018500
Haiti,HTI,1984,9534600
Haiti,HTI,1985,9535600
Haiti,HTI,1986,9454300
Haiti,HTI,1987,9244300
Haiti,HTI,1988,8725500
Haiti,HTI,1989,8399700
Haiti,HTI,1990,8023900
Haiti,HTI,1991,7655500
Haiti,HTI,1992,7488000
Haiti,HTI,1993,7516600
Haiti,HTI,1994,10143900
Haiti,HTI,1995,8132700
Haiti,HTI,1996,7224300
Haiti,HTI,1997,7295500
Haiti,HTI,1998,9384535
Haiti,HTI,1999,9385000
Haiti,HTI,2000,10355500
Haiti,HTI,2001,10397300
Haiti,HTI,2002,10670000
Haiti,HTI,2003,10666500
Haiti,HTI,2004,10535000
Haiti,HTI,2005,10661500
Haiti,HTI,2006,10535000
Haiti,HTI,2007,10535000
Haiti,HTI,2008,10535000
Haiti,HTI,2009,10635000
Haiti,HTI,2010,11342000
Haiti,HTI,2011,11244000
Haiti,HTI,2012,10621000
Haiti,HTI,2013,10621000
Haiti,HTI,2014,10884702
Haiti,HTI,2015,11116983
Haiti,HTI,2016,11273051
Haiti,HTI,2017,11199521
Haiti,HTI,2018,11157588
Haiti,HTI,2019,11360166
Haiti,HTI,2020,11347128
Haiti,HTI,2021,11411318
Haiti,HTI,2022,11495294
High-income countries,,1961,4888825175
High-income countries,,1962,5091272035
High-income countries,,1963,5356149928
High-income countries,,1964,5680539462
High-income countries,,1965,6049083950
High-income countries,,1966,6085291773
High-income countries,,1967,6806619753
High-income countries,,1968,6934143489
High-income countries,,1969,7401373474
High-income countries,,1970,7925764890
High-income countries,,1971,8116168687
High-income countries,,1972,8642848260
High-income countries,,1973,8868754166
High-income countries,,1974,9025035040
High-income countries,,1975,8939455296
High-income countries,,1976,9694150094
High-income countries,,1977,10158039014
High-income countries,,1978,10580510884
High-income countries,,1979,11248552557
High-income countries,,1980,11582121584
High-income countries,,1981,12078161875
High-income countries,,1982,12127092203
High-income countries,,1983,12179121585
High-income countries,,1984,12367375823
High-income countries,,1985,12736151638
High-income countries,,1986,12921972811
High-income countries,,1987,13846768477
High-income countries,,1988,14207376395
High-income countries,,1989,14397108594
High-income countries,,1990,14924426982
High-income countries,,1991,15124280780
High-income countries,,1992,15827325303
High-income countries,,1993,16324829520
High-income countries,,1994,16967767232
High-income countries,,1995,17515894427
High-income countries,,1996,18010078169
High-income countries,,1997,18410421780
High-income countries,,1998,18768420935
High-income countries,,1999,19149925791
High-income countries,,2000,19743092485
High-income countries,,2001,20272654784
High-income countries,,2002,20448747258
High-income countries,,2003,20130629220
High-income countries,,2004,20331285033
High-income countries,,2005,20725742549
High-income countries,,2006,20593545785
High-income countries,,2007,21098844331
High-income countries,,2008,21266505835
High-income countries,,2009,21109444475
High-income countries,,2010,21410015271
High-income countries,,2011,21451203579
High-income countries,,2012,21571075029
High-income countries,,2013,21850733891
High-income countries,,2014,22242337677
High-income countries,,2015,22823330497
High-income countries,,2016,23056739448
High-income countries,,2017,23304576902
High-income countries,,2018,23878063497
High-income countries,,2019,24172719060
High-income countries,,2020,23902994195
High-income countries,,2021,24034957418
High-income countries,,2022,24069103305
Honduras,HND,1961,2984647
Honduras,HND,1962,3107783
Honduras,HND,1963,3421919
Honduras,HND,1964,4319505
Honduras,HND,1965,4632837
Honduras,HND,1966,5106130
Honduras,HND,1967,5244764
Honduras,HND,1968,5338881
Honduras,HND,1969,5473666
Honduras,HND,1970,5622813
Honduras,HND,1971,5751804
Honduras,HND,1972,5913616
Honduras,HND,1973,5945200
Honduras,HND,1974,5926684
Honduras,HND,1975,7151435
Honduras,HND,1976,6809913
Honduras,HND,1977,7908703
Honduras,HND,1978,9173754
Honduras,HND,1979,9508916
Honduras,HND,1980,9762184
Honduras,HND,1981,10512128
Honduras,HND,1982,12671137
Honduras,HND,1983,13925586
Honduras,HND,1984,13938866
Honduras,HND,1985,18132350
Honduras,HND,1986,17000528
Honduras,HND,1987,16761950
Honduras,HND,1988,21558950
Honduras,HND,1989,21025150
Honduras,HND,1990,28906150
Honduras,HND,1991,32076011
Honduras,HND,1992,36019772
Honduras,HND,1993,39240286
Honduras,HND,1994,46597550
Honduras,HND,1995,50228340
Honduras,HND,1996,54490330
Honduras,HND,1997,59046350
Honduras,HND,1998,59104845
Honduras,HND,1999,69385900
Honduras,HND,2000,76275600
Honduras,HND,2001,66981000
Honduras,HND,2002,105471747
Honduras,HND,2003,117429503
Honduras,HND,2004,129457766
Honduras,HND,2005,141445479
Honduras,HND,2006,127393200
Honduras,HND,2007,108169400
Honduras,HND,2008,95336608
Honduras,HND,2009,103619850
Honduras,HND,2010,74755949
Honduras,HND,2011,80322433
Honduras,HND,2012,84967899
Honduras,HND,2013,82836501
Honduras,HND,2014,85773966
Honduras,HND,2015,96010592
Honduras,HND,2016,102599398
Honduras,HND,2017,105335532
Honduras,HND,2018,111063895
Honduras,HND,2019,110950051
Honduras,HND,2020,100663317
Honduras,HND,2021,121639177
Honduras,HND,2022,126992607
Hong Kong,HKG,1961,19615592
Hong Kong,HKG,1962,21126177
Hong Kong,HKG,1963,22243572
Hong Kong,HKG,1964,23346323
Hong Kong,HKG,1965,24726492
Hong Kong,HKG,1966,26006030
Hong Kong,HKG,1967,26583025
Hong Kong,HKG,1968,26299020
Hong Kong,HKG,1969,27057025
Hong Kong,HKG,1970,28179615
Hong Kong,HKG,1971,32335403
Hong Kong,HKG,1972,33703025
Hong Kong,HKG,1973,30798928
Hong Kong,HKG,1974,29895876
Hong Kong,HKG,1975,30544431
Hong Kong,HKG,1976,34427542
Hong Kong,HKG,1977,38690331
Hong Kong,HKG,1978,39528066
Hong Kong,HKG,1979,41986196
Hong Kong,HKG,1980,44938555
Hong Kong,HKG,1981,56119410
Hong Kong,HKG,1982,57977580
Hong Kong,HKG,1983,54034970
Hong Kong,HKG,1984,53561840
Hong Kong,HKG,1985,52132545
Hong Kong,HKG,1986,68571317
Hong Kong,HKG,1987,71017455
Hong Kong,HKG,1988,58243043
Hong Kong,HKG,1989,57015098
Hong Kong,HKG,1990,67718886
Hong Kong,HKG,1991,63637783
Hong Kong,HKG,1992,54089412
Hong Kong,HKG,1993,54873200
Hong Kong,HKG,1994,49829354
Hong Kong,HKG,1995,47122519
Hong Kong,HKG,1996,45019178
Hong Kong,HKG,1997,44194570
Hong Kong,HKG,1998,40426480
Hong Kong,HKG,1999,46333454
Hong Kong,HKG,2000,47965376
Hong Kong,HKG,2001,45458371
Hong Kong,HKG,2002,43765915
Hong Kong,HKG,2003,42554987
Hong Kong,HKG,2004,19600477
Hong Kong,HKG,2005,24395992
Hong Kong,HKG,2006,20315928
Hong Kong,HKG,2007,26111163
Hong Kong,HKG,2008,25882702
Hong Kong,HKG,2009,26019534
Hong Kong,HKG,2010,22059026
Hong Kong,HKG,2011,19378190
Hong Kong,HKG,2012,19933120
Hong Kong,HKG,2013,19956012
Hong Kong,HKG,2014,19359829
Hong Kong,HKG,2015,18400541
Hong Kong,HKG,2016,17334350
Hong Kong,HKG,2017,17293802
Hong Kong,HKG,2018,18240140
Hong Kong,HKG,2019,18148144
Hong Kong,HKG,2020,18784976
Hong Kong,HKG,2021,18368697
Hong Kong,HKG,2022,18443366
Hungary,HUN,1961,118850000
Hungary,HUN,1962,121921000
Hungary,HUN,1963,134588000
Hungary,HUN,1964,142541000
Hungary,HUN,1965,137259000
Hungary,HUN,1966,149471000
Hungary,HUN,1967,154483000
Hungary,HUN,1968,153492000
Hungary,HUN,1969,169404000
Hungary,HUN,1970,185695000
Hungary,HUN,1971,183921000
Hungary,HUN,1972,199038000
Hungary,HUN,1973,224050000
Hungary,HUN,1974,253637000
Hungary,HUN,1975,265171000
Hungary,HUN,1976,297805000
Hungary,HUN,1977,306874600
Hungary,HUN,1978,308659700
Hungary,HUN,1979,303387200
Hungary,HUN,1980,311508700
Hungary,HUN,1981,306136700
Hungary,HUN,1982,369938500
Hungary,HUN,1983,329529700
Hungary,HUN,1984,331488700
Hungary,HUN,1985,322124400
Hungary,HUN,1986,335728400
Hungary,HUN,1987,360556500
Hungary,HUN,1988,358172400
Hungary,HUN,1989,327626100
Hungary,HUN,1990,248099300
Hungary,HUN,1991,206724400
Hungary,HUN,1992,205935000
Hungary,HUN,1993,208749000
Hungary,HUN,1994,201152000
Hungary,HUN,1995,229057600
Hungary,HUN,1996,200966000
Hungary,HUN,1997,199995600
Hungary,HUN,1998,226791500
Hungary,HUN,1999,194225100
Hungary,HUN,2000,223520406
Hungary,HUN,2001,217557916
Hungary,HUN,2002,238520100
Hungary,HUN,2003,232516883
Hungary,HUN,2004,211564218
Hungary,HUN,2005,197752893
Hungary,HUN,2006,164988094
Hungary,HUN,2007,156750855
Hungary,HUN,2008,160825840
Hungary,HUN,2009,162626217
Hungary,HUN,2010,165343554
Hungary,HUN,2011,172562062
Hungary,HUN,2012,185378472
Hungary,HUN,2013,178044019
Hungary,HUN,2014,193036393
Hungary,HUN,2015,214417273
Hungary,HUN,2016,223154037
Hungary,HUN,2017,213752381
Hungary,HUN,2018,226244645
Hungary,HUN,2019,230120980
Hungary,HUN,2020,218590570
Hungary,HUN,2021,234367450
Hungary,HUN,2022,209842640
Iceland,ISL,1961,1193213
Iceland,ISL,1962,1222811
Iceland,ISL,1963,1152093
Iceland,ISL,1964,1057470
Iceland,ISL,1965,1135505
Iceland,ISL,1966,1191250
Iceland,ISL,1967,1264880
Iceland,ISL,1968,1169030
Iceland,ISL,1969,1175450
Iceland,ISL,1970,1148130
Iceland,ISL,1971,1099517
Iceland,ISL,1972,1227209
Iceland,ISL,1973,1380866
Iceland,ISL,1974,1417667
Iceland,ISL,1975,1489992
Iceland,ISL,1976,1524597
Iceland,ISL,1977,1537063
Iceland,ISL,1978,1642900
Iceland,ISL,1979,1756300
Iceland,ISL,1980,1622437
Iceland,ISL,1981,1776071
Iceland,ISL,1982,1751810
Iceland,ISL,1983,2008770
Iceland,ISL,1984,1938548
Iceland,ISL,1985,2359539
Iceland,ISL,1986,2894659
Iceland,ISL,1987,2494713
Iceland,ISL,1988,1787053
Iceland,ISL,1989,1843697
Iceland,ISL,1990,1963241
Iceland,ISL,1991,2008832
Iceland,ISL,1992,1987156
Iceland,ISL,1993,1930668
Iceland,ISL,1994,1700559
Iceland,ISL,1995,2204972
Iceland,ISL,1996,1970134
Iceland,ISL,1997,2269566
Iceland,ISL,1998,2720237
Iceland,ISL,1999,2902713
Iceland,ISL,2000,2896228
Iceland,ISL,2001,3406724
Iceland,ISL,2002,4043211
Iceland,ISL,2003,4829281
Iceland,ISL,2004,4382474
Iceland,ISL,2005,4497883
Iceland,ISL,2006,5044982
Iceland,ISL,2007,5739442
Iceland,ISL,2008,5444699
Iceland,ISL,2009,5248737
Iceland,ISL,2010,5020954
Iceland,ISL,2011,5572898
Iceland,ISL,2012,5700269
Iceland,ISL,2013,5656262
Iceland,ISL,2014,5611938
Iceland,ISL,2015,5779154
Iceland,ISL,2016,6144218
Iceland,ISL,2017,6581572
Iceland,ISL,2018,6415008
Iceland,ISL,2019,6509657
Iceland,ISL,2020,6150515
Iceland,ISL,2021,6171416
Iceland,ISL,2022,6216678
India,IND,1961,131880000
India,IND,1962,134434000
India,IND,1963,135557000
India,IND,1964,137680000
India,IND,1965,139700000
India,IND,1966,141840000
India,IND,1967,144590000
India,IND,1968,147257000
India,IND,1969,150516000
India,IND,1970,153106000
India,IND,1971,155923000
India,IND,1972,156890000
India,IND,1973,158805000
India,IND,1974,161015000
India,IND,1975,165063000
India,IND,1976,168512000
India,IND,1977,170029000
India,IND,1978,176820000
India,IND,1979,189009000
India,IND,1980,206474000
India,IND,1981,218112000
India,IND,1982,236490000
India,IND,1983,245800000
India,IND,1984,262715000
India,IND,1985,278810000
India,IND,1986,302220000
India,IND,1987,416250000
India,IND,1988,423632000
India,IND,1989,460514000
India,IND,1990,512912000
India,IND,1991,649569000
India,IND,1992,670768000
India,IND,1993,746676000
India,IND,1994,765685000
India,IND,1995,784996000
India,IND,1996,805310000
India,IND,1997,811332000
India,IND,1998,852786000
India,IND,1999,896251000
India,IND,2000,978510000
India,IND,2001,1029879000
India,IND,2002,1083291000
India,IND,2003,1171276000
India,IND,2004,1254874000
India,IND,2005,1343702000
India,IND,2006,1443169000
India,IND,2007,1599080000
India,IND,2008,1722235000
India,IND,2009,1861730000
India,IND,2010,1937348000
India,IND,2011,1979020000
India,IND,2012,2278125000
India,IND,2013,2134710000
India,IND,2014,2486971000
India,IND,2015,2514285711
India,IND,2016,2553534047
India,IND,2017,2631849518
India,IND,2018,2727982986
India,IND,2019,2831489172
India,IND,2020,2931126102
India,IND,2021,3017346638
India,IND,2022,3116074766
Indonesia,IDN,1961,73839476
Indonesia,IDN,1962,75285400
Indonesia,IDN,1963,76393000
Indonesia,IDN,1964,78164000
Indonesia,IDN,1965,78785000
Indonesia,IDN,1966,79900000
Indonesia,IDN,1967,82226000
Indonesia,IDN,1968,78168885
Indonesia,IDN,1969,79767087
Indonesia,IDN,1970,81340426
Indonesia,IDN,1971,96103370
Indonesia,IDN,1972,106466053
Indonesia,IDN,1973,108618730
Indonesia,IDN,1974,117812233
Indonesia,IDN,1975,124486526
Indonesia,IDN,1976,130501029
Indonesia,IDN,1977,137127943
Indonesia,IDN,1978,148147497
Indonesia,IDN,1979,186973715
Indonesia,IDN,1980,229851993
Indonesia,IDN,1981,244035702
Indonesia,IDN,1982,258731190
Indonesia,IDN,1983,343593499
Indonesia,IDN,1984,363296869
Indonesia,IDN,1985,412280227
Indonesia,IDN,1986,445884565
Indonesia,IDN,1987,494673236
Indonesia,IDN,1988,523156710
Indonesia,IDN,1989,571553727
Indonesia,IDN,1990,654789024
Indonesia,IDN,1991,743043559
Indonesia,IDN,1992,824107384
Indonesia,IDN,1993,890956106
Indonesia,IDN,1994,1043656999
Indonesia,IDN,1995,1107152990
Indonesia,IDN,1996,1198193746
Indonesia,IDN,1997,1138910647
Indonesia,IDN,1998,789161237
Indonesia,IDN,1999,786505828
Indonesia,IDN,2000,1032931284
Indonesia,IDN,2001,1165452324
Indonesia,IDN,2002,1395590360
Indonesia,IDN,2003,1440415607
Indonesia,IDN,2004,1531100673
Indonesia,IDN,2005,1447649545
Indonesia,IDN,2006,1621979087
Indonesia,IDN,2007,1730643809
Indonesia,IDN,2008,1955468227
Indonesia,IDN,2009,1957075409
Indonesia,IDN,2010,1996218568
Indonesia,IDN,2011,2130032773
Indonesia,IDN,2012,2144822336
Indonesia,IDN,2013,2307636372
Indonesia,IDN,2014,2358637526
Indonesia,IDN,2015,2589085892
Indonesia,IDN,2016,2823391343
Indonesia,IDN,2017,4613572010
Indonesia,IDN,2018,4899269858
Indonesia,IDN,2019,5045844027
Indonesia,IDN,2020,4740588253
Indonesia,IDN,2021,4257673263
Indonesia,IDN,2022,4644560916
Iran,IRN,1961,41459000
Iran,IRN,1962,42332000
Iran,IRN,1963,43043000
Iran,IRN,1964,44031000
Iran,IRN,1965,44076000
Iran,IRN,1966,44326000
Iran,IRN,1967,57574000
Iran,IRN,1968,63955000
Iran,IRN,1969,70432000
Iran,IRN,1970,77234000
Iran,IRN,1971,85353000
Iran,IRN,1972,94397000
Iran,IRN,1973,94518000
Iran,IRN,1974,99738500
Iran,IRN,1975,98539500
Iran,IRN,1976,113102000
Iran,IRN,1977,134867000
Iran,IRN,1978,158078000
Iran,IRN,1979,169790000
Iran,IRN,1980,170034000
Iran,IRN,1981,172038000
Iran,IRN,1982,174439000
Iran,IRN,1983,186076000
Iran,IRN,1984,190717500
Iran,IRN,1985,191873500
Iran,IRN,1986,243328000
Iran,IRN,1987,261297000
Iran,IRN,1988,261865500
Iran,IRN,1989,297893500
Iran,IRN,1990,299477500
Iran,IRN,1991,328753000
Iran,IRN,1992,401341300
Iran,IRN,1993,430631500
Iran,IRN,1994,469125200
Iran,IRN,1995,486621800
Iran,IRN,1996,496650000
Iran,IRN,1997,509603663
Iran,IRN,1998,543507129
Iran,IRN,1999,625375846
Iran,IRN,2000,701858049
Iran,IRN,2001,769584248
Iran,IRN,2002,817105880
Iran,IRN,2003,949952363
Iran,IRN,2004,990428200
Iran,IRN,2005,1061712526
Iran,IRN,2006,1160830849
Iran,IRN,2007,1256346043
Iran,IRN,2008,1325878948
Iran,IRN,2009,1678953044
Iran,IRN,2010,1569297837
Iran,IRN,2011,1604648392
Iran,IRN,2012,1641607522
Iran,IRN,2013,1646698717
Iran,IRN,2014,1662497985
Iran,IRN,2015,1708083580
Iran,IRN,2016,1734876267
Iran,IRN,2017,1772103078
Iran,IRN,2018,1784198058
Iran,IRN,2019,1764278507
Iran,IRN,2020,1852248564
Iran,IRN,2021,1879606451
Iran,IRN,2022,1902044066
Iraq,IRQ,1961,7452000
Iraq,IRQ,1962,7612000
Iraq,IRQ,1963,7932000
Iraq,IRQ,1964,8800000
Iraq,IRQ,1965,9168200
Iraq,IRQ,1966,10393000
Iraq,IRQ,1967,13449500
Iraq,IRQ,1968,16543000
Iraq,IRQ,1969,18486000
Iraq,IRQ,1970,21604000
Iraq,IRQ,1971,23434000
Iraq,IRQ,1972,27228500
Iraq,IRQ,1973,30025000
Iraq,IRQ,1974,31812000
Iraq,IRQ,1975,31782761
Iraq,IRQ,1976,32705308
Iraq,IRQ,1977,34040500
Iraq,IRQ,1978,45129000
Iraq,IRQ,1979,48736500
Iraq,IRQ,1980,61011380
Iraq,IRQ,1981,67875670
Iraq,IRQ,1982,157767000
Iraq,IRQ,1983,115502500
Iraq,IRQ,1984,162892500
Iraq,IRQ,1985,192548000
Iraq,IRQ,1986,201078500
Iraq,IRQ,1987,203431800
Iraq,IRQ,1988,212547900
Iraq,IRQ,1989,270722900
Iraq,IRQ,1990,195123250
Iraq,IRQ,1991,10606833
Iraq,IRQ,1992,26752200
Iraq,IRQ,1993,25279760
Iraq,IRQ,1994,36636825
Iraq,IRQ,1995,39397995
Iraq,IRQ,1996,39792307
Iraq,IRQ,1997,35197430
Iraq,IRQ,1998,30258760
Iraq,IRQ,1999,43074870
Iraq,IRQ,2000,61644480
Iraq,IRQ,2001,72305760
Iraq,IRQ,2002,97002500
Iraq,IRQ,2003,27339074
Iraq,IRQ,2004,47744962
Iraq,IRQ,2005,86667025
Iraq,IRQ,2006,61859250
Iraq,IRQ,2007,83393735
Iraq,IRQ,2008,51734768
Iraq,IRQ,2009,36913788
Iraq,IRQ,2010,55777351
Iraq,IRQ,2011,75684602
Iraq,IRQ,2012,75826500
Iraq,IRQ,2013,75978896
Iraq,IRQ,2014,61002247
Iraq,IRQ,2015,73292940
Iraq,IRQ,2016,73398033
Iraq,IRQ,2017,80398969
Iraq,IRQ,2018,84897240
Iraq,IRQ,2019,113518810
Iraq,IRQ,2020,117724103
Iraq,IRQ,2021,120760309
Iraq,IRQ,2022,147405514
Ireland,IRL,1961,14304800
Ireland,IRL,1962,14383900
Ireland,IRL,1963,15496800
Ireland,IRL,1964,16185900
Ireland,IRL,1965,17163300
Ireland,IRL,1966,19565500
Ireland,IRL,1967,19471700
Ireland,IRL,1968,22500200
Ireland,IRL,1969,23780100
Ireland,IRL,1970,23761500
Ireland,IRL,1971,25991400
Ireland,IRL,1972,30890500
Ireland,IRL,1973,30778900
Ireland,IRL,1974,30177000
Ireland,IRL,1975,28270000
Ireland,IRL,1976,32103400
Ireland,IRL,1977,30960400
Ireland,IRL,1978,32855900
Ireland,IRL,1979,36238000
Ireland,IRL,1980,37396800
Ireland,IRL,1981,37130000
Ireland,IRL,1982,39289800
Ireland,IRL,1983,38675700
Ireland,IRL,1984,39668930
Ireland,IRL,1985,38259507
Ireland,IRL,1986,41523723
Ireland,IRL,1987,47665764
Ireland,IRL,1988,51050000
Ireland,IRL,1989,50207200
Ireland,IRL,1990,54701220
Ireland,IRL,1991,60189600
Ireland,IRL,1992,61822000
Ireland,IRL,1993,66599100
Ireland,IRL,1994,71985200
Ireland,IRL,1995,73724000
Ireland,IRL,1996,76772400
Ireland,IRL,1997,79320800
Ireland,IRL,1998,81338900
Ireland,IRL,1999,88107900
Ireland,IRL,2000,86279300
Ireland,IRL,2001,93376500
Ireland,IRL,2002,94327500
Ireland,IRL,2003,95022394
Ireland,IRL,2004,96390484
Ireland,IRL,2005,97042209
Ireland,IRL,2006,96788059
Ireland,IRL,2007,90312100
Ireland,IRL,2008,90621159
Ireland,IRL,2009,95074900
Ireland,IRL,2010,89239800
Ireland,IRL,2011,89376400
Ireland,IRL,2012,90345400
Ireland,IRL,2013,91525500
Ireland,IRL,2014,94021886
Ireland,IRL,2015,93929940
Ireland,IRL,2016,95192238
Ireland,IRL,2017,96132646
Ireland,IRL,2018,99978030
Ireland,IRL,2019,105905920
Ireland,IRL,2020,112710910
Ireland,IRL,2021,109834740
Ireland,IRL,2022,108026250
Israel,ISR,1961,39866427
Israel,ISR,1962,48339012
Israel,ISR,1963,48898186
Israel,ISR,1964,54197773
Israel,ISR,1965,54119124
Israel,ISR,1966,61663290
Israel,ISR,1967,66947167
Israel,ISR,1968,67593029
Israel,ISR,1969,61650558
Israel,ISR,1970,66254365
Israel,ISR,1971,71215196
Israel,ISR,1972,80030335
Israel,ISR,1973,81677271
Israel,ISR,1974,92474708
Israel,ISR,1975,93604222
Israel,ISR,1976,102673918
Israel,ISR,1977,105978724
Israel,ISR,1978,113397458
Israel,ISR,1979,123854204
Israel,ISR,1980,112744493
Israel,ISR,1981,126268649
Israel,ISR,1982,136027050
Israel,ISR,1983,142022345
Israel,ISR,1984,144276493
Israel,ISR,1985,138780757
Israel,ISR,1986,115723493
Israel,ISR,1987,114663574
Israel,ISR,1988,119738824
Israel,ISR,1989,120031298
Israel,ISR,1990,126031587
Israel,ISR,1991,133999824
Israel,ISR,1992,144958824
Israel,ISR,1993,151093071
Israel,ISR,1994,165345052
Israel,ISR,1995,172514478
Israel,ISR,1996,178000898
Israel,ISR,1997,179366158
Israel,ISR,1998,183168785
Israel,ISR,1999,196087270
Israel,ISR,2000,268491510
Israel,ISR,2001,298123265
Israel,ISR,2002,313414906
Israel,ISR,2003,338721457
Israel,ISR,2004,339403200
Israel,ISR,2005,356745000
Israel,ISR,2006,374542367
Israel,ISR,2007,392793192
Israel,ISR,2008,408866453
Israel,ISR,2009,403878800
Israel,ISR,2010,416195500
Israel,ISR,2011,424170551
Israel,ISR,2012,445131581
Israel,ISR,2013,409370700
Israel,ISR,2014,379776784
Israel,ISR,2015,483791803
Israel,ISR,2016,449317925
Israel,ISR,2017,495875570
Israel,ISR,2018,487830461
Israel,ISR,2019,521689516
Israel,ISR,2020,546464952
Israel,ISR,2021,507233185
Israel,ISR,2022,506348702
Italy,ITA,1961,252187000
Italy,ITA,1962,294397000
Italy,ITA,1963,337411000
Italy,ITA,1964,395943039
Italy,ITA,1965,465467668
Italy,ITA,1966,482173654
Italy,ITA,1967,470439800
Italy,ITA,1968,475853000
Italy,ITA,1969,486817452
Italy,ITA,1970,514697000
Italy,ITA,1971,511602000
Italy,ITA,1972,547896000
Italy,ITA,1973,602983000
Italy,ITA,1974,625645000
Italy,ITA,1975,607644000
Italy,ITA,1976,606070000
Italy,ITA,1977,624566400
Italy,ITA,1978,654407890
Italy,ITA,1979,677174920
Italy,ITA,1980,697476120
Italy,ITA,1981,695099300
Italy,ITA,1982,694994920
Italy,ITA,1983,683259247
Italy,ITA,1984,663582290
Italy,ITA,1985,648310870
Italy,ITA,1986,652995390
Italy,ITA,1987,682774160
Italy,ITA,1988,693375310
Italy,ITA,1989,702029870
Italy,ITA,1990,705439550
Italy,ITA,1991,615773170
Italy,ITA,1992,620894765
Italy,ITA,1993,624919137
Italy,ITA,1994,607749237
Italy,ITA,1995,594301375
Italy,ITA,1996,609438204
Italy,ITA,1997,594180681
Italy,ITA,1998,586501561
Italy,ITA,1999,601209926
Italy,ITA,2000,579633464
Italy,ITA,2001,600178023
Italy,ITA,2002,569765884
Italy,ITA,2003,494016096
Italy,ITA,2004,497006928
Italy,ITA,2005,491217232
Italy,ITA,2006,451895496
Italy,ITA,2007,515872259
Italy,ITA,2008,545381264
Italy,ITA,2009,561066855
Italy,ITA,2010,569705457
Italy,ITA,2011,583305796
Italy,ITA,2012,596025563
Italy,ITA,2013,578231656
Italy,ITA,2014,577644106
Italy,ITA,2015,602392064
Italy,ITA,2016,623896292
Italy,ITA,2017,615177672
Italy,ITA,2018,596620669
Italy,ITA,2019,633155371
Italy,ITA,2020,637057406
Italy,ITA,2021,627373149
Italy,ITA,2022,571941439
Jamaica,JAM,1961,3296858
Jamaica,JAM,1962,3720875
Jamaica,JAM,1963,4276784
Jamaica,JAM,1964,4849851
Jamaica,JAM,1965,5079918
Jamaica,JAM,1966,6491197
Jamaica,JAM,1967,8750909
Jamaica,JAM,1968,8792709
Jamaica,JAM,1969,10722639
Jamaica,JAM,1970,12381861
Jamaica,JAM,1971,16819939
Jamaica,JAM,1972,13749191
Jamaica,JAM,1973,18033903
Jamaica,JAM,1974,19241982
Jamaica,JAM,1975,20246120
Jamaica,JAM,1976,19966881
Jamaica,JAM,1977,22160880
Jamaica,JAM,1978,22822973
Jamaica,JAM,1979,25161065
Jamaica,JAM,1980,23158934
Jamaica,JAM,1981,21790461
Jamaica,JAM,1982,19762324
Jamaica,JAM,1983,24218969
Jamaica,JAM,1984,25210078
Jamaica,JAM,1985,17830159
Jamaica,JAM,1986,19932265
Jamaica,JAM,1987,23995530
Jamaica,JAM,1988,21996991
Jamaica,JAM,1989,25038271
Jamaica,JAM,1990,34961123
Jamaica,JAM,1991,37080297
Jamaica,JAM,1992,37753577
Jamaica,JAM,1993,30024272
Jamaica,JAM,1994,30204543
Jamaica,JAM,1995,27082578
Jamaica,JAM,1996,39600249
Jamaica,JAM,1997,44176834
Jamaica,JAM,1998,43496372
Jamaica,JAM,1999,50192001
Jamaica,JAM,2000,53049612
Jamaica,JAM,2001,57010009
Jamaica,JAM,2002,57636222
Jamaica,JAM,2003,57365978
Jamaica,JAM,2004,58753585
Jamaica,JAM,2005,61856818
Jamaica,JAM,2006,63652766
Jamaica,JAM,2007,65258205
Jamaica,JAM,2008,64916179
Jamaica,JAM,2009,63591228
Jamaica,JAM,2010,72059431
Jamaica,JAM,2011,72705331
Jamaica,JAM,2012,73198305
Jamaica,JAM,2013,73849139
Jamaica,JAM,2014,73416628
Jamaica,JAM,2015,73875282
Jamaica,JAM,2016,76666077
Jamaica,JAM,2017,78045421
Jamaica,JAM,2018,80506848
Jamaica,JAM,2019,81683042
Jamaica,JAM,2020,75199012
Jamaica,JAM,2021,75436490
Jamaica,JAM,2022,77379654
Japan,JPN,1961,108166907
Japan,JPN,1962,127445579
Japan,JPN,1963,143790253
Japan,JPN,1964,142252112
Japan,JPN,1965,163177860
Japan,JPN,1966,190401945
Japan,JPN,1967,228293693
Japan,JPN,1968,253553741
Japan,JPN,1969,302518630
Japan,JPN,1970,366941154
Japan,JPN,1971,402372584
Japan,JPN,1972,455539691
Japan,JPN,1973,502420072
Japan,JPN,1974,531176049
Japan,JPN,1975,520961953
Japan,JPN,1976,560360221
Japan,JPN,1977,622014871
Japan,JPN,1978,676824145
Japan,JPN,1979,711181099
Japan,JPN,1980,730325347
Japan,JPN,1981,727071305
Japan,JPN,1982,753232738
Japan,JPN,1983,818492112
Japan,JPN,1984,824689628
Japan,JPN,1985,747476346
Japan,JPN,1986,750691055
Japan,JPN,1987,768261171
Japan,JPN,1988,766617049
Japan,JPN,1989,751596195
Japan,JPN,1990,730648357
Japan,JPN,1991,704095617
Japan,JPN,1992,701548178
Japan,JPN,1993,699716474
Japan,JPN,1994,669332500
Japan,JPN,1995,675241300
Japan,JPN,1996,656947600
Japan,JPN,1997,647675683
Japan,JPN,1998,631012004
Japan,JPN,1999,627713436
Japan,JPN,2000,622730009
Japan,JPN,2001,626832811
Japan,JPN,2002,645138075
Japan,JPN,2003,649261817
Japan,JPN,2004,651167264
Japan,JPN,2005,678584266
Japan,JPN,2006,735296465
Japan,JPN,2007,742840695
Japan,JPN,2008,749863828
Japan,JPN,2009,756195706
Japan,JPN,2010,750780726
Japan,JPN,2011,731654408
Japan,JPN,2012,766516396
Japan,JPN,2013,766787509
Japan,JPN,2014,774139801
Japan,JPN,2015,768297912
Japan,JPN,2016,781842447
Japan,JPN,2017,789884798
Japan,JPN,2018,808497937
Japan,JPN,2019,819977208
Japan,JPN,2020,835618685
Japan,JPN,2021,833739107
Japan,JPN,2022,839397712
Jordan,JOR,1961,1804800
Jordan,JOR,1962,2288250
Jordan,JOR,1963,2925300
Jordan,JOR,1964,3551500
Jordan,JOR,1965,4691400
Jordan,JOR,1966,5328000
Jordan,JOR,1967,4639100
Jordan,JOR,1968,4885650
Jordan,JOR,1969,10100150
Jordan,JOR,1970,10325950
Jordan,JOR,1971,13583150
Jordan,JOR,1972,16460840
Jordan,JOR,1973,18672900
Jordan,JOR,1974,19438150
Jordan,JOR,1975,21439900
Jordan,JOR,1976,22349520
Jordan,JOR,1977,23405880
Jordan,JOR,1978,24282020
Jordan,JOR,1979,25447320
Jordan,JOR,1980,26437670
Jordan,JOR,1981,26689390
Jordan,JOR,1982,29168230
Jordan,JOR,1983,36759020
Jordan,JOR,1984,39613010
Jordan,JOR,1985,42929140
Jordan,JOR,1986,49388555
Jordan,JOR,1987,53119062
Jordan,JOR,1988,53511708
Jordan,JOR,1989,40684124
Jordan,JOR,1990,42544700
Jordan,JOR,1991,51029015
Jordan,JOR,1992,59197208
Jordan,JOR,1993,70346202
Jordan,JOR,1994,79162663
Jordan,JOR,1995,91027100
Jordan,JOR,1996,84070100
Jordan,JOR,1997,82505100
Jordan,JOR,1998,80134202
Jordan,JOR,1999,96106937
Jordan,JOR,2000,106440435
Jordan,JOR,2001,105819820
Jordan,JOR,2002,104940750
Jordan,JOR,2003,114572556
Jordan,JOR,2004,128769475
Jordan,JOR,2005,134137504
Jordan,JOR,2006,117530967
Jordan,JOR,2007,135769800
Jordan,JOR,2008,142197500
Jordan,JOR,2009,154982525
Jordan,JOR,2010,189406417
Jordan,JOR,2011,192055917
Jordan,JOR,2012,192445617
Jordan,JOR,2013,198291475
Jordan,JOR,2014,208000818
Jordan,JOR,2015,219568792
Jordan,JOR,2016,211424294
Jordan,JOR,2017,217979241
Jordan,JOR,2018,217669224
Jordan,JOR,2019,199402650
Jordan,JOR,2020,217463974
Jordan,JOR,2021,252519132
Jordan,JOR,2022,262470876
Kazakhstan,KAZ,1992,147101300
Kazakhstan,KAZ,1993,126506000
Kazakhstan,KAZ,1994,96709000
Kazakhstan,KAZ,1995,66847000
Kazakhstan,KAZ,1996,49002800
Kazakhstan,KAZ,1997,39261900
Kazakhstan,KAZ,1998,31840000
Kazakhstan,KAZ,1999,33908700
Kazakhstan,KAZ,2000,37614078
Kazakhstan,KAZ,2001,37180270
Kazakhstan,KAZ,2002,36911931
Kazakhstan,KAZ,2003,38612814
Kazakhstan,KAZ,2004,40311052
Kazakhstan,KAZ,2005,43485855
Kazakhstan,KAZ,2006,55829801
Kazakhstan,KAZ,2007,59043779
Kazakhstan,KAZ,2008,59449984
Kazakhstan,KAZ,2009,65555716
Kazakhstan,KAZ,2010,77841764
Kazakhstan,KAZ,2011,75557506
Kazakhstan,KAZ,2012,85373933
Kazakhstan,KAZ,2013,92410099
Kazakhstan,KAZ,2014,88893887
Kazakhstan,KAZ,2015,93730848
Kazakhstan,KAZ,2016,100705874
Kazakhstan,KAZ,2017,111434024
Kazakhstan,KAZ,2018,120668122
Kazakhstan,KAZ,2019,147668644
Kazakhstan,KAZ,2020,150146365
Kazakhstan,KAZ,2021,161968204
Kazakhstan,KAZ,2022,178660863
Kenya,KEN,1961,11644300
Kenya,KEN,1962,12021900
Kenya,KEN,1963,12401400
Kenya,KEN,1964,13288500
Kenya,KEN,1965,14115500
Kenya,KEN,1966,14426807
Kenya,KEN,1967,15440190
Kenya,KEN,1968,15734253
Kenya,KEN,1969,18457076
Kenya,KEN,1970,18635600
Kenya,KEN,1971,21216631
Kenya,KEN,1972,21703703
Kenya,KEN,1973,23354502
Kenya,KEN,1974,24661494
Kenya,KEN,1975,25536200
Kenya,KEN,1976,26376600
Kenya,KEN,1977,29219800
Kenya,KEN,1978,30966000
Kenya,KEN,1979,31384500
Kenya,KEN,1980,31761800
Kenya,KEN,1981,33094800
Kenya,KEN,1982,34066400
Kenya,KEN,1983,37242800
Kenya,KEN,1984,32293958
Kenya,KEN,1985,40715900
Kenya,KEN,1986,43829215
Kenya,KEN,1987,43145613
Kenya,KEN,1988,40670706
Kenya,KEN,1989,43740539
Kenya,KEN,1990,22932430
Kenya,KEN,1991,23449000
Kenya,KEN,1992,24090000
Kenya,KEN,1993,20748000
Kenya,KEN,1994,21486605
Kenya,KEN,1995,25634175
Kenya,KEN,1996,25813608
Kenya,KEN,1997,26127594
Kenya,KEN,1998,25166846
Kenya,KEN,1999,22982301
Kenya,KEN,2000,21689653
Kenya,KEN,2001,26031083
Kenya,KEN,2002,26830367
Kenya,KEN,2003,27758762
Kenya,KEN,2004,25984612
Kenya,KEN,2005,25445796
Kenya,KEN,2006,29589571
Kenya,KEN,2007,30439338
Kenya,KEN,2008,31346471
Kenya,KEN,2009,32587869
Kenya,KEN,2010,34496747
Kenya,KEN,2011,33016667
Kenya,KEN,2012,31105850
Kenya,KEN,2013,28663400
Kenya,KEN,2014,27288678
Kenya,KEN,2015,35204996
Kenya,KEN,2016,58470153
Kenya,KEN,2017,88197662
Kenya,KEN,2018,106242332
Kenya,KEN,2019,78699519
Kenya,KEN,2020,66173282
Kenya,KEN,2021,76689799
Kenya,KEN,2022,94162689
Kiribati,KIR,1961,125500
Kiribati,KIR,1962,130500
Kiribati,KIR,1963,133500
Kiribati,KIR,1964,140550
Kiribati,KIR,1965,143550
Kiribati,KIR,1966,145900
Kiribati,KIR,1967,148900
Kiribati,KIR,1968,155900
Kiribati,KIR,1969,160900
Kiribati,KIR,1970,165900
Kiribati,KIR,1971,173000
Kiribati,KIR,1972,181000
Kiribati,KIR,1973,186000
Kiribati,KIR,1974,190000
Kiribati,KIR,1975,195000
Kiribati,KIR,1976,199100
Kiribati,KIR,1977,203100
Kiribati,KIR,1978,208100
Kiribati,KIR,1979,211100
Kiribati,KIR,1980,216100
Kiribati,KIR,1981,226200
Kiribati,KIR,1982,236200
Kiribati,KIR,1983,246200
Kiribati,KIR,1984,256200
Kiribati,KIR,1985,266200
Kiribati,KIR,1986,276300
Kiribati,KIR,1987,286300
Kiribati,KIR,1988,296300
Kiribati,KIR,1989,306300
Kiribati,KIR,1990,316300
Kiribati,KIR,1991,326300
Kiribati,KIR,1992,336300
Kiribati,KIR,1993,346300
Kiribati,KIR,1994,346300
Kiribati,KIR,1995,346300
Kiribati,KIR,1996,366800
Kiribati,KIR,1997,366800
Kiribati,KIR,1998,366800
Kiribati,KIR,1999,366800
Kiribati,KIR,2000,382600
Kiribati,KIR,2001,479100
Kiribati,KIR,2002,541200
Kiribati,KIR,2003,541200
Kiribati,KIR,2004,551500
Kiribati,KIR,2005,621900
Kiribati,KIR,2006,702000
Kiribati,KIR,2007,822200
Kiribati,KIR,2008,872200
Kiribati,KIR,2009,892200
Kiribati,KIR,2010,902500
Kiribati,KIR,2011,922500
Kiribati,KIR,2012,935000
Kiribati,KIR,2013,972105
Kiribati,KIR,2014,997188
Kiribati,KIR,2015,1021478
Kiribati,KIR,2016,1039757
Kiribati,KIR,2017,1021046
Kiribati,KIR,2018,1034248
Kiribati,KIR,2019,1061663
Kiribati,KIR,2020,1087895
Kiribati,KIR,2021,1115607
Kiribati,KIR,2022,1151892
Kuwait,KWT,1961,2986000
Kuwait,KWT,1962,3037000
Kuwait,KWT,1963,3347500
Kuwait,KWT,1964,3590000
Kuwait,KWT,1965,3929670
Kuwait,KWT,1966,4219140
Kuwait,KWT,1967,4487119
Kuwait,KWT,1968,4965328
Kuwait,KWT,1969,5455401
Kuwait,KWT,1970,5724555
Kuwait,KWT,1971,5023247
Kuwait,KWT,1972,5955063
Kuwait,KWT,1973,5878141
Kuwait,KWT,1974,5727599
Kuwait,KWT,1975,5958134
Kuwait,KWT,1976,5781106
Kuwait,KWT,1977,6913464
Kuwait,KWT,1978,6287221
Kuwait,KWT,1979,8289826
Kuwait,KWT,1980,8231260
Kuwait,KWT,1981,7705840
Kuwait,KWT,1982,6490570
Kuwait,KWT,1983,14254630
Kuwait,KWT,1984,16238363
Kuwait,KWT,1985,19088328
Kuwait,KWT,1986,21623796
Kuwait,KWT,1987,24730240
Kuwait,KWT,1988,23532372
Kuwait,KWT,1989,25132130
Kuwait,KWT,1990,20163975
Kuwait,KWT,1991,1204975
Kuwait,KWT,1992,9880204
Kuwait,KWT,1993,17530812
Kuwait,KWT,1994,20550166
Kuwait,KWT,1995,21382610
Kuwait,KWT,1996,23553088
Kuwait,KWT,1997,26152880
Kuwait,KWT,1998,28503003
Kuwait,KWT,1999,30812125
Kuwait,KWT,2000,25681251
Kuwait,KWT,2001,26535583
Kuwait,KWT,2002,28545759
Kuwait,KWT,2003,29469009
Kuwait,KWT,2004,26556630
Kuwait,KWT,2005,30951023
Kuwait,KWT,2006,26683148
Kuwait,KWT,2007,27213790
Kuwait,KWT,2008,31310822
Kuwait,KWT,2009,36888073
Kuwait,KWT,2010,34280012
Kuwait,KWT,2011,35683148
Kuwait,KWT,2012,39669602
Kuwait,KWT,2013,37060857
Kuwait,KWT,2014,38744779
Kuwait,KWT,2015,44313226
Kuwait,KWT,2016,43433555
Kuwait,KWT,2017,46633983
Kuwait,KWT,2018,46601443
Kuwait,KWT,2019,48578983
Kuwait,KWT,2020,50486773
Kuwait,KWT,2021,52093347
Kuwait,KWT,2022,53148464
Kyrgyzstan,KGZ,1992,22685000
Kyrgyzstan,KGZ,1993,11590000
Kyrgyzstan,KGZ,1994,9990000
Kyrgyzstan,KGZ,1995,5215500
Kyrgyzstan,KGZ,1996,5297000
Kyrgyzstan,KGZ,1997,4915000
Kyrgyzstan,KGZ,1998,5269814
Kyrgyzstan,KGZ,1999,5766406
Kyrgyzstan,KGZ,2000,5891800
Kyrgyzstan,KGZ,2001,6215200
Kyrgyzstan,KGZ,2002,7135096
Kyrgyzstan,KGZ,2003,8278000
Kyrgyzstan,KGZ,2004,6740600
Kyrgyzstan,KGZ,2005,7373800
Kyrgyzstan,KGZ,2006,7254000
Kyrgyzstan,KGZ,2007,7374000
Kyrgyzstan,KGZ,2008,7670000
Kyrgyzstan,KGZ,2009,6301400
Kyrgyzstan,KGZ,2010,6604500
Kyrgyzstan,KGZ,2011,8098500
Kyrgyzstan,KGZ,2012,8158500
Kyrgyzstan,KGZ,2013,8320200
Kyrgyzstan,KGZ,2014,8613661
Kyrgyzstan,KGZ,2015,9487413
Kyrgyzstan,KGZ,2016,9226035
Kyrgyzstan,KGZ,2017,8734889
Kyrgyzstan,KGZ,2018,8506064
Kyrgyzstan,KGZ,2019,8834674
Kyrgyzstan,KGZ,2020,10286679
Kyrgyzstan,KGZ,2021,11632432
Kyrgyzstan,KGZ,2022,13519894
Land Locked Developing Countries (FAO),,1961,118043735
Land Locked Developing Countries (FAO),,1962,121044075
Land Locked Developing Countries (FAO),,1963,124430853
Land Locked Developing Countries (FAO),,1964,129681258
Land Locked Developing Countries (FAO),,1965,134685290
Land Locked Developing Countries (FAO),,1966,143197759
Land Locked Developing Countries (FAO),,1967,152060663
Land Locked Developing Countries (FAO),,1968,157321289
Land Locked Developing Countries (FAO),,1969,168427407
Land Locked Developing Countries (FAO),,1970,173928407
Land Locked Developing Countries (FAO),,1971,176814298
Land Locked Developing Countries (FAO),,1972,180034110
Land Locked Developing Countries (FAO),,1973,181970652
Land Locked Developing Countries (FAO),,1974,188432971
Land Locked Developing Countries (FAO),,1975,204188425
Land Locked Developing Countries (FAO),,1976,216165423
Land Locked Developing Countries (FAO),,1977,223658113
Land Locked Developing Countries (FAO),,1978,226516258
Land Locked Developing Countries (FAO),,1979,229759935
Land Locked Developing Countries (FAO),,1980,236522514
Land Locked Developing Countries (FAO),,1981,238321557
Land Locked Developing Countries (FAO),,1982,242882313
Land Locked Developing Countries (FAO),,1983,246627466
Land Locked Developing Countries (FAO),,1984,245085753
Land Locked Developing Countries (FAO),,1985,253319340
Land Locked Developing Countries (FAO),,1986,267642471
Land Locked Developing Countries (FAO),,1987,274616984
Land Locked Developing Countries (FAO),,1988,294513640
Land Locked Developing Countries (FAO),,1989,310816246
Land Locked Developing Countries (FAO),,1990,329780063
Land Locked Developing Countries (FAO),,1991,392155624
Land Locked Developing Countries (FAO),,1992,695035715
Land Locked Developing Countries (FAO),,1993,703648299
Land Locked Developing Countries (FAO),,1994,687533941
Land Locked Developing Countries (FAO),,1995,671837366
Land Locked Developing Countries (FAO),,1996,652080123
Land Locked Developing Countries (FAO),,1997,662230421
Land Locked Developing Countries (FAO),,1998,699763361
Land Locked Developing Countries (FAO),,1999,720846040
Land Locked Developing Countries (FAO),,2000,719949494
Land Locked Developing Countries (FAO),,2001,765105534
Land Locked Developing Countries (FAO),,2002,803546758
Land Locked Developing Countries (FAO),,2003,842514837
Land Locked Developing Countries (FAO),,2004,880976347
Land Locked Developing Countries (FAO),,2005,942735575
Land Locked Developing Countries (FAO),,2006,944791125
Land Locked Developing Countries (FAO),,2007,971533222
Land Locked Developing Countries (FAO),,2008,1048356180
Land Locked Developing Countries (FAO),,2009,1114181591
Land Locked Developing Countries (FAO),,2010,1185428879
Land Locked Developing Countries (FAO),,2011,1223314384
Land Locked Developing Countries (FAO),,2012,1258087493
Land Locked Developing Countries (FAO),,2013,1301514708
Land Locked Developing Countries (FAO),,2014,1336447948
Land Locked Developing Countries (FAO),,2015,1376011504
Land Locked Developing Countries (FAO),,2016,1446187188
Land Locked Developing Countries (FAO),,2017,1503613747
Land Locked Developing Countries (FAO),,2018,1569069514
Land Locked Developing Countries (FAO),,2019,1665771185
Land Locked Developing Countries (FAO),,2020,1835691972
Land Locked Developing Countries (FAO),,2021,1833676024
Land Locked Developing Countries (FAO),,2022,1872995506
Laos,LAO,1961,5963250
Laos,LAO,1962,6727000
Laos,LAO,1963,6694875
Laos,LAO,1964,8480275
Laos,LAO,1965,9357850
Laos,LAO,1966,11115855
Laos,LAO,1967,12609170
Laos,LAO,1968,13027050
Laos,LAO,1969,12586300
Laos,LAO,1970,11979850
Laos,LAO,1971,10970000
Laos,LAO,1972,8935450
Laos,LAO,1973,6991350
Laos,LAO,1974,6473200
Laos,LAO,1975,5539000
Laos,LAO,1976,4904500
Laos,LAO,1977,4957250
Laos,LAO,1978,5179210
Laos,LAO,1979,5542980
Laos,LAO,1980,5767000
Laos,LAO,1981,6734150
Laos,LAO,1982,7011500
Laos,LAO,1983,7989500
Laos,LAO,1984,8604800
Laos,LAO,1985,7771800
Laos,LAO,1986,7767000
Laos,LAO,1987,9482200
Laos,LAO,1988,8279500
Laos,LAO,1989,9772900
Laos,LAO,1990,9488700
Laos,LAO,1991,10087900
Laos,LAO,1992,10729100
Laos,LAO,1993,12086800
Laos,LAO,1994,12797100
Laos,LAO,1995,13598400
Laos,LAO,1996,14203100
Laos,LAO,1997,14564600
Laos,LAO,1998,14890100
Laos,LAO,1999,14248000
Laos,LAO,2000,13717174
Laos,LAO,2001,14616428
Laos,LAO,2002,18166765
Laos,LAO,2003,22965100
Laos,LAO,2004,23560600
Laos,LAO,2005,23954900
Laos,LAO,2006,25109200
Laos,LAO,2007,24952000
Laos,LAO,2008,25843000
Laos,LAO,2009,27405000
Laos,LAO,2010,29984000
Laos,LAO,2011,31757000
Laos,LAO,2012,33818000
Laos,LAO,2013,35900000
Laos,LAO,2014,37457692
Laos,LAO,2015,39237132
Laos,LAO,2016,40183027
Laos,LAO,2017,42219493
Laos,LAO,2018,43799728
Laos,LAO,2019,48211777
Laos,LAO,2020,51260231
Laos,LAO,2021,52689502
Laos,LAO,2022,54823710
Latvia,LVA,1992,20922959
Latvia,LVA,1993,11831029
Latvia,LVA,1994,9351890
Latvia,LVA,1995,8199772
Latvia,LVA,1996,6231385
Latvia,LVA,1997,5632084
Latvia,LVA,1998,6121483
Latvia,LVA,1999,5317432
Latvia,LVA,2000,5764953
Latvia,LVA,2001,6511204
Latvia,LVA,2002,7465977
Latvia,LVA,2003,8746724
Latvia,LVA,2004,9929746
Latvia,LVA,2005,11502407
Latvia,LVA,2006,13959160
Latvia,LVA,2007,13909564
Latvia,LVA,2008,14589823
Latvia,LVA,2009,15065253
Latvia,LVA,2010,15822568
Latvia,LVA,2011,15365685
Latvia,LVA,2012,15847104
Latvia,LVA,2013,17288619
Latvia,LVA,2014,17959651
Latvia,LVA,2015,18250807
Latvia,LVA,2016,18199463
Latvia,LVA,2017,19785233
Latvia,LVA,2018,20707041
Latvia,LVA,2019,21258071
Latvia,LVA,2020,21457910
Latvia,LVA,2021,21787860
Latvia,LVA,2022,22219590
Least Developed Countries (FAO),,1961,303208671
Least Developed Countries (FAO),,1962,319108819
Least Developed Countries (FAO),,1963,332106310
Least Developed Countries (FAO),,1964,350872878
Least Developed Countries (FAO),,1965,371280679
Least Developed Countries (FAO),,1966,400918343
Least Developed Countries (FAO),,1967,429419133
Least Developed Countries (FAO),,1968,448831580
Least Developed Countries (FAO),,1969,478409919
Least Developed Countries (FAO),,1970,508899778
Least Developed Countries (FAO),,1971,514394897
Least Developed Countries (FAO),,1972,512244293
Least Developed Countries (FAO),,1973,515033135
Least Developed Countries (FAO),,1974,516672910
Least Developed Countries (FAO),,1975,534568215
Least Developed Countries (FAO),,1976,554898473
Least Developed Countries (FAO),,1977,561785689
Least Developed Countries (FAO),,1978,603488728
Least Developed Countries (FAO),,1979,628253854
Least Developed Countries (FAO),,1980,617112436
Least Developed Countries (FAO),,1981,647044594
Least Developed Countries (FAO),,1982,686373298
Least Developed Countries (FAO),,1983,716855296
Least Developed Countries (FAO),,1984,737380117
Least Developed Countries (FAO),,1985,798017576
Least Developed Countries (FAO),,1986,827075931
Least Developed Countries (FAO),,1987,845458022
Least Developed Countries (FAO),,1988,903319705
Least Developed Countries (FAO),,1989,856706812
Least Developed Countries (FAO),,1990,853287892
Least Developed Countries (FAO),,1991,922031225
Least Developed Countries (FAO),,1992,961873706
Least Developed Countries (FAO),,1993,946250789
Least Developed Countries (FAO),,1994,975985909
Least Developed Countries (FAO),,1995,1013555227
Least Developed Countries (FAO),,1996,1040314934
Least Developed Countries (FAO),,1997,1081404529
Least Developed Countries (FAO),,1998,1131069586
Least Developed Countries (FAO),,1999,1179711954
Least Developed Countries (FAO),,2000,1259296238
Least Developed Countries (FAO),,2001,1359650664
Least Developed Countries (FAO),,2002,1457522598
Least Developed Countries (FAO),,2003,1596304809
Least Developed Countries (FAO),,2004,1672808598
Least Developed Countries (FAO),,2005,1766623088
Least Developed Countries (FAO),,2006,1840331242
Least Developed Countries (FAO),,2007,2106288516
Least Developed Countries (FAO),,2008,2267648792
Least Developed Countries (FAO),,2009,2345510637
Least Developed Countries (FAO),,2010,2545555327
Least Developed Countries (FAO),,2011,2704595322
Least Developed Countries (FAO),,2012,2718580609
Least Developed Countries (FAO),,2013,2785569564
Least Developed Countries (FAO),,2014,2961359724
Least Developed Countries (FAO),,2015,3150665185
Least Developed Countries (FAO),,2016,3231892699
Least Developed Countries (FAO),,2017,3284932326
Least Developed Countries (FAO),,2018,2442976738
Least Developed Countries (FAO),,2019,2488658446
Least Developed Countries (FAO),,2020,2817675578
Least Developed Countries (FAO),,2021,2825808853
Least Developed Countries (FAO),,2022,2848914374
Lebanon,LBN,1961,6963500
Lebanon,LBN,1962,10917500
Lebanon,LBN,1963,11210500
Lebanon,LBN,1964,13039500
Lebanon,LBN,1965,14960400
Lebanon,LBN,1966,18419400
Lebanon,LBN,1967,15943400
Lebanon,LBN,1968,17599000
Lebanon,LBN,1969,18355000
Lebanon,LBN,1970,19245000
Lebanon,LBN,1971,20160000
Lebanon,LBN,1972,21004000
Lebanon,LBN,1973,19189000
Lebanon,LBN,1974,21193000
Lebanon,LBN,1975,18835000
Lebanon,LBN,1976,7512000
Lebanon,LBN,1977,11149000
Lebanon,LBN,1978,17528000
Lebanon,LBN,1979,39304000
Lebanon,LBN,1980,43675844
Lebanon,LBN,1981,43661500
Lebanon,LBN,1982,48955500
Lebanon,LBN,1983,48475000
Lebanon,LBN,1984,47208000
Lebanon,LBN,1985,47591000
Lebanon,LBN,1986,49895000
Lebanon,LBN,1987,51945000
Lebanon,LBN,1988,52849000
Lebanon,LBN,1989,51667000
Lebanon,LBN,1990,50568000
Lebanon,LBN,1991,49654000
Lebanon,LBN,1992,48829000
Lebanon,LBN,1993,50018000
Lebanon,LBN,1994,52844000
Lebanon,LBN,1995,51222000
Lebanon,LBN,1996,51075435
Lebanon,LBN,1997,59581400
Lebanon,LBN,1998,60939200
Lebanon,LBN,1999,62839950
Lebanon,LBN,2000,67045540
Lebanon,LBN,2001,69699030
Lebanon,LBN,2002,72483045
Lebanon,LBN,2003,74314135
Lebanon,LBN,2004,76971020
Lebanon,LBN,2005,72844500
Lebanon,LBN,2006,78441930
Lebanon,LBN,2007,80331136
Lebanon,LBN,2008,80892700
Lebanon,LBN,2009,77525725
Lebanon,LBN,2010,47992926
Lebanon,LBN,2011,55710898
Lebanon,LBN,2012,60654732
Lebanon,LBN,2013,50672796
Lebanon,LBN,2014,53596604
Lebanon,LBN,2015,59507794
Lebanon,LBN,2016,65691817
Lebanon,LBN,2017,66103529
Lebanon,LBN,2018,66856216
Lebanon,LBN,2019,60791482
Lebanon,LBN,2020,53716562
Lebanon,LBN,2021,60445763
Lebanon,LBN,2022,58315288
Lesotho,LSO,1961,1007264
Lesotho,LSO,1962,1086635
Lesotho,LSO,1963,1112988
Lesotho,LSO,1964,1097190
Lesotho,LSO,1965,1156499
Lesotho,LSO,1966,1061266
Lesotho,LSO,1967,1247024
Lesotho,LSO,1968,1202249
Lesotho,LSO,1969,1288259
Lesotho,LSO,1970,1400888
Lesotho,LSO,1971,1477500
Lesotho,LSO,1972,1499000
Lesotho,LSO,1973,1538000
Lesotho,LSO,1974,1559000
Lesotho,LSO,1975,1569000
Lesotho,LSO,1976,1518000
Lesotho,LSO,1977,1541000
Lesotho,LSO,1978,1587000
Lesotho,LSO,1979,1633000
Lesotho,LSO,1980,1696000
Lesotho,LSO,1981,1717000
Lesotho,LSO,1982,1888000
Lesotho,LSO,1983,2003000
Lesotho,LSO,1984,2068000
Lesotho,LSO,1985,2142000
Lesotho,LSO,1986,2163000
Lesotho,LSO,1987,2223000
Lesotho,LSO,1988,2289000
Lesotho,LSO,1989,2345900
Lesotho,LSO,1990,2475502
Lesotho,LSO,1991,1705283
Lesotho,LSO,1992,1473315
Lesotho,LSO,1993,1354033
Lesotho,LSO,1994,1855117
Lesotho,LSO,1995,1978997
Lesotho,LSO,1996,2090024
Lesotho,LSO,1997,2197511
Lesotho,LSO,1998,2076451
Lesotho,LSO,1999,2219389
Lesotho,LSO,2000,2372426
Lesotho,LSO,2001,2432257
Lesotho,LSO,2002,2558825
Lesotho,LSO,2003,2549440
Lesotho,LSO,2004,2606001
Lesotho,LSO,2005,2744208
Lesotho,LSO,2006,2882624
Lesotho,LSO,2007,2913989
Lesotho,LSO,2008,2040982
Lesotho,LSO,2009,2509232
Lesotho,LSO,2010,2071499
Lesotho,LSO,2011,2057773
Lesotho,LSO,2012,2114788
Lesotho,LSO,2013,2129861
Lesotho,LSO,2014,2244249
Lesotho,LSO,2015,2343453
Lesotho,LSO,2016,2441724
Lesotho,LSO,2017,2513401
Lesotho,LSO,2018,1689323
Lesotho,LSO,2019,469764
Lesotho,LSO,2020,1577023
Lesotho,LSO,2021,1430678
Lesotho,LSO,2022,1092149
Liberia,LBR,1961,1474273
Liberia,LBR,1962,1474466
Liberia,LBR,1963,1544774
Liberia,LBR,1964,1661734
Liberia,LBR,1965,1763913
Liberia,LBR,1966,1788226
Liberia,LBR,1967,1861002
Liberia,LBR,1968,1948900
Liberia,LBR,1969,1998617
Liberia,LBR,1970,2117607
Liberia,LBR,1971,2227900
Liberia,LBR,1972,2316300
Liberia,LBR,1973,2473500
Liberia,LBR,1974,2592300
Liberia,LBR,1975,2732000
Liberia,LBR,1976,2830000
Liberia,LBR,1977,3534700
Liberia,LBR,1978,3567500
Liberia,LBR,1979,3688500
Liberia,LBR,1980,3550300
Liberia,LBR,1981,3896200
Liberia,LBR,1982,3953000
Liberia,LBR,1983,4521800
Liberia,LBR,1984,4672500
Liberia,LBR,1985,5294500
Liberia,LBR,1986,5451000
Liberia,LBR,1987,5810000
Liberia,LBR,1988,5758100
Liberia,LBR,1989,6154800
Liberia,LBR,1990,6147000
Liberia,LBR,1991,6147000
Liberia,LBR,1992,6147000
Liberia,LBR,1993,6147000
Liberia,LBR,1994,6147000
Liberia,LBR,1995,6147000
Liberia,LBR,1996,6947000
Liberia,LBR,1997,7147000
Liberia,LBR,1998,7447000
Liberia,LBR,1999,7447000
Liberia,LBR,2000,8457000
Liberia,LBR,2001,9057000
Liberia,LBR,2002,9457000
Liberia,LBR,2003,10057000
Liberia,LBR,2004,10457000
Liberia,LBR,2005,11057000
Liberia,LBR,2006,11735350
Liberia,LBR,2007,12415765
Liberia,LBR,2008,13119640
Liberia,LBR,2009,13677870
Liberia,LBR,2010,14331600
Liberia,LBR,2011,15073000
Liberia,LBR,2012,15277100
Liberia,LBR,2013,15858067
Liberia,LBR,2014,16349627
Liberia,LBR,2015,16438486
Liberia,LBR,2016,16570956
Liberia,LBR,2017,16854127
Liberia,LBR,2018,17106368
Liberia,LBR,2019,16999027
Liberia,LBR,2020,17378723
Liberia,LBR,2021,17803184
Liberia,LBR,2022,18256062
Libya,LBY,1961,1060932
Libya,LBY,1962,1196780
Libya,LBY,1963,1302438
Libya,LBY,1964,1393625
Libya,LBY,1965,1768820
Libya,LBY,1966,2142390
Libya,LBY,1967,2494233
Libya,LBY,1968,3179911
Libya,LBY,1969,3627533
Libya,LBY,1970,3920512
Libya,LBY,1971,4831917
Libya,LBY,1972,6837650
Libya,LBY,1973,10674332
Libya,LBY,1974,9471337
Libya,LBY,1975,11694327
Libya,LBY,1976,17778463
Libya,LBY,1977,14726308
Libya,LBY,1978,19343152
Libya,LBY,1979,23232116
Libya,LBY,1980,24810000
Libya,LBY,1981,31480000
Libya,LBY,1982,31027000
Libya,LBY,1983,35290000
Libya,LBY,1984,37925000
Libya,LBY,1985,37588000
Libya,LBY,1986,39295000
Libya,LBY,1987,43957000
Libya,LBY,1988,43710000
Libya,LBY,1989,47621000
Libya,LBY,1990,52090000
Libya,LBY,1991,53176000
Libya,LBY,1992,54148000
Libya,LBY,1993,57531000
Libya,LBY,1994,66658400
Libya,LBY,1995,81622350
Libya,LBY,1996,80145950
Libya,LBY,1997,78662389
Libya,LBY,1998,78241778
Libya,LBY,1999,78000000
Libya,LBY,2000,77869000
Libya,LBY,2001,78548000
Libya,LBY,2002,78110500
Libya,LBY,2003,78338000
Libya,LBY,2004,78404500
Libya,LBY,2005,78493000
Libya,LBY,2006,74643500
Libya,LBY,2007,94775100
Libya,LBY,2008,96336750
Libya,LBY,2009,98896000
Libya,LBY,2010,102079350
Libya,LBY,2011,105062500
Libya,LBY,2012,106572400
Libya,LBY,2013,107244341
Libya,LBY,2014,104413601
Libya,LBY,2015,103868850
Libya,LBY,2016,105043828
Libya,LBY,2017,106605250
Libya,LBY,2018,110499219
Libya,LBY,2019,111472123
Libya,LBY,2020,111178632
Libya,LBY,2021,111894051
Libya,LBY,2022,114361006
Lithuania,LTU,1992,28966764
Lithuania,LTU,1993,20040894
Lithuania,LTU,1994,20918600
Lithuania,LTU,1995,21562000
Lithuania,LTU,1996,21495400
Lithuania,LTU,1997,22028300
Lithuania,LTU,1998,19060900
Lithuania,LTU,1999,14728700
Lithuania,LTU,2000,14214104
Lithuania,LTU,2001,20481800
Lithuania,LTU,2002,23604900
Lithuania,LTU,2003,26215978
Lithuania,LTU,2004,33292881
Lithuania,LTU,2005,36240637
Lithuania,LTU,2006,39656654
Lithuania,LTU,2007,40983941
Lithuania,LTU,2008,42857896
Lithuania,LTU,2009,41254514
Lithuania,LTU,2010,44581097
Lithuania,LTU,2011,45105335
Lithuania,LTU,2012,47529702
Lithuania,LTU,2013,50642206
Lithuania,LTU,2014,53794727
Lithuania,LTU,2015,57909182
Lithuania,LTU,2016,59514348
Lithuania,LTU,2017,79038404
Lithuania,LTU,2018,58725910
Lithuania,LTU,2019,56138880
Lithuania,LTU,2020,54841090
Lithuania,LTU,2021,48347240
Lithuania,LTU,2022,47451420
Low Income Food Deficit Countries (FAO),,1961,283104369
Low Income Food Deficit Countries (FAO),,1962,293352639
Low Income Food Deficit Countries (FAO),,1963,301042762
Low Income Food Deficit Countries (FAO),,1964,315177317
Low Income Food Deficit Countries (FAO),,1965,327486150
Low Income Food Deficit Countries (FAO),,1966,339504915
Low Income Food Deficit Countries (FAO),,1967,355256864
Low Income Food Deficit Countries (FAO),,1968,369345580
Low Income Food Deficit Countries (FAO),,1969,393262112
Low Income Food Deficit Countries (FAO),,1970,411752027
Low Income Food Deficit Countries (FAO),,1971,433643139
Low Income Food Deficit Countries (FAO),,1972,436430287
Low Income Food Deficit Countries (FAO),,1973,446085706
Low Income Food Deficit Countries (FAO),,1974,455773204
Low Income Food Deficit Countries (FAO),,1975,478912585
Low Income Food Deficit Countries (FAO),,1976,496475490
Low Income Food Deficit Countries (FAO),,1977,522427101
Low Income Food Deficit Countries (FAO),,1978,542843199
Low Income Food Deficit Countries (FAO),,1979,562853828
Low Income Food Deficit Countries (FAO),,1980,576179085
Low Income Food Deficit Countries (FAO),,1981,619846977
Low Income Food Deficit Countries (FAO),,1982,649127018
Low Income Food Deficit Countries (FAO),,1983,674724290
Low Income Food Deficit Countries (FAO),,1984,695051064
Low Income Food Deficit Countries (FAO),,1985,741800769
Low Income Food Deficit Countries (FAO),,1986,769941630
Low Income Food Deficit Countries (FAO),,1987,769247586
Low Income Food Deficit Countries (FAO),,1988,820647981
Low Income Food Deficit Countries (FAO),,1989,800931258
Low Income Food Deficit Countries (FAO),,1990,788913386
Low Income Food Deficit Countries (FAO),,1991,854409533
Low Income Food Deficit Countries (FAO),,1992,954665126
Low Income Food Deficit Countries (FAO),,1993,887255912
Low Income Food Deficit Countries (FAO),,1994,890390703
Low Income Food Deficit Countries (FAO),,1995,902156111
Low Income Food Deficit Countries (FAO),,1996,931094907
Low Income Food Deficit Countries (FAO),,1997,958618791
Low Income Food Deficit Countries (FAO),,1998,1015691262
Low Income Food Deficit Countries (FAO),,1999,1053928075
Low Income Food Deficit Countries (FAO),,2000,1101636034
Low Income Food Deficit Countries (FAO),,2001,1222973732
Low Income Food Deficit Countries (FAO),,2002,1275523247
Low Income Food Deficit Countries (FAO),,2003,1379103616
Low Income Food Deficit Countries (FAO),,2004,1437072258
Low Income Food Deficit Countries (FAO),,2005,1476211640
Low Income Food Deficit Countries (FAO),,2006,1508568820
Low Income Food Deficit Countries (FAO),,2007,1522604162
Low Income Food Deficit Countries (FAO),,2008,1605332523
Low Income Food Deficit Countries (FAO),,2009,1668928147
Low Income Food Deficit Countries (FAO),,2010,1745802627
Low Income Food Deficit Countries (FAO),,2011,1822034350
Low Income Food Deficit Countries (FAO),,2012,1805165879
Low Income Food Deficit Countries (FAO),,2013,1853872928
Low Income Food Deficit Countries (FAO),,2014,1867495237
Low Income Food Deficit Countries (FAO),,2015,1896362505
Low Income Food Deficit Countries (FAO),,2016,1991536100
Low Income Food Deficit Countries (FAO),,2017,2076496506
Low Income Food Deficit Countries (FAO),,2018,2133991895
Low Income Food Deficit Countries (FAO),,2019,2140677296
Low Income Food Deficit Countries (FAO),,2020,2319207959
Low Income Food Deficit Countries (FAO),,2021,2376953878
Low Income Food Deficit Countries (FAO),,2022,2405476362
Low-income countries,,1961,136744951
Low-income countries,,1962,140902476
Low-income countries,,1963,146002444
Low-income countries,,1964,152093536
Low-income countries,,1965,158587768
Low-income countries,,1966,164976241
Low-income countries,,1967,174223644
Low-income countries,,1968,182752630
Low-income countries,,1969,197910202
Low-income countries,,1970,210022659
Low-income countries,,1971,222873467
Low-income countries,,1972,218829714
Low-income countries,,1973,221840970
Low-income countries,,1974,226065709
Low-income countries,,1975,242524269
Low-income countries,,1976,250083686
Low-income countries,,1977,267874802
Low-income countries,,1978,282657747
Low-income countries,,1979,296551596
Low-income countries,,1980,307170384
Low-income countries,,1981,343319193
Low-income countries,,1982,364323855
Low-income countries,,1983,378562605
Low-income countries,,1984,395925368
Low-income countries,,1985,426515234
Low-income countries,,1986,448531609
Low-income countries,,1987,446143460
Low-income countries,,1988,491339650
Low-income countries,,1989,470336170
Low-income countries,,1990,470301453
Low-income countries,,1991,521791360
Low-income countries,,1992,545986745
Low-income countries,,1993,601344234
Low-income countries,,1994,609147066
Low-income countries,,1995,614311546
Low-income countries,,1996,642386450
Low-income countries,,1997,656486137
Low-income countries,,1998,688875629
Low-income countries,,1999,718750243
Low-income countries,,2000,757385877
Low-income countries,,2001,839859666
Low-income countries,,2002,881367180
Low-income countries,,2003,957938407
Low-income countries,,2004,982775472
Low-income countries,,2005,995249413
Low-income countries,,2006,1007202538
Low-income countries,,2007,993722477
Low-income countries,,2008,1062463582
Low-income countries,,2009,1122114588
Low-income countries,,2010,1163679374
Low-income countries,,2011,1189793202
Low-income countries,,2012,1251305899
Low-income countries,,2013,1283027788
Low-income countries,,2014,1285352632
Low-income countries,,2015,1292324397
Low-income countries,,2016,1323556947
Low-income countries,,2017,1347909145
Low-income countries,,2018,1383415522
Low-income countries,,2019,1434360106
Low-income countries,,2020,1400123669
Low-income countries,,2021,1392922843
Low-income countries,,2022,1400559913
Lower-middle-income countries,,1961,717965792
Lower-middle-income countries,,1962,731591278
Lower-middle-income countries,,1963,776066032
Lower-middle-income countries,,1964,802959094
Lower-middle-income countries,,1965,848501559
Lower-middle-income countries,,1966,895222540
Lower-middle-income countries,,1967,939167541
Lower-middle-income countries,,1968,997426786
Lower-middle-income countries,,1969,1041626792
Lower-middle-income countries,,1970,1069043445
Lower-middle-income countries,,1971,1110821092
Lower-middle-income countries,,1972,1170696178
Lower-middle-income countries,,1973,1194031284
Lower-middle-income countries,,1974,1235888440
Lower-middle-income countries,,1975,1269298777
Lower-middle-income countries,,1976,1327622594
Lower-middle-income countries,,1977,1390207910
Lower-middle-income countries,,1978,1491564859
Lower-middle-income countries,,1979,1628194923
Lower-middle-income countries,,1980,1714421369
Lower-middle-income countries,,1981,1841629088
Lower-middle-income countries,,1982,1983428710
Lower-middle-income countries,,1983,2151854946
Lower-middle-income countries,,1984,2258506920
Lower-middle-income countries,,1985,2315029857
Lower-middle-income countries,,1986,2456248823
Lower-middle-income countries,,1987,2758593299
Lower-middle-income countries,,1988,2828935773
Lower-middle-income countries,,1989,2945897389
Lower-middle-income countries,,1990,3053926595
Lower-middle-income countries,,1991,3282872228
Lower-middle-income countries,,1992,4054615111
Lower-middle-income countries,,1993,4155792768
Lower-middle-income countries,,1994,4312414291
Lower-middle-income countries,,1995,4549336766
Lower-middle-income countries,,1996,4699999918
Lower-middle-income countries,,1997,4934953450
Lower-middle-income countries,,1998,4976031737
Lower-middle-income countries,,1999,5289305755
Lower-middle-income countries,,2000,5603354821
Lower-middle-income countries,,2001,5957807971
Lower-middle-income countries,,2002,6339767381
Lower-middle-income countries,,2003,6782435803
Lower-middle-income countries,,2004,7073556530
Lower-middle-income countries,,2005,7455555544
Lower-middle-income countries,,2006,7941344650
Lower-middle-income countries,,2007,8651769079
Lower-middle-income countries,,2008,9266242782
Lower-middle-income countries,,2009,10081113509
Lower-middle-income countries,,2010,10359857089
Lower-middle-income countries,,2011,10808765854
Lower-middle-income countries,,2012,11421508167
Lower-middle-income countries,,2013,11595124853
Lower-middle-income countries,,2014,12353110574
Lower-middle-income countries,,2015,12839968781
Lower-middle-income countries,,2016,13368966599
Lower-middle-income countries,,2017,13830048475
Lower-middle-income countries,,2018,13370284387
Lower-middle-income countries,,2019,14173989872
Lower-middle-income countries,,2020,15090204170
Lower-middle-income countries,,2021,15679887714
Lower-middle-income countries,,2022,16010560698
Luxembourg,LUX,2000,596963
Luxembourg,LUX,2001,666477
Luxembourg,LUX,2002,699165
Luxembourg,LUX,2003,707412
Luxembourg,LUX,2004,653558
Luxembourg,LUX,2005,595960
Luxembourg,LUX,2006,476731
Luxembourg,LUX,2007,409886
Luxembourg,LUX,2008,346900
Luxembourg,LUX,2009,362864
Luxembourg,LUX,2010,352654
Luxembourg,LUX,2011,373729
Luxembourg,LUX,2012,363891
Luxembourg,LUX,2013,373570
Luxembourg,LUX,2014,388131
Luxembourg,LUX,2015,396332
Luxembourg,LUX,2016,415307
Luxembourg,LUX,2017,400020
Luxembourg,LUX,2018,203915
Luxembourg,LUX,2019,188804
Luxembourg,LUX,2020,173998
Luxembourg,LUX,2021,179805
Luxembourg,LUX,2022,179930
Macao,MAC,1961,1722782
Macao,MAC,1962,1882724
Macao,MAC,1963,1973721
Macao,MAC,1964,2300624
Macao,MAC,1965,2893529
Macao,MAC,1966,3198081
Macao,MAC,1967,2690315
Macao,MAC,1968,2680013
Macao,MAC,1969,2686705
Macao,MAC,1970,2138379
Macao,MAC,1971,2342884
Macao,MAC,1972,2407295
Macao,MAC,1973,2705811
Macao,MAC,1974,2319700
Macao,MAC,1975,2602303
Macao,MAC,1976,3041125
Macao,MAC,1977,2939434
Macao,MAC,1978,3046988
Macao,MAC,1979,3386764
Macao,MAC,1980,4050862
Macao,MAC,1981,3262225
Macao,MAC,1982,3707470
Macao,MAC,1983,3082200
Macao,MAC,1984,3342450
Macao,MAC,1985,4024850
Macao,MAC,1986,4500300
Macao,MAC,1987,4335910
Macao,MAC,1988,3993700
Macao,MAC,1989,4516445
Macao,MAC,1990,5772017
Macao,MAC,1991,6669961
Macao,MAC,1992,6868885
Macao,MAC,1993,8163394
Macao,MAC,1994,7123000
Macao,MAC,1995,7078611
Macao,MAC,1996,6968794
Macao,MAC,1997,6808209
Macao,MAC,1998,6006184
Macao,MAC,1999,6756113
Macao,MAC,2000,6697650
Macao,MAC,2001,6112819
Macao,MAC,2002,5674938
Macao,MAC,2003,5183276
Macao,MAC,2004,6219101
Macao,MAC,2005,4661405
Macao,MAC,2006,4690249
Macao,MAC,2007,5727222
Macao,MAC,2008,4717870
Macao,MAC,2009,4669654
Macao,MAC,2010,4631774
Macao,MAC,2011,4611974
Macao,MAC,2012,4586271
Macao,MAC,2013,4558594
Macao,MAC,2014,4245206
Macao,MAC,2015,4163607
Macao,MAC,2016,4104920
Macao,MAC,2017,4002492
Macao,MAC,2018,3886150
Macao,MAC,2019,3924496
Macao,MAC,2020,3819386
Macao,MAC,2021,3866161
Macao,MAC,2022,3808913
Madagascar,MDG,1961,22032596
Madagascar,MDG,1962,22600583
Madagascar,MDG,1963,22988493
Madagascar,MDG,1964,23413789
Madagascar,MDG,1965,23606892
Madagascar,MDG,1966,24269049
Madagascar,MDG,1967,24677893
Madagascar,MDG,1968,25795800
Madagascar,MDG,1969,27312296
Madagascar,MDG,1970,29125283
Madagascar,MDG,1971,31678381
Madagascar,MDG,1972,27659282
Madagascar,MDG,1973,30928069
Madagascar,MDG,1974,29912263
Madagascar,MDG,1975,31267560
Madagascar,MDG,1976,31437550
Madagascar,MDG,1977,32251144
Madagascar,MDG,1978,34699966
Madagascar,MDG,1979,35133672
Madagascar,MDG,1980,29266660
Madagascar,MDG,1981,29715533
Madagascar,MDG,1982,28602950
Madagascar,MDG,1983,27048642
Madagascar,MDG,1984,26753440
Madagascar,MDG,1985,33770521
Madagascar,MDG,1986,36812049
Madagascar,MDG,1987,30485030
Madagascar,MDG,1988,33685029
Madagascar,MDG,1989,32602028
Madagascar,MDG,1990,35841029
Madagascar,MDG,1991,34875528
Madagascar,MDG,1992,35278874
Madagascar,MDG,1993,36598256
Madagascar,MDG,1994,37398237
Madagascar,MDG,1995,39799947
Madagascar,MDG,1996,41660028
Madagascar,MDG,1997,43834816
Madagascar,MDG,1998,46099756
Madagascar,MDG,1999,48502988
Madagascar,MDG,2000,53906703
Madagascar,MDG,2001,57849953
Madagascar,MDG,2002,57925859
Madagascar,MDG,2003,57966032
Madagascar,MDG,2004,57998162
Madagascar,MDG,2005,58143054
Madagascar,MDG,2006,59468752
Madagascar,MDG,2007,59730599
Madagascar,MDG,2008,60276853
Madagascar,MDG,2009,61444984
Madagascar,MDG,2010,61895990
Madagascar,MDG,2011,62565677
Madagascar,MDG,2012,62924916
Madagascar,MDG,2013,62707160
Madagascar,MDG,2014,62997434
Madagascar,MDG,2015,70144204
Madagascar,MDG,2016,76289184
Madagascar,MDG,2017,76599004
Madagascar,MDG,2018,77473502
Madagascar,MDG,2019,78496163
Madagascar,MDG,2020,79482028
Madagascar,MDG,2021,81732985
Madagascar,MDG,2022,82745447
Malawi,MWI,1961,3132600
Malawi,MWI,1962,3327400
Malawi,MWI,1963,3534679
Malawi,MWI,1964,3656600
Malawi,MWI,1965,3843900
Malawi,MWI,1966,4095259
Malawi,MWI,1967,4360190
Malawi,MWI,1968,4513672
Malawi,MWI,1969,7288416
Malawi,MWI,1970,7817287
Malawi,MWI,1971,7584422
Malawi,MWI,1972,7902248
Malawi,MWI,1973,8390232
Malawi,MWI,1974,8825542
Malawi,MWI,1975,9217261
Malawi,MWI,1976,9756252
Malawi,MWI,1977,10483979
Malawi,MWI,1978,10994599
Malawi,MWI,1979,11428424
Malawi,MWI,1980,11654200
Malawi,MWI,1981,11887445
Malawi,MWI,1982,12104101
Malawi,MWI,1983,12272996
Malawi,MWI,1984,12483430
Malawi,MWI,1985,12784702
Malawi,MWI,1986,13183605
Malawi,MWI,1987,13321986
Malawi,MWI,1988,13772500
Malawi,MWI,1989,14573500
Malawi,MWI,1990,14765650
Malawi,MWI,1991,16686270
Malawi,MWI,1992,15364110
Malawi,MWI,1993,16422500
Malawi,MWI,1994,16985000
Malawi,MWI,1995,17660000
Malawi,MWI,1996,18495000
Malawi,MWI,1997,18837500
Malawi,MWI,1998,19164000
Malawi,MWI,1999,19802000
Malawi,MWI,2000,20338000
Malawi,MWI,2001,20489000
Malawi,MWI,2002,13364866
Malawi,MWI,2003,15697341
Malawi,MWI,2004,21990875
Malawi,MWI,2005,22077230
Malawi,MWI,2006,14960692
Malawi,MWI,2007,20346904
Malawi,MWI,2008,27863443
Malawi,MWI,2009,31453350
Malawi,MWI,2010,32567182
Malawi,MWI,2011,34118684
Malawi,MWI,2012,35006375
Malawi,MWI,2013,36058355
Malawi,MWI,2014,39383153
Malawi,MWI,2015,43542076
Malawi,MWI,2016,41053857
Malawi,MWI,2017,54040119
Malawi,MWI,2018,80058034
Malawi,MWI,2019,65172044
Malawi,MWI,2020,65535072
Malawi,MWI,2021,66611557
Malawi,MWI,2022,71067488
Malaysia,MYS,1961,23796427
Malaysia,MYS,1962,25179605
Malaysia,MYS,1963,28993731
Malaysia,MYS,1964,32805477
Malaysia,MYS,1965,37459859
Malaysia,MYS,1966,41136921
Malaysia,MYS,1967,45673595
Malaysia,MYS,1968,49915758
Malaysia,MYS,1969,54478430
Malaysia,MYS,1970,58451561
Malaysia,MYS,1971,59244302
Malaysia,MYS,1972,61476691
Malaysia,MYS,1973,66978648
Malaysia,MYS,1974,73189085
Malaysia,MYS,1975,89091735
Malaysia,MYS,1976,91934111
Malaysia,MYS,1977,89844351
Malaysia,MYS,1978,95378585
Malaysia,MYS,1979,99907805
Malaysia,MYS,1980,107512040
Malaysia,MYS,1981,118056984
Malaysia,MYS,1982,132268983
Malaysia,MYS,1983,148643600
Malaysia,MYS,1984,165706980
Malaysia,MYS,1985,199785100
Malaysia,MYS,1986,219784300
Malaysia,MYS,1987,249068650
Malaysia,MYS,1988,258370450
Malaysia,MYS,1989,270072850
Malaysia,MYS,1990,305128050
Malaysia,MYS,1991,389315516
Malaysia,MYS,1992,436397798
Malaysia,MYS,1993,491935085
Malaysia,MYS,1994,523283809
Malaysia,MYS,1995,538285483
Malaysia,MYS,1996,537614286
Malaysia,MYS,1997,536509556
Malaysia,MYS,1998,544207304
Malaysia,MYS,1999,506502711
Malaysia,MYS,2000,433300544
Malaysia,MYS,2001,463289029
Malaysia,MYS,2002,495785109
Malaysia,MYS,2003,511672637
Malaysia,MYS,2004,556989924
Malaysia,MYS,2005,578909402
Malaysia,MYS,2006,584426446
Malaysia,MYS,2007,590945921
Malaysia,MYS,2008,590255847
Malaysia,MYS,2009,640108284
Malaysia,MYS,2010,713919091
Malaysia,MYS,2011,734261936
Malaysia,MYS,2012,756503949
Malaysia,MYS,2013,808586657
Malaysia,MYS,2014,775545278
Malaysia,MYS,2015,796890716
Malaysia,MYS,2016,861580995
Malaysia,MYS,2017,843910703
Malaysia,MYS,2018,803594764
Malaysia,MYS,2019,824120758
Malaysia,MYS,2020,846543252
Malaysia,MYS,2021,822288546
Malaysia,MYS,2022,834712985
Mali,MLI,1961,12150796
Mali,MLI,1962,12667444
Mali,MLI,1963,13372204
Mali,MLI,1964,14038600
Mali,MLI,1965,14689802
Mali,MLI,1966,14233400
Mali,MLI,1967,14628100
Mali,MLI,1968,15582380
Mali,MLI,1969,16702869
Mali,MLI,1970,17600693
Mali,MLI,1971,18453500
Mali,MLI,1972,16714500
Mali,MLI,1973,14704000
Mali,MLI,1974,15877300
Mali,MLI,1975,16832400
Mali,MLI,1976,16658500
Mali,MLI,1977,16474600
Mali,MLI,1978,18086740
Mali,MLI,1979,17251710
Mali,MLI,1980,17808020
Mali,MLI,1981,19166070
Mali,MLI,1982,21122750
Mali,MLI,1983,22701425
Mali,MLI,1984,24914160
Mali,MLI,1985,28168530
Mali,MLI,1986,31305245
Mali,MLI,1987,31586995
Mali,MLI,1988,32317300
Mali,MLI,1989,32952700
Mali,MLI,1990,33747450
Mali,MLI,1991,30884807
Mali,MLI,1992,31414626
Mali,MLI,1993,31630110
Mali,MLI,1994,30935590
Mali,MLI,1995,32949978
Mali,MLI,1996,33047879
Mali,MLI,1997,33442295
Mali,MLI,1998,36957534
Mali,MLI,1999,37474204
Mali,MLI,2000,37473899
Mali,MLI,2001,34894378
Mali,MLI,2002,41532221
Mali,MLI,2003,42930653
Mali,MLI,2004,44449458
Mali,MLI,2005,43960301
Mali,MLI,2006,43951040
Mali,MLI,2007,43505097
Mali,MLI,2008,50261199
Mali,MLI,2009,51845915
Mali,MLI,2010,53327530
Mali,MLI,2011,52927931
Mali,MLI,2012,53787167
Mali,MLI,2013,56411073
Mali,MLI,2014,49186834
Mali,MLI,2015,56184322
Mali,MLI,2016,77582802
Mali,MLI,2017,74644482
Mali,MLI,2018,70450582
Mali,MLI,2019,74016315
Mali,MLI,2020,78237601
Mali,MLI,2021,81876894
Mali,MLI,2022,84161970
Malta,MLT,1961,859320
Malta,MLT,1962,947967
Malta,MLT,1963,986195
Malta,MLT,1964,1061556
Malta,MLT,1965,1059741
Malta,MLT,1966,1180164
Malta,MLT,1967,1210611
Malta,MLT,1968,2043447
Malta,MLT,1969,1961728
Malta,MLT,1970,2074614
Malta,MLT,1971,2552847
Malta,MLT,1972,2282829
Malta,MLT,1973,3044630
Malta,MLT,1974,2437292
Malta,MLT,1975,2741671
Malta,MLT,1976,3008206
Malta,MLT,1977,3668639
Malta,MLT,1978,3431030
Malta,MLT,1979,4089588
Malta,MLT,1980,4047127
Malta,MLT,1981,4274753
Malta,MLT,1982,3358269
Malta,MLT,1983,3543054
Malta,MLT,1984,3564631
Malta,MLT,1985,3666425
Malta,MLT,1986,3667930
Malta,MLT,1987,3764400
Malta,MLT,1988,3854570
Malta,MLT,1989,3958510
Malta,MLT,1990,3936413
Malta,MLT,1991,3738550
Malta,MLT,1992,3843700
Malta,MLT,1993,3840200
Malta,MLT,1994,3945520
Malta,MLT,1995,3937964
Malta,MLT,1996,4964314
Malta,MLT,1997,3709114
Malta,MLT,1998,3734380
Malta,MLT,1999,3923107
Malta,MLT,2000,4355307
Malta,MLT,2001,4531358
Malta,MLT,2002,4742673
Malta,MLT,2003,4862421
Malta,MLT,2004,4048866
Malta,MLT,2005,2929056
Malta,MLT,2006,2824516
Malta,MLT,2007,3040350
Malta,MLT,2008,3295357
Malta,MLT,2009,2996786
Malta,MLT,2010,2831019
Malta,MLT,2011,2574384
Malta,MLT,2012,2686745
Malta,MLT,2013,2485008
Malta,MLT,2014,2348010
Malta,MLT,2015,2359312
Malta,MLT,2016,2250321
Malta,MLT,2017,2193928
Malta,MLT,2018,2360290
Malta,MLT,2019,2400990
Malta,MLT,2020,2496010
Malta,MLT,2021,2559060
Malta,MLT,2022,2728750
Martinique,MTQ,1961,855100
Martinique,MTQ,1962,849800
Martinique,MTQ,1963,878800
Martinique,MTQ,1964,1094500
Martinique,MTQ,1965,1091700
Martinique,MTQ,1966,1132100
Martinique,MTQ,1967,1198000
Martinique,MTQ,1968,1470000
Martinique,MTQ,1969,1733400
Martinique,MTQ,1970,1571600
Martinique,MTQ,1971,1824300
Martinique,MTQ,1972,1880000
Martinique,MTQ,1973,1882000
Martinique,MTQ,1974,1877500
Martinique,MTQ,1975,1879700
Martinique,MTQ,1976,1983400
Martinique,MTQ,1977,2082500
Martinique,MTQ,1978,2080200
Martinique,MTQ,1979,1861900
Martinique,MTQ,1980,1983300
Martinique,MTQ,1981,1975900
Martinique,MTQ,1982,1869300
Martinique,MTQ,1983,1982000
Martinique,MTQ,1984,1581200
Martinique,MTQ,1985,1575450
Martinique,MTQ,1986,1246200
Martinique,MTQ,1987,1237900
Martinique,MTQ,1988,1238600
Martinique,MTQ,1989,1189500
Martinique,MTQ,1990,1161500
Martinique,MTQ,1991,1347200
Martinique,MTQ,1992,1306200
Martinique,MTQ,1993,1239700
Martinique,MTQ,1994,938400
Martinique,MTQ,1995,882500
Martinique,MTQ,1996,1029250
Martinique,MTQ,1997,927650
Martinique,MTQ,1998,859080
Martinique,MTQ,1999,1050680
Martinique,MTQ,2000,1053300
Martinique,MTQ,2001,1051000
Martinique,MTQ,2002,1042000
Martinique,MTQ,2003,1044800
Martinique,MTQ,2004,1044400
Martinique,MTQ,2005,747607
Martinique,MTQ,2006,876870
Mauritania,MRT,1961,2832900
Mauritania,MRT,1962,2909200
Mauritania,MRT,1963,2987000
Mauritania,MRT,1964,3043500
Mauritania,MRT,1965,3120800
Mauritania,MRT,1966,3244700
Mauritania,MRT,1967,3383700
Mauritania,MRT,1968,3549300
Mauritania,MRT,1969,3631300
Mauritania,MRT,1970,3743500
Mauritania,MRT,1971,3876600
Mauritania,MRT,1972,3859500
Mauritania,MRT,1973,3863400
Mauritania,MRT,1974,3748900
Mauritania,MRT,1975,3932510
Mauritania,MRT,1976,4219400
Mauritania,MRT,1977,4428400
Mauritania,MRT,1978,4599700
Mauritania,MRT,1979,4723785
Mauritania,MRT,1980,4847200
Mauritania,MRT,1981,5089250
Mauritania,MRT,1982,5211700
Mauritania,MRT,1983,5171695
Mauritania,MRT,1984,5292477
Mauritania,MRT,1985,5564600
Mauritania,MRT,1986,5784300
Mauritania,MRT,1987,5890900
Mauritania,MRT,1988,6009600
Mauritania,MRT,1989,6247900
Mauritania,MRT,1990,6408900
Mauritania,MRT,1991,6572283
Mauritania,MRT,1992,6374668
Mauritania,MRT,1993,6216870
Mauritania,MRT,1994,6388438
Mauritania,MRT,1995,6401873
Mauritania,MRT,1996,6896258
Mauritania,MRT,1997,6977973
Mauritania,MRT,1998,7332728
Mauritania,MRT,1999,7396483
Mauritania,MRT,2000,7684238
Mauritania,MRT,2001,8719993
Mauritania,MRT,2002,8365748
Mauritania,MRT,2003,8396503
Mauritania,MRT,2004,8420000
Mauritania,MRT,2005,8534000
Mauritania,MRT,2006,8565320
Mauritania,MRT,2007,8565320
Mauritania,MRT,2008,8441080
Mauritania,MRT,2009,8463080
Mauritania,MRT,2010,8869080
Mauritania,MRT,2011,9026580
Mauritania,MRT,2012,9275758
Mauritania,MRT,2013,9480081
Mauritania,MRT,2014,9431837
Mauritania,MRT,2015,9934171
Mauritania,MRT,2016,9710324
Mauritania,MRT,2017,9704863
Mauritania,MRT,2018,9840902
Mauritania,MRT,2019,9969040
Mauritania,MRT,2020,10027000
Mauritania,MRT,2021,10091268
Mauritania,MRT,2022,10225855
Mauritius,MUS,1961,484729
Mauritius,MUS,1962,493263
Mauritius,MUS,1963,497349
Mauritius,MUS,1964,492640
Mauritius,MUS,1965,481196
Mauritius,MUS,1966,480587
Mauritius,MUS,1967,493719
Mauritius,MUS,1968,502314
Mauritius,MUS,1969,702716
Mauritius,MUS,1970,827336
Mauritius,MUS,1971,870971
Mauritius,MUS,1972,927568
Mauritius,MUS,1973,1001668
Mauritius,MUS,1974,2101500
Mauritius,MUS,1975,2499000
Mauritius,MUS,1976,2633134
Mauritius,MUS,1977,3244903
Mauritius,MUS,1978,3504331
Mauritius,MUS,1979,5855845
Mauritius,MUS,1980,5806360
Mauritius,MUS,1981,5899878
Mauritius,MUS,1982,6101123
Mauritius,MUS,1983,6526905
Mauritius,MUS,1984,6304383
Mauritius,MUS,1985,6107000
Mauritius,MUS,1986,6985067
Mauritius,MUS,1987,7618125
Mauritius,MUS,1988,9120885
Mauritius,MUS,1989,10624550
Mauritius,MUS,1990,12633600
Mauritius,MUS,1991,13381210
Mauritius,MUS,1992,15629600
Mauritius,MUS,1993,17132700
Mauritius,MUS,1994,18993997
Mauritius,MUS,1995,19457700
Mauritius,MUS,1996,20684325
Mauritius,MUS,1997,20959887
Mauritius,MUS,1998,18441081
Mauritius,MUS,1999,20237242
Mauritius,MUS,2000,22139246
Mauritius,MUS,2001,25431893
Mauritius,MUS,2002,28131072
Mauritius,MUS,2003,28127506
Mauritius,MUS,2004,28711709
Mauritius,MUS,2005,30098620
Mauritius,MUS,2006,31083297
Mauritius,MUS,2007,36583590
Mauritius,MUS,2008,38384956
Mauritius,MUS,2009,40191106
Mauritius,MUS,2010,42441141
Mauritius,MUS,2011,42793727
Mauritius,MUS,2012,43094542
Mauritius,MUS,2013,42891582
Mauritius,MUS,2014,42778593
Mauritius,MUS,2015,43413916
Mauritius,MUS,2016,44288694
Mauritius,MUS,2017,45285541
Mauritius,MUS,2018,46225785
Mauritius,MUS,2019,47663720
Mauritius,MUS,2020,48194973
Mauritius,MUS,2021,48907067
Mauritius,MUS,2022,49622953
Melanesia,OWID_MNS,1961,2458334
Melanesia,OWID_MNS,1962,2556733
Melanesia,OWID_MNS,1963,2605863
Melanesia,OWID_MNS,1964,2653584
Melanesia,OWID_MNS,1965,2741881
Melanesia,OWID_MNS,1966,2835567
Melanesia,OWID_MNS,1967,2893019
Melanesia,OWID_MNS,1968,2981221
Melanesia,OWID_MNS,1969,3124491
Melanesia,OWID_MNS,1970,3279416
Melanesia,OWID_MNS,1971,3510003
Melanesia,OWID_MNS,1972,3564981
Melanesia,OWID_MNS,1973,3993325
Melanesia,OWID_MNS,1974,4191264
Melanesia,OWID_MNS,1975,4282853
Melanesia,OWID_MNS,1976,4668201
Melanesia,OWID_MNS,1977,5195475
Melanesia,OWID_MNS,1978,5690987
Melanesia,OWID_MNS,1979,6234509
Melanesia,OWID_MNS,1980,7361936
Melanesia,OWID_MNS,1981,8501456
Melanesia,OWID_MNS,1982,7882630
Melanesia,OWID_MNS,1983,8643598
Melanesia,OWID_MNS,1984,8758947
Melanesia,OWID_MNS,1985,9084003
Melanesia,OWID_MNS,1986,9407135
Melanesia,OWID_MNS,1987,10068213
Melanesia,OWID_MNS,1988,10205961
Melanesia,OWID_MNS,1989,11047999
Melanesia,OWID_MNS,1990,11705162
Melanesia,OWID_MNS,1991,12055908
Melanesia,OWID_MNS,1992,12282740
Melanesia,OWID_MNS,1993,12608566
Melanesia,OWID_MNS,1994,14626463
Melanesia,OWID_MNS,1995,15520183
Melanesia,OWID_MNS,1996,16322124
Melanesia,OWID_MNS,1997,15622827
Melanesia,OWID_MNS,1998,15468893
Melanesia,OWID_MNS,1999,15880076
Melanesia,OWID_MNS,2000,15948083
Melanesia,OWID_MNS,2001,15580389
Melanesia,OWID_MNS,2002,17462043
Melanesia,OWID_MNS,2003,18556466
Melanesia,OWID_MNS,2004,19053673
Melanesia,OWID_MNS,2005,18499588
Melanesia,OWID_MNS,2006,19273666
Melanesia,OWID_MNS,2007,20173259
Melanesia,OWID_MNS,2008,20427591
Melanesia,OWID_MNS,2009,18751930
Melanesia,OWID_MNS,2010,20625634
Melanesia,OWID_MNS,2011,24599096
Melanesia,OWID_MNS,2012,20623340
Melanesia,OWID_MNS,2013,21345511
Melanesia,OWID_MNS,2014,21864886
Melanesia,OWID_MNS,2015,22478505
Melanesia,OWID_MNS,2016,22593287
Melanesia,OWID_MNS,2017,23025923
Melanesia,OWID_MNS,2018,23678459
Melanesia,OWID_MNS,2019,24276357
Melanesia,OWID_MNS,2020,24535993
Melanesia,OWID_MNS,2021,24803171
Melanesia,OWID_MNS,2022,25159556
Mexico,MEX,1961,107612200
Mexico,MEX,1962,118192200
Mexico,MEX,1963,123611800
Mexico,MEX,1964,129078000
Mexico,MEX,1965,139391000
Mexico,MEX,1966,144685300
Mexico,MEX,1967,150297700
Mexico,MEX,1968,155427500
Mexico,MEX,1969,161581800
Mexico,MEX,1970,172367400
Mexico,MEX,1971,183074690
Mexico,MEX,1972,193750158
Mexico,MEX,1973,209514569
Mexico,MEX,1974,225686773
Mexico,MEX,1975,241293722
Mexico,MEX,1976,257958927
Mexico,MEX,1977,276318869
Mexico,MEX,1978,296199857
Mexico,MEX,1979,319035721
Mexico,MEX,1980,343739603
Mexico,MEX,1981,364679347
Mexico,MEX,1982,383883526
Mexico,MEX,1983,391477741
Mexico,MEX,1984,360540272
Mexico,MEX,1985,403674821
Mexico,MEX,1986,519613118
Mexico,MEX,1987,400740225
Mexico,MEX,1988,411339861
Mexico,MEX,1989,398775369
Mexico,MEX,1990,525679000
Mexico,MEX,1991,555844000
Mexico,MEX,1992,611268000
Mexico,MEX,1993,701463000
Mexico,MEX,1994,678303000
Mexico,MEX,1995,826789000
Mexico,MEX,1996,897181600
Mexico,MEX,1997,836369400
Mexico,MEX,1998,983844000
Mexico,MEX,1999,1061341670
Mexico,MEX,2000,1119029350
Mexico,MEX,2001,1167142490
Mexico,MEX,2002,1252520828
Mexico,MEX,2003,1271667249
Mexico,MEX,2004,1352294014
Mexico,MEX,2005,1436670869
Mexico,MEX,2006,1469212579
Mexico,MEX,2007,1514757016
Mexico,MEX,2008,1550645653
Mexico,MEX,2009,1581251443
Mexico,MEX,2010,1585122578
Mexico,MEX,2011,1632117935
Mexico,MEX,2012,1640096978
Mexico,MEX,2013,1639817558
Mexico,MEX,2014,1654739476
Mexico,MEX,2015,1682211177
Mexico,MEX,2016,1714848029
Mexico,MEX,2017,1772731411
Mexico,MEX,2018,1852375529
Mexico,MEX,2019,1956090469
Mexico,MEX,2020,2003116186
Mexico,MEX,2021,2056144849
Mexico,MEX,2022,2114904841
Micronesia (FAO),,1961,128218
Micronesia (FAO),,1962,133235
Micronesia (FAO),,1963,136253
Micronesia (FAO),,1964,143320
Micronesia (FAO),,1965,146355
Micronesia (FAO),,1966,148723
Micronesia (FAO),,1967,152740
Micronesia (FAO),,1968,159775
Micronesia (FAO),,1969,164810
Micronesia (FAO),,1970,169845
Micronesia (FAO),,1971,176980
Micronesia (FAO),,1972,185050
Micronesia (FAO),,1973,190120
Micronesia (FAO),,1974,194200
Micronesia (FAO),,1975,200200
Micronesia (FAO),,1976,203100
Micronesia (FAO),,1977,207100
Micronesia (FAO),,1978,212300
Micronesia (FAO),,1979,215350
Micronesia (FAO),,1980,221400
Micronesia (FAO),,1981,231700
Micronesia (FAO),,1982,241800
Micronesia (FAO),,1983,251900
Micronesia (FAO),,1984,261700
Micronesia (FAO),,1985,271800
Micronesia (FAO),,1986,283000
Micronesia (FAO),,1987,293100
Micronesia (FAO),,1988,303200
Micronesia (FAO),,1989,313200
Micronesia (FAO),,1990,323300
Micronesia (FAO),,1991,556951
Micronesia (FAO),,1992,567107
Micronesia (FAO),,1993,577150
Micronesia (FAO),,1994,577380
Micronesia (FAO),,1995,578700
Micronesia (FAO),,1996,599200
Micronesia (FAO),,1997,599200
Micronesia (FAO),,1998,599200
Micronesia (FAO),,1999,599200
Micronesia (FAO),,2000,615000
Micronesia (FAO),,2001,711500
Micronesia (FAO),,2002,773600
Micronesia (FAO),,2003,773600
Micronesia (FAO),,2004,783897
Micronesia (FAO),,2005,853297
Micronesia (FAO),,2006,931400
Micronesia (FAO),,2007,1062000
Micronesia (FAO),,2008,1107694
Micronesia (FAO),,2009,1131128
Micronesia (FAO),,2010,1136161
Micronesia (FAO),,2011,1162013
Micronesia (FAO),,2012,1176417
Micronesia (FAO),,2013,1217420
Micronesia (FAO),,2014,1239365
Micronesia (FAO),,2015,1263972
Micronesia (FAO),,2016,1282682
Micronesia (FAO),,2017,1265410
Micronesia (FAO),,2018,1277874
Micronesia (FAO),,2019,1307055
Micronesia (FAO),,2020,1333703
Micronesia (FAO),,2021,1361804
Micronesia (FAO),,2022,1399476
Micronesia (country),FSM,1991,223551
Micronesia (country),FSM,1992,223607
Micronesia (country),FSM,1993,223550
Micronesia (country),FSM,1994,223780
Micronesia (country),FSM,1995,225100
Micronesia (country),FSM,1996,225100
Micronesia (country),FSM,1997,225100
Micronesia (country),FSM,1998,225100
Micronesia (country),FSM,1999,225100
Micronesia (country),FSM,2000,225100
Micronesia (country),FSM,2001,225100
Micronesia (country),FSM,2002,225100
Micronesia (country),FSM,2003,225100
Micronesia (country),FSM,2004,225100
Micronesia (country),FSM,2005,224100
Micronesia (country),FSM,2006,222100
Micronesia (country),FSM,2007,232400
Micronesia (country),FSM,2008,228024
Micronesia (country),FSM,2009,231470
Micronesia (country),FSM,2010,226211
Micronesia (country),FSM,2011,232064
Micronesia (country),FSM,2012,233969
Micronesia (country),FSM,2013,236867
Micronesia (country),FSM,2014,234692
Micronesia (country),FSM,2015,235007
Micronesia (country),FSM,2016,235435
Micronesia (country),FSM,2017,236870
Micronesia (country),FSM,2018,236168
Micronesia (country),FSM,2019,237914
Micronesia (country),FSM,2020,238333
Micronesia (country),FSM,2021,238719
Micronesia (country),FSM,2022,240103
Middle Africa (FAO),,1961,22707540
Middle Africa (FAO),,1962,23279199
Middle Africa (FAO),,1963,24243183
Middle Africa (FAO),,1964,26113719
Middle Africa (FAO),,1965,27162525
Middle Africa (FAO),,1966,28253563
Middle Africa (FAO),,1967,31029468
Middle Africa (FAO),,1968,34359865
Middle Africa (FAO),,1969,38959045
Middle Africa (FAO),,1970,43219086
Middle Africa (FAO),,1971,44434611
Middle Africa (FAO),,1972,45402514
Middle Africa (FAO),,1973,46815051
Middle Africa (FAO),,1974,47948915
Middle Africa (FAO),,1975,48923400
Middle Africa (FAO),,1976,52126240
Middle Africa (FAO),,1977,53736880
Middle Africa (FAO),,1978,55353515
Middle Africa (FAO),,1979,55670125
Middle Africa (FAO),,1980,54007005
Middle Africa (FAO),,1981,54298165
Middle Africa (FAO),,1982,55400205
Middle Africa (FAO),,1983,58409295
Middle Africa (FAO),,1984,64299465
Middle Africa (FAO),,1985,65309885
Middle Africa (FAO),,1986,70993530
Middle Africa (FAO),,1987,74988858
Middle Africa (FAO),,1988,78326578
Middle Africa (FAO),,1989,80861048
Middle Africa (FAO),,1990,83579575
Middle Africa (FAO),,1991,83266571
Middle Africa (FAO),,1992,86831447
Middle Africa (FAO),,1993,88490841
Middle Africa (FAO),,1994,91991366
Middle Africa (FAO),,1995,90958752
Middle Africa (FAO),,1996,97261402
Middle Africa (FAO),,1997,99644895
Middle Africa (FAO),,1998,105488853
Middle Africa (FAO),,1999,104304786
Middle Africa (FAO),,2000,95930558
Middle Africa (FAO),,2001,107021835
Middle Africa (FAO),,2002,106553226
Middle Africa (FAO),,2003,107924397
Middle Africa (FAO),,2004,129635655
Middle Africa (FAO),,2005,139620478
Middle Africa (FAO),,2006,151152390
Middle Africa (FAO),,2007,160295054
Middle Africa (FAO),,2008,168437939
Middle Africa (FAO),,2009,167985419
Middle Africa (FAO),,2010,180091343
Middle Africa (FAO),,2011,187222036
Middle Africa (FAO),,2012,192258031
Middle Africa (FAO),,2013,200956919
Middle Africa (FAO),,2014,212009590
Middle Africa (FAO),,2015,220074572
Middle Africa (FAO),,2016,221062908
Middle Africa (FAO),,2017,223610352
Middle Africa (FAO),,2018,217366063
Middle Africa (FAO),,2019,215860933
Middle Africa (FAO),,2020,175751093
Middle Africa (FAO),,2021,239132896
Middle Africa (FAO),,2022,252026596
Moldova,MDA,1992,33531534
Moldova,MDA,1993,22086603
Moldova,MDA,1994,19428081
Moldova,MDA,1995,20513473
Moldova,MDA,1996,15959271
Moldova,MDA,1997,13400500
Moldova,MDA,1998,12537718
Moldova,MDA,1999,12137846
Moldova,MDA,2000,14803230
Moldova,MDA,2001,14363120
Moldova,MDA,2002,15084724
Moldova,MDA,2003,15785714
Moldova,MDA,2004,17961667
Moldova,MDA,2005,20063610
Moldova,MDA,2006,22173539
Moldova,MDA,2007,22956300
Moldova,MDA,2008,21139250
Moldova,MDA,2009,24822380
Moldova,MDA,2010,29487820
Moldova,MDA,2011,29863260
Moldova,MDA,2012,28191760
Moldova,MDA,2013,28212810
Moldova,MDA,2014,32428209
Moldova,MDA,2015,34109702
Moldova,MDA,2016,32909761
Moldova,MDA,2017,35908631
Moldova,MDA,2018,37942754
Moldova,MDA,2019,39439125
Moldova,MDA,2020,41435871
Moldova,MDA,2021,43207335
Moldova,MDA,2022,44908050
Mongolia,MNG,1961,4542500
Mongolia,MNG,1962,4307500
Mongolia,MNG,1963,4346000
Mongolia,MNG,1964,4190000
Mongolia,MNG,1965,4300000
Mongolia,MNG,1966,4329500
Mongolia,MNG,1967,4734000
Mongolia,MNG,1968,5028000
Mongolia,MNG,1969,5287000
Mongolia,MNG,1970,5484500
Mongolia,MNG,1971,5367000
Mongolia,MNG,1972,5665000
Mongolia,MNG,1973,5622000
Mongolia,MNG,1974,6482500
Mongolia,MNG,1975,7513500
Mongolia,MNG,1976,6618600
Mongolia,MNG,1977,6049000
Mongolia,MNG,1978,7411500
Mongolia,MNG,1979,7294500
Mongolia,MNG,1980,7097000
Mongolia,MNG,1981,7518500
Mongolia,MNG,1982,7763500
Mongolia,MNG,1983,7333500
Mongolia,MNG,1984,7496000
Mongolia,MNG,1985,6948500
Mongolia,MNG,1986,7403555
Mongolia,MNG,1987,7183227
Mongolia,MNG,1988,7367741
Mongolia,MNG,1989,7841655
Mongolia,MNG,1990,7828230
Mongolia,MNG,1991,9194500
Mongolia,MNG,1992,7818400
Mongolia,MNG,1993,6727800
Mongolia,MNG,1994,6348600
Mongolia,MNG,1995,6614300
Mongolia,MNG,1996,7750300
Mongolia,MNG,1997,6942000
Mongolia,MNG,1998,7532700
Mongolia,MNG,1999,8778800
Mongolia,MNG,2000,8016400
Mongolia,MNG,2001,6731500
Mongolia,MNG,2002,6116100
Mongolia,MNG,2003,5090500
Mongolia,MNG,2004,6545900
Mongolia,MNG,2005,6434100
Mongolia,MNG,2006,6026600
Mongolia,MNG,2007,7151500
Mongolia,MNG,2008,8445749
Mongolia,MNG,2009,11457874
Mongolia,MNG,2010,8520200
Mongolia,MNG,2011,8450375
Mongolia,MNG,2012,8402825
Mongolia,MNG,2013,10230466
Mongolia,MNG,2014,11797277
Mongolia,MNG,2015,12661855
Mongolia,MNG,2016,13975231
Mongolia,MNG,2017,14272560
Mongolia,MNG,2018,16745656
Mongolia,MNG,2019,18307047
Mongolia,MNG,2020,25009246
Mongolia,MNG,2021,17215572
Mongolia,MNG,2022,21184256
Montenegro,MNE,2006,1672128
Montenegro,MNE,2007,2032495
Montenegro,MNE,2008,1744587
Montenegro,MNE,2009,1686046
Montenegro,MNE,2010,2031059
Montenegro,MNE,2011,1956079
Montenegro,MNE,2012,1927644
Montenegro,MNE,2013,2507070
Montenegro,MNE,2014,2420766
Montenegro,MNE,2015,2450969
Montenegro,MNE,2016,3090231
Montenegro,MNE,2017,2633552
Montenegro,MNE,2018,2820723
Montenegro,MNE,2019,2580513
Montenegro,MNE,2020,2392842
Montenegro,MNE,2021,2426975
Montenegro,MNE,2022,3446189
Morocco,MAR,1961,38706510
Morocco,MAR,1962,37111730
Morocco,MAR,1963,36742210
Morocco,MAR,1964,39325020
Morocco,MAR,1965,39036768
Morocco,MAR,1966,40342200
Morocco,MAR,1967,41430700
Morocco,MAR,1968,43092040
Morocco,MAR,1969,43997000
Morocco,MAR,1970,46468400
Morocco,MAR,1971,46925983
Morocco,MAR,1972,54614060
Morocco,MAR,1973,52126457
Morocco,MAR,1974,53083491
Morocco,MAR,1975,61212000
Morocco,MAR,1976,63465000
Morocco,MAR,1977,73761234
Morocco,MAR,1978,78569028
Morocco,MAR,1979,78872600
Morocco,MAR,1980,74558540
Morocco,MAR,1981,72431277
Morocco,MAR,1982,74307415
Morocco,MAR,1983,80134258
Morocco,MAR,1984,85770880
Morocco,MAR,1985,105736200
Morocco,MAR,1986,131152600
Morocco,MAR,1987,167948000
Morocco,MAR,1988,163451385
Morocco,MAR,1989,180798595
Morocco,MAR,1990,192088851
Morocco,MAR,1991,180433188
Morocco,MAR,1992,194002100
Morocco,MAR,1993,171305910
Morocco,MAR,1994,208086000
Morocco,MAR,1995,233366000
Morocco,MAR,1996,248116300
Morocco,MAR,1997,248735600
Morocco,MAR,1998,245412000
Morocco,MAR,1999,324990300
Morocco,MAR,2000,320190300
Morocco,MAR,2001,325646000
Morocco,MAR,2002,326440800
Morocco,MAR,2003,326872500
Morocco,MAR,2004,333535268
Morocco,MAR,2005,337546540
Morocco,MAR,2006,369276791
Morocco,MAR,2007,371277600
Morocco,MAR,2008,391499000
Morocco,MAR,2009,438282000
Morocco,MAR,2010,499353900
Morocco,MAR,2011,527470300
Morocco,MAR,2012,528305800
Morocco,MAR,2013,539330400
Morocco,MAR,2014,542995216
Morocco,MAR,2015,559965063
Morocco,MAR,2016,585868241
Morocco,MAR,2017,655247238
Morocco,MAR,2018,666590378
Morocco,MAR,2019,697776170
Morocco,MAR,2020,718529024
Morocco,MAR,2021,745359375
Morocco,MAR,2022,771222890
Mozambique,MOZ,1961,4988000
Mozambique,MOZ,1962,5215000
Mozambique,MOZ,1963,5441000
Mozambique,MOZ,1964,5718000
Mozambique,MOZ,1965,6055000
Mozambique,MOZ,1966,9310400
Mozambique,MOZ,1967,11636000
Mozambique,MOZ,1968,12890000
Mozambique,MOZ,1969,14284000
Mozambique,MOZ,1970,16868000
Mozambique,MOZ,1971,17765000
Mozambique,MOZ,1972,18019600
Mozambique,MOZ,1973,18824400
Mozambique,MOZ,1974,17408500
Mozambique,MOZ,1975,17355000
Mozambique,MOZ,1976,17372000
Mozambique,MOZ,1977,18650000
Mozambique,MOZ,1978,19315000
Mozambique,MOZ,1979,21366600
Mozambique,MOZ,1980,22656400
Mozambique,MOZ,1981,23403400
Mozambique,MOZ,1982,24552840
Mozambique,MOZ,1983,25330200
Mozambique,MOZ,1984,26387400
Mozambique,MOZ,1985,27115000
Mozambique,MOZ,1986,28067000
Mozambique,MOZ,1987,28797800
Mozambique,MOZ,1988,30091000
Mozambique,MOZ,1989,30469600
Mozambique,MOZ,1990,31312400
Mozambique,MOZ,1991,33505000
Mozambique,MOZ,1992,33595800
Mozambique,MOZ,1993,33716230
Mozambique,MOZ,1994,37206751
Mozambique,MOZ,1995,37042387
Mozambique,MOZ,1996,37916671
Mozambique,MOZ,1997,39479546
Mozambique,MOZ,1998,41322000
Mozambique,MOZ,1999,40110824
Mozambique,MOZ,2000,39819373
Mozambique,MOZ,2001,39155081
Mozambique,MOZ,2002,41413650
Mozambique,MOZ,2003,29598694
Mozambique,MOZ,2004,26323764
Mozambique,MOZ,2005,25328815
Mozambique,MOZ,2006,29375632
Mozambique,MOZ,2007,30017151
Mozambique,MOZ,2008,31436949
Mozambique,MOZ,2009,37110745
Mozambique,MOZ,2010,37108117
Mozambique,MOZ,2011,35357117
Mozambique,MOZ,2012,30725409
Mozambique,MOZ,2013,31861183
Mozambique,MOZ,2014,38743921
Mozambique,MOZ,2015,30000988
Mozambique,MOZ,2016,34531736
Mozambique,MOZ,2017,34522479
Mozambique,MOZ,2018,39146363
Mozambique,MOZ,2019,34654394
Mozambique,MOZ,2020,47022298
Mozambique,MOZ,2021,52719673
Mozambique,MOZ,2022,45653574
Myanmar,MMR,1961,20792900
Myanmar,MMR,1962,21866100
Myanmar,MMR,1963,23969600
Myanmar,MMR,1964,24362800
Myanmar,MMR,1965,27191700
Myanmar,MMR,1966,33902600
Myanmar,MMR,1967,40762400
Myanmar,MMR,1968,40561800
Myanmar,MMR,1969,43765500
Myanmar,MMR,1970,49813300
Myanmar,MMR,1971,51097500
Myanmar,MMR,1972,50938600
Myanmar,MMR,1973,51299700
Myanmar,MMR,1974,47593800
Myanmar,MMR,1975,50861000
Myanmar,MMR,1976,53925800
Myanmar,MMR,1977,53532500
Myanmar,MMR,1978,55671000
Myanmar,MMR,1979,62750000
Myanmar,MMR,1980,69338500
Myanmar,MMR,1981,82439900
Myanmar,MMR,1982,92871500
Myanmar,MMR,1983,98485100
Myanmar,MMR,1984,104721400
Myanmar,MMR,1985,108420000
Myanmar,MMR,1986,110166600
Myanmar,MMR,1987,118733600
Myanmar,MMR,1988,126771600
Myanmar,MMR,1989,84248730
Myanmar,MMR,1990,80038280
Myanmar,MMR,1991,83597400
Myanmar,MMR,1992,90828200
Myanmar,MMR,1993,95720500
Myanmar,MMR,1994,100028250
Myanmar,MMR,1995,116749900
Myanmar,MMR,1996,132263590
Myanmar,MMR,1997,142744630
Myanmar,MMR,1998,145286680
Myanmar,MMR,1999,164245280
Myanmar,MMR,2000,208454930
Myanmar,MMR,2001,243682020
Myanmar,MMR,2002,283076240
Myanmar,MMR,2003,349570536
Myanmar,MMR,2004,393892087
Myanmar,MMR,2005,448172562
Myanmar,MMR,2006,513464179
Myanmar,MMR,2007,713207213
Myanmar,MMR,2008,805380958
Myanmar,MMR,2009,809823660
Myanmar,MMR,2010,932506300
Myanmar,MMR,2011,1023697000
Myanmar,MMR,2012,1024337000
Myanmar,MMR,2013,1026752000
Myanmar,MMR,2014,1153385329
Myanmar,MMR,2015,1300802093
Myanmar,MMR,2016,1313109234
Myanmar,MMR,2017,1316970907
Myanmar,MMR,2018,413560156
Myanmar,MMR,2019,468955166
Myanmar,MMR,2020,526256222
Myanmar,MMR,2021,528576548
Myanmar,MMR,2022,530814465
Namibia,NAM,1961,1192200
Namibia,NAM,1962,1381270
Namibia,NAM,1963,1523000
Namibia,NAM,1964,1642000
Namibia,NAM,1965,1807000
Namibia,NAM,1966,1918000
Namibia,NAM,1967,1979000
Namibia,NAM,1968,2070000
Namibia,NAM,1969,2168000
Namibia,NAM,1970,2252000
Namibia,NAM,1971,2346000
Namibia,NAM,1972,2440000
Namibia,NAM,1973,2544000
Namibia,NAM,1974,2650000
Namibia,NAM,1975,2709261
Namibia,NAM,1976,2743648
Namibia,NAM,1977,2955598
Namibia,NAM,1978,3104693
Namibia,NAM,1979,3236187
Namibia,NAM,1980,3418404
Namibia,NAM,1981,3035873
Namibia,NAM,1982,2982177
Namibia,NAM,1983,2962072
Namibia,NAM,1984,3121732
Namibia,NAM,1985,3210887
Namibia,NAM,1986,3373417
Namibia,NAM,1987,3329606
Namibia,NAM,1988,3518726
Namibia,NAM,1989,3677210
Namibia,NAM,1990,3744878
Namibia,NAM,1991,3993976
Namibia,NAM,1992,3802935
Namibia,NAM,1993,3972264
Namibia,NAM,1994,4100961
Namibia,NAM,1995,4803827
Namibia,NAM,1996,4342103
Namibia,NAM,1997,5961648
Namibia,NAM,1998,10692588
Namibia,NAM,1999,10375000
Namibia,NAM,2000,12152612
Namibia,NAM,2001,11261957
Namibia,NAM,2002,11483000
Namibia,NAM,2003,11370000
Namibia,NAM,2004,12909300
Namibia,NAM,2005,12982464
Namibia,NAM,2006,13250007
Namibia,NAM,2007,17200115
Namibia,NAM,2008,15059303
Namibia,NAM,2009,15265790
Namibia,NAM,2010,15943970
Namibia,NAM,2011,16367272
Namibia,NAM,2012,16874540
Namibia,NAM,2013,17061842
Namibia,NAM,2014,11602260
Namibia,NAM,2015,13754106
Namibia,NAM,2016,14696901
Namibia,NAM,2017,14527123
Namibia,NAM,2018,14055430
Namibia,NAM,2019,14806981
Namibia,NAM,2020,15041471
Namibia,NAM,2021,15194865
Namibia,NAM,2022,15464983
Nauru,NRU,1961,2718
Nauru,NRU,1962,2735
Nauru,NRU,1963,2753
Nauru,NRU,1964,2770
Nauru,NRU,1965,2805
Nauru,NRU,1966,2823
Nauru,NRU,1967,3840
Nauru,NRU,1968,3875
Nauru,NRU,1969,3910
Nauru,NRU,1970,3945
Nauru,NRU,1971,3980
Nauru,NRU,1972,4050
Nauru,NRU,1973,4120
Nauru,NRU,1974,4200
Nauru,NRU,1975,5200
Nauru,NRU,1976,4000
Nauru,NRU,1977,4000
Nauru,NRU,1978,4200
Nauru,NRU,1979,4250
Nauru,NRU,1980,5300
Nauru,NRU,1981,5500
Nauru,NRU,1982,5600
Nauru,NRU,1983,5700
Nauru,NRU,1984,5500
Nauru,NRU,1985,5600
Nauru,NRU,1986,6700
Nauru,NRU,1987,6800
Nauru,NRU,1988,6900
Nauru,NRU,1989,6900
Nauru,NRU,1990,7000
Nauru,NRU,1991,7100
Nauru,NRU,1992,7200
Nauru,NRU,1993,7300
Nauru,NRU,1994,7300
Nauru,NRU,1995,7300
Nauru,NRU,1996,7300
Nauru,NRU,1997,7300
Nauru,NRU,1998,7300
Nauru,NRU,1999,7300
Nauru,NRU,2000,7300
Nauru,NRU,2001,7300
Nauru,NRU,2002,7300
Nauru,NRU,2003,7300
Nauru,NRU,2004,7297
Nauru,NRU,2005,7297
Nauru,NRU,2006,7300
Nauru,NRU,2007,7400
Nauru,NRU,2008,7470
Nauru,NRU,2009,7458
Nauru,NRU,2010,7450
Nauru,NRU,2011,7449
Nauru,NRU,2012,7449
Nauru,NRU,2013,7448
Nauru,NRU,2014,7486
Nauru,NRU,2015,7487
Nauru,NRU,2016,7490
Nauru,NRU,2017,7495
Nauru,NRU,2018,7459
Nauru,NRU,2019,7478
Nauru,NRU,2020,7475
Nauru,NRU,2021,7478
Nauru,NRU,2022,7481
Nepal,NPL,1961,6634000
Nepal,NPL,1962,6857000
Nepal,NPL,1963,7029500
Nepal,NPL,1964,7184000
Nepal,NPL,1965,7380000
Nepal,NPL,1966,7437000
Nepal,NPL,1967,7726000
Nepal,NPL,1968,7802000
Nepal,NPL,1969,7983000
Nepal,NPL,1970,8162000
Nepal,NPL,1971,8460000
Nepal,NPL,1972,8657000
Nepal,NPL,1973,8840000
Nepal,NPL,1974,9044000
Nepal,NPL,1975,9255000
Nepal,NPL,1976,9466000
Nepal,NPL,1977,9683000
Nepal,NPL,1978,9891000
Nepal,NPL,1979,10217000
Nepal,NPL,1980,10459000
Nepal,NPL,1981,10633000
Nepal,NPL,1982,10722000
Nepal,NPL,1983,10846000
Nepal,NPL,1984,11391000
Nepal,NPL,1985,11088600
Nepal,NPL,1986,11503100
Nepal,NPL,1987,11795078
Nepal,NPL,1988,12202340
Nepal,NPL,1989,12610627
Nepal,NPL,1990,15028149
Nepal,NPL,1991,15004000
Nepal,NPL,1992,15164000
Nepal,NPL,1993,15251075
Nepal,NPL,1994,15479000
Nepal,NPL,1995,15615000
Nepal,NPL,1996,16125000
Nepal,NPL,1997,17521000
Nepal,NPL,1998,18403000
Nepal,NPL,1999,19320000
Nepal,NPL,2000,20001000
Nepal,NPL,2001,20585900
Nepal,NPL,2002,21658500
Nepal,NPL,2003,22615000
Nepal,NPL,2004,24178000
Nepal,NPL,2005,24101000
Nepal,NPL,2006,24600000
Nepal,NPL,2007,25447000
Nepal,NPL,2008,26071500
Nepal,NPL,2009,26407600
Nepal,NPL,2010,26653000
Nepal,NPL,2011,49279000
Nepal,NPL,2012,53910700
Nepal,NPL,2013,58684900
Nepal,NPL,2014,58771000
Nepal,NPL,2015,59624107
Nepal,NPL,2016,79430174
Nepal,NPL,2017,82435175
Nepal,NPL,2018,86212629
Nepal,NPL,2019,91603081
Nepal,NPL,2020,298750084
Nepal,NPL,2021,269142707
Nepal,NPL,2022,239548334
Net Food Importing Developing Countries (FAO),,1961,670144205
Net Food Importing Developing Countries (FAO),,1962,695088483
Net Food Importing Developing Countries (FAO),,1963,724860188
Net Food Importing Developing Countries (FAO),,1964,766114234
Net Food Importing Developing Countries (FAO),,1965,806764199
Net Food Importing Developing Countries (FAO),,1966,852999564
Net Food Importing Developing Countries (FAO),,1967,900582483
Net Food Importing Developing Countries (FAO),,1968,934066219
Net Food Importing Developing Countries (FAO),,1969,989218307
Net Food Importing Developing Countries (FAO),,1970,1044330139
Net Food Importing Developing Countries (FAO),,1971,1079297097
Net Food Importing Developing Countries (FAO),,1972,1111368684
Net Food Importing Developing Countries (FAO),,1973,1143151403
Net Food Importing Developing Countries (FAO),,1974,1181453490
Net Food Importing Developing Countries (FAO),,1975,1254176880
Net Food Importing Developing Countries (FAO),,1976,1328398407
Net Food Importing Developing Countries (FAO),,1977,1374575174
Net Food Importing Developing Countries (FAO),,1978,1463029109
Net Food Importing Developing Countries (FAO),,1979,1530893380
Net Food Importing Developing Countries (FAO),,1980,1595588080
Net Food Importing Developing Countries (FAO),,1981,1716306532
Net Food Importing Developing Countries (FAO),,1982,1818709484
Net Food Importing Developing Countries (FAO),,1983,1945951513
Net Food Importing Developing Countries (FAO),,1984,2057804908
Net Food Importing Developing Countries (FAO),,1985,2125226329
Net Food Importing Developing Countries (FAO),,1986,2215935762
Net Food Importing Developing Countries (FAO),,1987,2376261025
Net Food Importing Developing Countries (FAO),,1988,2464614286
Net Food Importing Developing Countries (FAO),,1989,2345512366
Net Food Importing Developing Countries (FAO),,1990,2364586038
Net Food Importing Developing Countries (FAO),,1991,2522461470
Net Food Importing Developing Countries (FAO),,1992,2625291512
Net Food Importing Developing Countries (FAO),,1993,2666048777
Net Food Importing Developing Countries (FAO),,1994,2838268104
Net Food Importing Developing Countries (FAO),,1995,3100398274
Net Food Importing Developing Countries (FAO),,1996,3231093397
Net Food Importing Developing Countries (FAO),,1997,3433952570
Net Food Importing Developing Countries (FAO),,1998,3352909679
Net Food Importing Developing Countries (FAO),,1999,3663156061
Net Food Importing Developing Countries (FAO),,2000,3878079352
Net Food Importing Developing Countries (FAO),,2001,4106367787
Net Food Importing Developing Countries (FAO),,2002,4315158827
Net Food Importing Developing Countries (FAO),,2003,4348223576
Net Food Importing Developing Countries (FAO),,2004,4561125032
Net Food Importing Developing Countries (FAO),,2005,4839489661
Net Food Importing Developing Countries (FAO),,2006,5072027267
Net Food Importing Developing Countries (FAO),,2007,5525434692
Net Food Importing Developing Countries (FAO),,2008,5718071764
Net Food Importing Developing Countries (FAO),,2009,6064568236
Net Food Importing Developing Countries (FAO),,2010,6654940535
Net Food Importing Developing Countries (FAO),,2011,6910396499
Net Food Importing Developing Countries (FAO),,2012,6908626604
Net Food Importing Developing Countries (FAO),,2013,7127335836
Net Food Importing Developing Countries (FAO),,2014,7533113456
Net Food Importing Developing Countries (FAO),,2015,7867440818
Net Food Importing Developing Countries (FAO),,2016,8252617435
Net Food Importing Developing Countries (FAO),,2017,8453518713
Net Food Importing Developing Countries (FAO),,2018,7838290725
Net Food Importing Developing Countries (FAO),,2019,8344483134
Net Food Importing Developing Countries (FAO),,2020,8965442364
Net Food Importing Developing Countries (FAO),,2021,9406779239
Net Food Importing Developing Countries (FAO),,2022,9741923575
Netherlands,NLD,1961,75757062
Netherlands,NLD,1962,88885245
Netherlands,NLD,1963,94618755
Netherlands,NLD,1964,113291614
Netherlands,NLD,1965,133676391
Netherlands,NLD,1966,160719264
Netherlands,NLD,1967,180426184
Netherlands,NLD,1968,193088265
Netherlands,NLD,1969,213717842
Netherlands,NLD,1970,254212212
Netherlands,NLD,1971,277893332
Netherlands,NLD,1972,284941012
Netherlands,NLD,1973,294280497
Netherlands,NLD,1974,274930364
Netherlands,NLD,1975,263487922
Netherlands,NLD,1976,274635402
Netherlands,NLD,1977,269221290
Netherlands,NLD,1978,268383888
Netherlands,NLD,1979,272983942
Netherlands,NLD,1980,282609163
Netherlands,NLD,1981,320130973
Netherlands,NLD,1982,330874701
Netherlands,NLD,1983,311487292
Netherlands,NLD,1984,324962646
Netherlands,NLD,1985,330953103
Netherlands,NLD,1986,353467450
Netherlands,NLD,1987,355617008
Netherlands,NLD,1988,361157008
Netherlands,NLD,1989,369621900
Netherlands,NLD,1990,427918008
Netherlands,NLD,1991,438569800
Netherlands,NLD,1992,458696010
Netherlands,NLD,1993,465263200
Netherlands,NLD,1994,490195800
Netherlands,NLD,1995,511755700
Netherlands,NLD,1996,568499600
Netherlands,NLD,1997,575420700
Netherlands,NLD,1998,601505800
Netherlands,NLD,1999,596338800
Netherlands,NLD,2000,497289315
Netherlands,NLD,2001,501645618
Netherlands,NLD,2002,506065070
Netherlands,NLD,2003,395095306
Netherlands,NLD,2004,442610502
Netherlands,NLD,2005,455571112
Netherlands,NLD,2006,450079766
Netherlands,NLD,2007,491472260
Netherlands,NLD,2008,500637792
Netherlands,NLD,2009,508339188
Netherlands,NLD,2010,514325834
Netherlands,NLD,2011,541485858
Netherlands,NLD,2012,571701127
Netherlands,NLD,2013,586967529
Netherlands,NLD,2014,607950578
Netherlands,NLD,2015,628555760
Netherlands,NLD,2016,659235244
Netherlands,NLD,2017,656004762
Netherlands,NLD,2018,642369810
Netherlands,NLD,2019,642071060
Netherlands,NLD,2020,617169910
Netherlands,NLD,2021,541033290
Netherlands,NLD,2022,537618350
New Caledonia,NCL,1961,201600
New Caledonia,NCL,1962,207400
New Caledonia,NCL,1963,211300
New Caledonia,NCL,1964,212370
New Caledonia,NCL,1965,221796
New Caledonia,NCL,1966,241001
New Caledonia,NCL,1967,261000
New Caledonia,NCL,1968,264245
New Caledonia,NCL,1969,276695
New Caledonia,NCL,1970,277522
New Caledonia,NCL,1971,288929
New Caledonia,NCL,1972,338850
New Caledonia,NCL,1973,359000
New Caledonia,NCL,1974,371050
New Caledonia,NCL,1975,391605
New Caledonia,NCL,1976,408812
New Caledonia,NCL,1977,433005
New Caledonia,NCL,1978,451662
New Caledonia,NCL,1979,481984
New Caledonia,NCL,1980,490886
New Caledonia,NCL,1981,505252
New Caledonia,NCL,1982,519863
New Caledonia,NCL,1983,513738
New Caledonia,NCL,1984,573325
New Caledonia,NCL,1985,604893
New Caledonia,NCL,1986,505465
New Caledonia,NCL,1987,823470
New Caledonia,NCL,1988,767904
New Caledonia,NCL,1989,736309
New Caledonia,NCL,1990,792014
New Caledonia,NCL,1991,683467
New Caledonia,NCL,1992,616754
New Caledonia,NCL,1993,606924
New Caledonia,NCL,1994,674540
New Caledonia,NCL,1995,802248
New Caledonia,NCL,1996,781153
New Caledonia,NCL,1997,899446
New Caledonia,NCL,1998,866714
New Caledonia,NCL,1999,1056501
New Caledonia,NCL,2000,959851
New Caledonia,NCL,2001,861720
New Caledonia,NCL,2002,913105
New Caledonia,NCL,2003,1193169
New Caledonia,NCL,2004,991633
New Caledonia,NCL,2005,900813
New Caledonia,NCL,2006,462386
New Caledonia,NCL,2007,490673
New Caledonia,NCL,2008,476105
New Caledonia,NCL,2009,477753
New Caledonia,NCL,2010,494483
New Caledonia,NCL,2011,482777
New Caledonia,NCL,2012,501236
New Caledonia,NCL,2013,492494
New Caledonia,NCL,2014,534914
New Caledonia,NCL,2015,532136
New Caledonia,NCL,2016,534582
New Caledonia,NCL,2017,549324
New Caledonia,NCL,2018,583024
New Caledonia,NCL,2019,596739
New Caledonia,NCL,2020,589983
New Caledonia,NCL,2021,590734
New Caledonia,NCL,2022,594416
New Zealand,NZL,1961,35333083
New Zealand,NZL,1962,39347280
New Zealand,NZL,1963,37554937
New Zealand,NZL,1964,39855969
New Zealand,NZL,1965,40501116
New Zealand,NZL,1966,40298429
New Zealand,NZL,1967,43038386
New Zealand,NZL,1968,47502700
New Zealand,NZL,1969,49186600
New Zealand,NZL,1970,52152200
New Zealand,NZL,1971,54940108
New Zealand,NZL,1972,55603008
New Zealand,NZL,1973,57956008
New Zealand,NZL,1974,58405008
New Zealand,NZL,1975,55611000
New Zealand,NZL,1976,59743008
New Zealand,NZL,1977,61319008
New Zealand,NZL,1978,68361000
New Zealand,NZL,1979,65368008
New Zealand,NZL,1980,67471000
New Zealand,NZL,1981,74423119
New Zealand,NZL,1982,73789511
New Zealand,NZL,1983,81057853
New Zealand,NZL,1984,80707053
New Zealand,NZL,1985,93890192
New Zealand,NZL,1986,83323400
New Zealand,NZL,1987,85732931
New Zealand,NZL,1988,86750204
New Zealand,NZL,1989,91688552
New Zealand,NZL,1990,81576156
New Zealand,NZL,1991,82249633
New Zealand,NZL,1992,87974911
New Zealand,NZL,1993,84605632
New Zealand,NZL,1994,87631210
New Zealand,NZL,1995,100046917
New Zealand,NZL,1996,98503495
New Zealand,NZL,1997,96236214
New Zealand,NZL,1998,101562148
New Zealand,NZL,1999,99144437
New Zealand,NZL,2000,101141936
New Zealand,NZL,2001,104653754
New Zealand,NZL,2002,106832433
New Zealand,NZL,2003,115289863
New Zealand,NZL,2004,117629828
New Zealand,NZL,2005,123897708
New Zealand,NZL,2006,121504355
New Zealand,NZL,2007,121836979
New Zealand,NZL,2008,122026368
New Zealand,NZL,2009,112162234
New Zealand,NZL,2010,112478706
New Zealand,NZL,2011,114308838
New Zealand,NZL,2012,121179754
New Zealand,NZL,2013,123817608
New Zealand,NZL,2014,133872944
New Zealand,NZL,2015,138460589
New Zealand,NZL,2016,140958640
New Zealand,NZL,2017,146987174
New Zealand,NZL,2018,154744192
New Zealand,NZL,2019,148881688
New Zealand,NZL,2020,147702272
New Zealand,NZL,2021,148752811
New Zealand,NZL,2022,147188676
Nicaragua,NIC,1961,2319800
Nicaragua,NIC,1962,2706750
Nicaragua,NIC,1963,3026150
Nicaragua,NIC,1964,3355300
Nicaragua,NIC,1965,3889425
Nicaragua,NIC,1966,4165000
Nicaragua,NIC,1967,4248330
Nicaragua,NIC,1968,4499790
Nicaragua,NIC,1969,4263500
Nicaragua,NIC,1970,4815005
Nicaragua,NIC,1971,5029249
Nicaragua,NIC,1972,6342807
Nicaragua,NIC,1973,6806900
Nicaragua,NIC,1974,8632050
Nicaragua,NIC,1975,10501300
Nicaragua,NIC,1976,11915100
Nicaragua,NIC,1977,10252365
Nicaragua,NIC,1978,8659641
Nicaragua,NIC,1979,7480700
Nicaragua,NIC,1980,7001367
Nicaragua,NIC,1981,6484525
Nicaragua,NIC,1982,8578423
Nicaragua,NIC,1983,9508821
Nicaragua,NIC,1984,9249162
Nicaragua,NIC,1985,9647127
Nicaragua,NIC,1986,9538025
Nicaragua,NIC,1987,10701086
Nicaragua,NIC,1988,10304553
Nicaragua,NIC,1989,6928080
Nicaragua,NIC,1990,7393550
Nicaragua,NIC,1991,8216000
Nicaragua,NIC,1992,12477900
Nicaragua,NIC,1993,15767300
Nicaragua,NIC,1994,16597100
Nicaragua,NIC,1995,17720100
Nicaragua,NIC,1996,17657400
Nicaragua,NIC,1997,18412500
Nicaragua,NIC,1998,20179500
Nicaragua,NIC,1999,22082650
Nicaragua,NIC,2000,28220346
Nicaragua,NIC,2001,32928119
Nicaragua,NIC,2002,33586448
Nicaragua,NIC,2003,36011040
Nicaragua,NIC,2004,38288387
Nicaragua,NIC,2005,40954313
Nicaragua,NIC,2006,44558352
Nicaragua,NIC,2007,47912371
Nicaragua,NIC,2008,46661767
Nicaragua,NIC,2009,47077739
Nicaragua,NIC,2010,54324221
Nicaragua,NIC,2011,56188500
Nicaragua,NIC,2012,58469700
Nicaragua,NIC,2013,62992188
Nicaragua,NIC,2014,64882766
Nicaragua,NIC,2015,65380414
Nicaragua,NIC,2016,67305994
Nicaragua,NIC,2017,69647574
Nicaragua,NIC,2018,64525340
Nicaragua,NIC,2019,65250168
Nicaragua,NIC,2020,64273016
Nicaragua,NIC,2021,63766735
Nicaragua,NIC,2022,68398641
Niger,NER,1961,6787000
Niger,NER,1962,7062500
Niger,NER,1963,7410400
Niger,NER,1964,8006750
Niger,NER,1965,8561950
Niger,NER,1966,9371300
Niger,NER,1967,10037900
Niger,NER,1968,10727200
Niger,NER,1969,11125200
Niger,NER,1970,11642300
Niger,NER,1971,11680600
Niger,NER,1972,11875500
Niger,NER,1973,11148200
Niger,NER,1974,11446500
Niger,NER,1975,11681200
Niger,NER,1976,12565500
Niger,NER,1977,13799300
Niger,NER,1978,14099300
Niger,NER,1979,14297600
Niger,NER,1980,15035700
Niger,NER,1981,15939600
Niger,NER,1982,15737300
Niger,NER,1983,15904800
Niger,NER,1984,14543000
Niger,NER,1985,13829200
Niger,NER,1986,14250800
Niger,NER,1987,14680300
Niger,NER,1988,14982000
Niger,NER,1989,15315900
Niger,NER,1990,15501700
Niger,NER,1991,15823160
Niger,NER,1992,16230000
Niger,NER,1993,16684900
Niger,NER,1994,16980400
Niger,NER,1995,17226600
Niger,NER,1996,17843100
Niger,NER,1997,18182500
Niger,NER,1998,18688600
Niger,NER,1999,19267800
Niger,NER,2000,14979752
Niger,NER,2001,15363782
Niger,NER,2002,15303215
Niger,NER,2003,15579608
Niger,NER,2004,15697974
Niger,NER,2005,16059922
Niger,NER,2006,14682214
Niger,NER,2007,14798858
Niger,NER,2008,14862520
Niger,NER,2009,21705124
Niger,NER,2010,22123314
Niger,NER,2011,22471441
Niger,NER,2012,22760770
Niger,NER,2013,23396359
Niger,NER,2014,23894459
Niger,NER,2015,24225976
Niger,NER,2016,24437920
Niger,NER,2017,25369621
Niger,NER,2018,26438655
Niger,NER,2019,26900771
Niger,NER,2020,27556620
Niger,NER,2021,27709027
Niger,NER,2022,27705097
Nigeria,NGA,1961,39738389
Nigeria,NGA,1962,42994648
Nigeria,NGA,1963,46437954
Nigeria,NGA,1964,49653538
Nigeria,NGA,1965,52349528
Nigeria,NGA,1966,54951861
Nigeria,NGA,1967,57116985
Nigeria,NGA,1968,60228418
Nigeria,NGA,1969,63690273
Nigeria,NGA,1970,66953207
Nigeria,NGA,1971,71338397
Nigeria,NGA,1972,74634637
Nigeria,NGA,1973,78770034
Nigeria,NGA,1974,82064145
Nigeria,NGA,1975,87844550
Nigeria,NGA,1976,92734333
Nigeria,NGA,1977,100307200
Nigeria,NGA,1978,110979641
Nigeria,NGA,1979,120703326
Nigeria,NGA,1980,127694364
Nigeria,NGA,1981,141210051
Nigeria,NGA,1982,132987997
Nigeria,NGA,1983,146712079
Nigeria,NGA,1984,140694820
Nigeria,NGA,1985,150569237
Nigeria,NGA,1986,155881418
Nigeria,NGA,1987,167669737
Nigeria,NGA,1988,176507783
Nigeria,NGA,1989,186245794
Nigeria,NGA,1990,191319227
Nigeria,NGA,1991,182864852
Nigeria,NGA,1992,180014599
Nigeria,NGA,1993,183954888
Nigeria,NGA,1994,189450000
Nigeria,NGA,1995,192030000
Nigeria,NGA,1996,194736000
Nigeria,NGA,1997,198520700
Nigeria,NGA,1998,201325000
Nigeria,NGA,1999,203392000
Nigeria,NGA,2000,193554000
Nigeria,NGA,2001,220014814
Nigeria,NGA,2002,227916623
Nigeria,NGA,2003,238597299
Nigeria,NGA,2004,249666773
Nigeria,NGA,2005,258098045
Nigeria,NGA,2006,272239220
Nigeria,NGA,2007,284941456
Nigeria,NGA,2008,302416730
Nigeria,NGA,2009,316480230
Nigeria,NGA,2010,290850000
Nigeria,NGA,2011,245253000
Nigeria,NGA,2012,276709000
Nigeria,NGA,2013,241203000
Nigeria,NGA,2014,246214287
Nigeria,NGA,2015,254768328
Nigeria,NGA,2016,292344897
Nigeria,NGA,2017,310074757
Nigeria,NGA,2018,329409391
Nigeria,NGA,2019,351388389
Nigeria,NGA,2020,376672796
Nigeria,NGA,2021,401833297
Nigeria,NGA,2022,360389295
Niue,NIU,1961,10627
Niue,NIU,1962,11678
Niue,NIU,1963,12704
Niue,NIU,1964,13750
Niue,NIU,1965,13881
Niue,NIU,1966,16902
Niue,NIU,1967,16932
Niue,NIU,1968,17935
Niue,NIU,1969,18936
Niue,NIU,1970,19995
Niue,NIU,1971,20050
Niue,NIU,1972,21105
Niue,NIU,1973,22190
Niue,NIU,1974,22193
Niue,NIU,1975,22194
Niue,NIU,1976,22203
Niue,NIU,1977,24231
Niue,NIU,1978,26215
Niue,NIU,1979,26158
Niue,NIU,1980,26270
Niue,NIU,1981,26300
Niue,NIU,1982,26200
Niue,NIU,1983,24270
Niue,NIU,1984,21120
Niue,NIU,1985,22055
Niue,NIU,1986,20000
Niue,NIU,1987,17945
Niue,NIU,1988,16885
Niue,NIU,1989,15825
Niue,NIU,1990,15762
Niue,NIU,1991,15763
Niue,NIU,1992,15762
Niue,NIU,1993,15762
Niue,NIU,1994,15812
Niue,NIU,1995,15812
Niue,NIU,1996,16812
Niue,NIU,1997,16812
Niue,NIU,1998,16812
Niue,NIU,1999,16812
Niue,NIU,2000,16812
Niue,NIU,2001,20862
Niue,NIU,2002,20862
Niue,NIU,2003,20862
Niue,NIU,2004,20862
Niue,NIU,2005,20912
Niue,NIU,2006,20912
Niue,NIU,2007,20953
Niue,NIU,2008,20914
Niue,NIU,2009,21823
Niue,NIU,2010,21936
Niue,NIU,2011,22943
Niue,NIU,2012,22949
Niue,NIU,2013,22951
Niue,NIU,2014,23966
Niue,NIU,2015,23977
Niue,NIU,2016,24986
Niue,NIU,2017,23996
Niue,NIU,2018,23997
Niue,NIU,2019,25005
Niue,NIU,2020,25006
Niue,NIU,2021,25013
Niue,NIU,2022,25020
North America,,1961,2849780974
North America,,1962,2878987095
North America,,1963,2975282185
North America,,1964,3078204724
North America,,1965,3260557794
North America,,1966,3178341268
North America,,1967,3698069077
North America,,1968,3692311454
North America,,1969,3890029948
North America,,1970,4090532155
North America,,1971,4103715922
North America,,1972,4237494015
North America,,1973,4182737313
North America,,1974,4205393058
North America,,1975,4042809441
North America,,1976,4464651622
North America,,1977,4596513817
North America,,1978,4835579166
North America,,1979,5267736338
North America,,1980,5429487659
North America,,1981,5621848085
North America,,1982,5604500012
North America,,1983,5700597281
North America,,1984,5861079848
North America,,1985,6215964262
North America,,1986,6281684256
North America,,1987,6788854920
North America,,1988,7011567373
North America,,1989,7356753601
North America,,1990,7873844904
North America,,1991,8225211669
North America,,1992,8582148197
North America,,1993,8961047148
North America,,1994,9389866728
North America,,1995,9879346896
North America,,1996,10172382083
North America,,1997,10351220497
North America,,1998,10626790456
North America,,1999,11045981304
North America,,2000,11342710930
North America,,2001,11614133241
North America,,2002,11845682375
North America,,2003,11783208359
North America,,2004,12159059358
North America,,2005,12434333071
North America,,2006,12461635381
North America,,2007,12612686295
North America,,2008,12652738515
North America,,2009,12268113097
North America,,2010,12402348003
North America,,2011,12306158435
North America,,2012,12220050266
North America,,2013,12317636872
North America,,2014,12399610918
North America,,2015,12635182573
North America,,2016,12820515879
North America,,2017,13103335294
North America,,2018,13347581853
North America,,2019,13664558656
North America,,2020,13686078808
North America,,2021,13769656539
North America,,2022,14076944557
North Korea,PRK,1961,16169600
North Korea,PRK,1962,16197800
North Korea,PRK,1963,16239400
North Korea,PRK,1964,17576400
North Korea,PRK,1965,17585300
North Korea,PRK,1966,17343800
North Korea,PRK,1967,18050500
North Korea,PRK,1968,18760000
North Korea,PRK,1969,19173000
North Korea,PRK,1970,20187000
North Korea,PRK,1971,21100600
North Korea,PRK,1972,22318000
North Korea,PRK,1973,23831500
North Korea,PRK,1974,25652000
North Korea,PRK,1975,27368000
North Korea,PRK,1976,28581300
North Korea,PRK,1977,30297600
North Korea,PRK,1978,31410000
North Korea,PRK,1979,32628000
North Korea,PRK,1980,35047000
North Korea,PRK,1981,35760000
North Korea,PRK,1982,36377000
North Korea,PRK,1983,38203000
North Korea,PRK,1984,39321000
North Korea,PRK,1985,40645000
North Korea,PRK,1986,42863000
North Korea,PRK,1987,45087000
North Korea,PRK,1988,47397000
North Korea,PRK,1989,49595000
North Korea,PRK,1990,50900000
North Korea,PRK,1991,53198000
North Korea,PRK,1992,40287000
North Korea,PRK,1993,33192000
North Korea,PRK,1994,26035000
North Korea,PRK,1995,23778000
North Korea,PRK,1996,34956000
North Korea,PRK,1997,30002000
North Korea,PRK,1998,32718000
North Korea,PRK,1999,44958000
North Korea,PRK,2000,71283500
North Korea,PRK,2001,104711000
North Korea,PRK,2002,108874000
North Korea,PRK,2003,111982000
North Korea,PRK,2004,113565000
North Korea,PRK,2005,113310600
North Korea,PRK,2006,119653200
North Korea,PRK,2007,125499800
North Korea,PRK,2008,132729500
North Korea,PRK,2009,140785000
North Korea,PRK,2010,140786300
North Korea,PRK,2011,152811300
North Korea,PRK,2012,153843500
North Korea,PRK,2013,153843500
North Korea,PRK,2014,156970571
North Korea,PRK,2015,154831739
North Korea,PRK,2016,154724984
North Korea,PRK,2017,155837403
North Korea,PRK,2018,152448168
North Korea,PRK,2019,166023873
North Korea,PRK,2020,148586461
North Korea,PRK,2021,143553085
North Korea,PRK,2022,136614489
North Macedonia,MKD,1992,6422300
North Macedonia,MKD,1993,6463233
North Macedonia,MKD,1994,6468770
North Macedonia,MKD,1995,6314260
North Macedonia,MKD,1996,6178000
North Macedonia,MKD,1997,6014400
North Macedonia,MKD,1998,5975000
North Macedonia,MKD,1999,5894000
North Macedonia,MKD,2000,5414000
North Macedonia,MKD,2001,5277000
North Macedonia,MKD,2002,5473183
North Macedonia,MKD,2003,5723000
North Macedonia,MKD,2004,5101820
North Macedonia,MKD,2005,5558000
North Macedonia,MKD,2006,5155500
North Macedonia,MKD,2007,5034000
North Macedonia,MKD,2008,4243000
North Macedonia,MKD,2009,4639000
North Macedonia,MKD,2010,4531100
North Macedonia,MKD,2011,2551200
North Macedonia,MKD,2012,2936000
North Macedonia,MKD,2013,2690200
North Macedonia,MKD,2014,2891739
North Macedonia,MKD,2015,2856000
North Macedonia,MKD,2016,3002000
North Macedonia,MKD,2017,2593000
North Macedonia,MKD,2018,2648000
North Macedonia,MKD,2019,2235000
North Macedonia,MKD,2020,2239000
North Macedonia,MKD,2021,2797743
North Macedonia,MKD,2022,3254307
Northern Africa (FAO),,1961,166579542
Northern Africa (FAO),,1962,166666310
Northern Africa (FAO),,1963,168924438
Northern Africa (FAO),,1964,175260465
Northern Africa (FAO),,1965,180373114
Northern Africa (FAO),,1966,184294799
Northern Africa (FAO),,1967,189680590
Northern Africa (FAO),,1968,195316127
Northern Africa (FAO),,1969,200426150
Northern Africa (FAO),,1970,207699143
Northern Africa (FAO),,1971,215519119
Northern Africa (FAO),,1972,232889143
Northern Africa (FAO),,1973,236690544
Northern Africa (FAO),,1974,243517696
Northern Africa (FAO),,1975,259028757
Northern Africa (FAO),,1976,278577048
Northern Africa (FAO),,1977,297961971
Northern Africa (FAO),,1978,317906636
Northern Africa (FAO),,1979,335834641
Northern Africa (FAO),,1980,361707878
Northern Africa (FAO),,1981,408647876
Northern Africa (FAO),,1982,470074580
Northern Africa (FAO),,1983,543551409
Northern Africa (FAO),,1984,646764970
Northern Africa (FAO),,1985,638475450
Northern Africa (FAO),,1986,683821500
Northern Africa (FAO),,1987,757398000
Northern Africa (FAO),,1988,742272025
Northern Africa (FAO),,1989,779906862
Northern Africa (FAO),,1990,817490053
Northern Africa (FAO),,1991,834992800
Northern Africa (FAO),,1992,865289279
Northern Africa (FAO),,1993,870579213
Northern Africa (FAO),,1994,924630813
Northern Africa (FAO),,1995,992318621
Northern Africa (FAO),,1996,1020580094
Northern Africa (FAO),,1997,1106874517
Northern Africa (FAO),,1998,1124333481
Northern Africa (FAO),,1999,1223162291
Northern Africa (FAO),,2000,1255015836
Northern Africa (FAO),,2001,1274372604
Northern Africa (FAO),,2002,1292688407
Northern Africa (FAO),,2003,1315047468
Northern Africa (FAO),,2004,1336576282
Northern Africa (FAO),,2005,1337738014
Northern Africa (FAO),,2006,1433447910
Northern Africa (FAO),,2007,1532646725
Northern Africa (FAO),,2008,1510363798
Northern Africa (FAO),,2009,1588923599
Northern Africa (FAO),,2010,1733695812
Northern Africa (FAO),,2011,1803236033
Northern Africa (FAO),,2012,1834475643
Northern Africa (FAO),,2013,1951028840
Northern Africa (FAO),,2014,2006879813
Northern Africa (FAO),,2015,2010481591
Northern Africa (FAO),,2016,2200874273
Northern Africa (FAO),,2017,2267718751
Northern Africa (FAO),,2018,2302756811
Northern Africa (FAO),,2019,2665199502
Northern Africa (FAO),,2020,2896158006
Northern Africa (FAO),,2021,3061683050
Northern Africa (FAO),,2022,3218928329
Northern America (FAO),,1961,2659181512
Northern America (FAO),,1962,2671910804
Northern America (FAO),,1963,2755791208
Northern America (FAO),,1964,2844773396
Northern America (FAO),,1965,3010103812
Northern America (FAO),,1966,2913037100
Northern America (FAO),,1967,3420221808
Northern America (FAO),,1968,3403412508
Northern America (FAO),,1969,3586723500
Northern America (FAO),,1970,3767954608
Northern America (FAO),,1971,3756963200
Northern America (FAO),,1972,3877903412
Northern America (FAO),,1973,3796116604
Northern America (FAO),,1974,3799628912
Northern America (FAO),,1975,3608348108
Northern America (FAO),,1976,3996839908
Northern America (FAO),,1977,4094590792
Northern America (FAO),,1978,4292774787
Northern America (FAO),,1979,4684954544
Northern America (FAO),,1980,4790210900
Northern America (FAO),,1981,4946355012
Northern America (FAO),,1982,4921946004
Northern America (FAO),,1983,4970102904
Northern America (FAO),,1984,5132154316
Northern America (FAO),,1985,5441544700
Northern America (FAO),,1986,5374418312
Northern America (FAO),,1987,5975470000
Northern America (FAO),,1988,6178348504
Northern America (FAO),,1989,6518032616
Northern America (FAO),,1990,6889835908
Northern America (FAO),,1991,7191648953
Northern America (FAO),,1992,7488986635
Northern America (FAO),,1993,7759237463
Northern America (FAO),,1994,8204237336
Northern America (FAO),,1995,8500860710
Northern America (FAO),,1996,8695532587
Northern America (FAO),,1997,8911701171
Northern America (FAO),,1998,9030929633
Northern America (FAO),,1999,9340114015
Northern America (FAO),,2000,9502280662
Northern America (FAO),,2001,9724140114
Northern America (FAO),,2002,9828778987
Northern America (FAO),,2003,9784153275
Northern America (FAO),,2004,9981766482
Northern America (FAO),,2005,10095273992
Northern America (FAO),,2006,10068641095
Northern America (FAO),,2007,10168028900
Northern America (FAO),,2008,10220440604
Northern America (FAO),,2009,9769337000
Northern America (FAO),,2010,9898111204
Northern America (FAO),,2011,9795176996
Northern America (FAO),,2012,9696506900
Northern America (FAO),,2013,9761202928
Northern America (FAO),,2014,9785662815
Northern America (FAO),,2015,9964933709
Northern America (FAO),,2016,10090014518
Northern America (FAO),,2017,10265007478
Northern America (FAO),,2018,10394395906
Northern America (FAO),,2019,10585956832
Northern America (FAO),,2020,10566072625
Northern America (FAO),,2021,10551805284
Northern America (FAO),,2022,10783422698
Northern Europe (FAO),,1961,358738216
Northern Europe (FAO),,1962,372668504
Northern Europe (FAO),,1963,368826254
Northern Europe (FAO),,1964,395228024
Northern Europe (FAO),,1965,402394413
Northern Europe (FAO),,1966,424345665
Northern Europe (FAO),,1967,450347836
Northern Europe (FAO),,1968,484676010
Northern Europe (FAO),,1969,505347735
Northern Europe (FAO),,1970,527491971
Northern Europe (FAO),,1971,540435211
Northern Europe (FAO),,1972,599630964
Northern Europe (FAO),,1973,605958951
Northern Europe (FAO),,1974,611586677
Northern Europe (FAO),,1975,585004149
Northern Europe (FAO),,1976,618986021
Northern Europe (FAO),,1977,657839692
Northern Europe (FAO),,1978,663028785
Northern Europe (FAO),,1979,683499772
Northern Europe (FAO),,1980,686979484
Northern Europe (FAO),,1981,694775194
Northern Europe (FAO),,1982,729609103
Northern Europe (FAO),,1983,720932179
Northern Europe (FAO),,1984,743488911
Northern Europe (FAO),,1985,766894588
Northern Europe (FAO),,1986,793340898
Northern Europe (FAO),,1987,832396968
Northern Europe (FAO),,1988,876306077
Northern Europe (FAO),,1989,842257723
Northern Europe (FAO),,1990,878637163
Northern Europe (FAO),,1991,924134284
Northern Europe (FAO),,1992,1103297410
Northern Europe (FAO),,1993,1120379733
Northern Europe (FAO),,1994,1182834560
Northern Europe (FAO),,1995,1217974345
Northern Europe (FAO),,1996,1252757603
Northern Europe (FAO),,1997,1293131839
Northern Europe (FAO),,1998,1317565158
Northern Europe (FAO),,1999,1327025895
Northern Europe (FAO),,2000,1316843780
Northern Europe (FAO),,2001,1364169923
Northern Europe (FAO),,2002,1381423843
Northern Europe (FAO),,2003,1395359042
Northern Europe (FAO),,2004,1405061598
Northern Europe (FAO),,2005,1422628087
Northern Europe (FAO),,2006,1394208603
Northern Europe (FAO),,2007,1376282135
Northern Europe (FAO),,2008,1372530551
Northern Europe (FAO),,2009,1380008789
Northern Europe (FAO),,2010,1460624417
Northern Europe (FAO),,2011,1463114454
Northern Europe (FAO),,2012,1484200658
Northern Europe (FAO),,2013,1536886106
Northern Europe (FAO),,2014,1546493718
Northern Europe (FAO),,2015,1598958939
Northern Europe (FAO),,2016,1669185992
Northern Europe (FAO),,2017,1731638984
Northern Europe (FAO),,2018,1765396715
Northern Europe (FAO),,2019,1752919362
Northern Europe (FAO),,2020,1806558360
Northern Europe (FAO),,2021,1819910865
Northern Europe (FAO),,2022,1762989102
Norway,NOR,1961,4946361
Norway,NOR,1962,5238735
Norway,NOR,1963,4858329
Norway,NOR,1964,4952448
Norway,NOR,1965,5755468
Norway,NOR,1966,6006809
Norway,NOR,1967,6585509
Norway,NOR,1968,7470118
Norway,NOR,1969,8179599
Norway,NOR,1970,9077400
Norway,NOR,1971,10101541
Norway,NOR,1972,10416872
Norway,NOR,1973,11252786
Norway,NOR,1974,12650289
Norway,NOR,1975,11531547
Norway,NOR,1976,10796991
Norway,NOR,1977,11941268
Norway,NOR,1978,13643844
Norway,NOR,1979,14622203
Norway,NOR,1980,15920882
Norway,NOR,1981,15826762
Norway,NOR,1982,13741157
Norway,NOR,1983,14540624
Norway,NOR,1984,14865978
Norway,NOR,1985,16312209
Norway,NOR,1986,17556942
Norway,NOR,1987,19120056
Norway,NOR,1988,21761456
Norway,NOR,1989,23326159
Norway,NOR,1990,23567835
Norway,NOR,1991,24245312
Norway,NOR,1992,26525192
Norway,NOR,1993,24949803
Norway,NOR,1994,27788169
Norway,NOR,1995,30948114
Norway,NOR,1996,32767506
Norway,NOR,1997,34330103
Norway,NOR,1998,32333092
Norway,NOR,1999,36504621
Norway,NOR,2000,41962633
Norway,NOR,2001,41373166
Norway,NOR,2002,44000523
Norway,NOR,2003,45841360
Norway,NOR,2004,48908208
Norway,NOR,2005,49940968
Norway,NOR,2006,54245819
Norway,NOR,2007,58560497
Norway,NOR,2008,66421968
Norway,NOR,2009,63639811
Norway,NOR,2010,66644974
Norway,NOR,2011,66926970
Norway,NOR,2012,69003746
Norway,NOR,2013,77237456
Norway,NOR,2014,79072140
Norway,NOR,2015,68322963
Norway,NOR,2016,71165265
Norway,NOR,2017,68885256
Norway,NOR,2018,67761986
Norway,NOR,2019,73224944
Norway,NOR,2020,72100146
Norway,NOR,2021,76867453
Norway,NOR,2022,76615138
Oceania,,1961,114972393
Oceania,,1962,121242817
Oceania,,1963,121519264
Oceania,,1964,130205226
Oceania,,1965,141587359
Oceania,,1966,146431450
Oceania,,1967,161553952
Oceania,,1968,181699485
Oceania,,1969,182314018
Oceania,,1970,202350733
Oceania,,1971,228941944
Oceania,,1972,248433243
Oceania,,1973,241840211
Oceania,,1974,251716503
Oceania,,1975,247906058
Oceania,,1976,267386589
Oceania,,1977,281332939
Oceania,,1978,308647316
Oceania,,1979,315984700
Oceania,,1980,356209200
Oceania,,1981,363917442
Oceania,,1982,342486966
Oceania,,1983,373776865
Oceania,,1984,356449228
Oceania,,1985,401554047
Oceania,,1986,409357964
Oceania,,1987,425944752
Oceania,,1988,430436393
Oceania,,1989,428089453
Oceania,,1990,435700107
Oceania,,1991,437729421
Oceania,,1992,453661835
Oceania,,1993,458110754
Oceania,,1994,487710269
Oceania,,1995,502391682
Oceania,,1996,504462211
Oceania,,1997,523132399
Oceania,,1998,547886517
Oceania,,1999,533907087
Oceania,,2000,572307625
Oceania,,2001,578071818
Oceania,,2002,610010866
Oceania,,2003,609405880
Oceania,,2004,625650888
Oceania,,2005,630068899
Oceania,,2006,645834600
Oceania,,2007,668188972
Oceania,,2008,668395367
Oceania,,2009,662959805
Oceania,,2010,702943679
Oceania,,2011,740014178
Oceania,,2012,757760047
Oceania,,2013,780215908
Oceania,,2014,801281477
Oceania,,2015,817605462
Oceania,,2016,850965184
Oceania,,2017,883041095
Oceania,,2018,878733442
Oceania,,2019,889279345
Oceania,,2020,887683727
Oceania,,2021,907420683
Oceania,,2022,928062956
Oceania (FAO),,1961,114971393
Oceania (FAO),,1962,121242817
Oceania (FAO),,1963,121520266
Oceania (FAO),,1964,130204224
Oceania (FAO),,1965,141587359
Oceania (FAO),,1966,146431451
Oceania (FAO),,1967,161553954
Oceania (FAO),,1968,181700483
Oceania (FAO),,1969,182314019
Oceania (FAO),,1970,202349737
Oceania (FAO),,1971,228941945
Oceania (FAO),,1972,248433244
Oceania (FAO),,1973,241840215
Oceania (FAO),,1974,251715501
Oceania (FAO),,1975,247906056
Oceania (FAO),,1976,267386590
Oceania (FAO),,1977,281332940
Oceania (FAO),,1978,308646315
Oceania (FAO),,1979,315984700
Oceania (FAO),,1980,356209199
Oceania (FAO),,1981,363916443
Oceania (FAO),,1982,342486962
Oceania (FAO),,1983,373776866
Oceania (FAO),,1984,356449228
Oceania (FAO),,1985,401554045
Oceania (FAO),,1986,409357966
Oceania (FAO),,1987,425944754
Oceania (FAO),,1988,430436390
Oceania (FAO),,1989,428089455
Oceania (FAO),,1990,435700108
Oceania (FAO),,1991,437729423
Oceania (FAO),,1992,453661834
Oceania (FAO),,1993,458110755
Oceania (FAO),,1994,487710267
Oceania (FAO),,1995,502391680
Oceania (FAO),,1996,504462212
Oceania (FAO),,1997,523132399
Oceania (FAO),,1998,547886515
Oceania (FAO),,1999,533907088
Oceania (FAO),,2000,572307624
Oceania (FAO),,2001,578071817
Oceania (FAO),,2002,610010868
Oceania (FAO),,2003,609405881
Oceania (FAO),,2004,625650888
Oceania (FAO),,2005,630068901
Oceania (FAO),,2006,645834600
Oceania (FAO),,2007,668188972
Oceania (FAO),,2008,668395370
Oceania (FAO),,2009,662959805
Oceania (FAO),,2010,702943676
Oceania (FAO),,2011,740014181
Oceania (FAO),,2012,757760047
Oceania (FAO),,2013,780214907
Oceania (FAO),,2014,801280474
Oceania (FAO),,2015,817605462
Oceania (FAO),,2016,850964180
Oceania (FAO),,2017,883041093
Oceania (FAO),,2018,878732439
Oceania (FAO),,2019,889276348
Oceania (FAO),,2020,887684727
Oceania (FAO),,2021,907419687
Oceania (FAO),,2022,928063952
Oman,OMN,1961,365500
Oman,OMN,1962,392500
Oman,OMN,1963,419700
Oman,OMN,1964,446800
Oman,OMN,1965,475000
Oman,OMN,1966,502000
Oman,OMN,1967,529300
Oman,OMN,1968,556000
Oman,OMN,1969,583500
Oman,OMN,1970,614500
Oman,OMN,1971,644500
Oman,OMN,1972,698000
Oman,OMN,1973,757100
Oman,OMN,1974,849100
Oman,OMN,1975,955500
Oman,OMN,1976,1073000
Oman,OMN,1977,1188000
Oman,OMN,1978,1396479
Oman,OMN,1979,1627897
Oman,OMN,1980,1827206
Oman,OMN,1981,2091146
Oman,OMN,1982,2333955
Oman,OMN,1983,2657000
Oman,OMN,1984,2546000
Oman,OMN,1985,2685000
Oman,OMN,1986,2894500
Oman,OMN,1987,3102500
Oman,OMN,1988,3472250
Oman,OMN,1989,4064385
Oman,OMN,1990,4278500
Oman,OMN,1991,4533600
Oman,OMN,1992,4830800
Oman,OMN,1993,5130000
Oman,OMN,1994,5420800
Oman,OMN,1995,5483570
Oman,OMN,1996,5593360
Oman,OMN,1997,5721350
Oman,OMN,1998,5742700
Oman,OMN,1999,5933200
Oman,OMN,2000,6079980
Oman,OMN,2001,6746340
Oman,OMN,2002,7817610
Oman,OMN,2003,8062910
Oman,OMN,2004,8273200
Oman,OMN,2005,8378200
Oman,OMN,2006,8183000
Oman,OMN,2007,8360000
Oman,OMN,2008,8667000
Oman,OMN,2009,8750000
Oman,OMN,2010,8838000
Oman,OMN,2011,8998500
Oman,OMN,2012,9132000
Oman,OMN,2013,9583600
Oman,OMN,2014,9521076
Oman,OMN,2015,9608637
Oman,OMN,2016,9766396
Oman,OMN,2017,9907303
Oman,OMN,2018,10174650
Oman,OMN,2019,10300238
Oman,OMN,2020,10204744
Oman,OMN,2021,10234549
Oman,OMN,2022,10577567
Pakistan,PAK,1961,23947000
Pakistan,PAK,1962,25016000
Pakistan,PAK,1963,26064000
Pakistan,PAK,1964,27263000
Pakistan,PAK,1965,28362000
Pakistan,PAK,1966,29592000
Pakistan,PAK,1967,30887000
Pakistan,PAK,1968,31764000
Pakistan,PAK,1969,32514000
Pakistan,PAK,1970,33271000
Pakistan,PAK,1971,34309000
Pakistan,PAK,1972,35300000
Pakistan,PAK,1973,39235000
Pakistan,PAK,1974,43875000
Pakistan,PAK,1975,49149000
Pakistan,PAK,1976,55162000
Pakistan,PAK,1977,62008000
Pakistan,PAK,1978,69816000
Pakistan,PAK,1979,78730000
Pakistan,PAK,1980,94865000
Pakistan,PAK,1981,101995000
Pakistan,PAK,1982,103469000
Pakistan,PAK,1983,120632000
Pakistan,PAK,1984,132249000
Pakistan,PAK,1985,145566000
Pakistan,PAK,1986,142409000
Pakistan,PAK,1987,163712000
Pakistan,PAK,1988,185646008
Pakistan,PAK,1989,191592008
Pakistan,PAK,1990,191732533
Pakistan,PAK,1991,186068008
Pakistan,PAK,1992,196733008
Pakistan,PAK,1993,224504008
Pakistan,PAK,1994,295364600
Pakistan,PAK,1995,366570000
Pakistan,PAK,1996,385136000
Pakistan,PAK,1997,418180000
Pakistan,PAK,1998,312520000
Pakistan,PAK,1999,315260000
Pakistan,PAK,2000,319960000
Pakistan,PAK,2001,331130000
Pakistan,PAK,2002,369370000
Pakistan,PAK,2003,386300000
Pakistan,PAK,2004,393627000
Pakistan,PAK,2005,402600000
Pakistan,PAK,2006,478170000
Pakistan,PAK,2007,514961000
Pakistan,PAK,2008,556751000
Pakistan,PAK,2009,601585000
Pakistan,PAK,2010,650732000
Pakistan,PAK,2011,704585000
Pakistan,PAK,2012,763423000
Pakistan,PAK,2013,809974000
Pakistan,PAK,2014,883361000
Pakistan,PAK,2015,960171888
Pakistan,PAK,2016,1042460523
Pakistan,PAK,2017,1139382000
Pakistan,PAK,2018,1242138917
Pakistan,PAK,2019,1355052583
Pakistan,PAK,2020,1478941250
Pakistan,PAK,2021,1613889917
Pakistan,PAK,2022,1762881583
Palestine,PSE,1961,0
Palestine,PSE,1962,0
Palestine,PSE,1963,0
Palestine,PSE,1964,0
Palestine,PSE,1965,0
Palestine,PSE,1966,0
Palestine,PSE,1967,0
Palestine,PSE,1968,0
Palestine,PSE,1969,0
Palestine,PSE,1970,0
Palestine,PSE,1971,0
Palestine,PSE,1972,0
Palestine,PSE,1973,0
Palestine,PSE,1974,0
Palestine,PSE,1975,0
Palestine,PSE,1976,0
Palestine,PSE,1977,0
Palestine,PSE,1978,0
Palestine,PSE,1979,0
Palestine,PSE,1980,0
Palestine,PSE,1981,0
Palestine,PSE,1982,0
Palestine,PSE,1983,0
Palestine,PSE,1984,0
Palestine,PSE,1985,0
Palestine,PSE,1986,0
Palestine,PSE,1987,0
Palestine,PSE,1988,0
Palestine,PSE,1989,0
Palestine,PSE,1990,360115
Palestine,PSE,1991,0
Palestine,PSE,1992,0
Palestine,PSE,1993,0
Palestine,PSE,1994,28978306
Palestine,PSE,1995,29197316
Palestine,PSE,1996,26216923
Palestine,PSE,1997,35967000
Palestine,PSE,1998,39004000
Palestine,PSE,1999,48884549
Palestine,PSE,2000,43956291
Palestine,PSE,2001,48392004
Palestine,PSE,2002,49431532
Palestine,PSE,2003,37790195
Palestine,PSE,2004,34248572
Palestine,PSE,2005,41332437
Palestine,PSE,2006,32224335
Palestine,PSE,2007,27256668
Palestine,PSE,2008,28326540
Palestine,PSE,2009,28293990
Palestine,PSE,2010,31664231
Palestine,PSE,2011,37154023
Palestine,PSE,2012,31406389
Palestine,PSE,2013,22933946
Palestine,PSE,2014,23601914
Palestine,PSE,2015,22850966
Palestine,PSE,2016,28971818
Palestine,PSE,2017,26576417
Palestine,PSE,2018,38916220
Palestine,PSE,2019,40916431
Palestine,PSE,2020,26312788
Palestine,PSE,2021,23573987
Palestine,PSE,2022,21513731
Panama,PAN,1961,4062603
Panama,PAN,1962,3766981
Panama,PAN,1963,3808754
Panama,PAN,1964,4279147
Panama,PAN,1965,4897915
Panama,PAN,1966,5271400
Panama,PAN,1967,5170000
Panama,PAN,1968,5407900
Panama,PAN,1969,6855200
Panama,PAN,1970,7484550
Panama,PAN,1971,9030786
Panama,PAN,1972,8684796
Panama,PAN,1973,8659069
Panama,PAN,1974,9604185
Panama,PAN,1975,9017532
Panama,PAN,1976,11012039
Panama,PAN,1977,10683862
Panama,PAN,1978,12389983
Panama,PAN,1979,13091580
Panama,PAN,1980,14240630
Panama,PAN,1981,14268237
Panama,PAN,1982,12366632
Panama,PAN,1983,18286635
Panama,PAN,1984,19818732
Panama,PAN,1985,18284712
Panama,PAN,1986,22162086
Panama,PAN,1987,25169715
Panama,PAN,1988,19990392
Panama,PAN,1989,22624895
Panama,PAN,1990,23172207
Panama,PAN,1991,33766244
Panama,PAN,1992,32723779
Panama,PAN,1993,34591042
Panama,PAN,1994,34803335
Panama,PAN,1995,42872862
Panama,PAN,1996,39345530
Panama,PAN,1997,44219405
Panama,PAN,1998,57528889
Panama,PAN,1999,52098275
Panama,PAN,2000,60244627
Panama,PAN,2001,62915122
Panama,PAN,2002,62191249
Panama,PAN,2003,62419330
Panama,PAN,2004,63171940
Panama,PAN,2005,63093849
Panama,PAN,2006,66516037
Panama,PAN,2007,67982231
Panama,PAN,2008,69058555
Panama,PAN,2009,71311909
Panama,PAN,2010,75591411
Panama,PAN,2011,81533481
Panama,PAN,2012,86904342
Panama,PAN,2013,93665599
Panama,PAN,2014,101576809
Panama,PAN,2015,107795769
Panama,PAN,2016,114865185
Panama,PAN,2017,118655266
Panama,PAN,2018,125349206
Panama,PAN,2019,133954099
Panama,PAN,2020,122150734
Panama,PAN,2021,133036714
Panama,PAN,2022,139382969
Papua New Guinea,PNG,1961,1749333
Papua New Guinea,PNG,1962,1822527
Papua New Guinea,PNG,1963,1840960
Papua New Guinea,PNG,1964,1855530
Papua New Guinea,PNG,1965,1912571
Papua New Guinea,PNG,1966,1943241
Papua New Guinea,PNG,1967,1941044
Papua New Guinea,PNG,1968,1957434
Papua New Guinea,PNG,1969,2004725
Papua New Guinea,PNG,1970,2084314
Papua New Guinea,PNG,1971,2236874
Papua New Guinea,PNG,1972,2281945
Papua New Guinea,PNG,1973,2293160
Papua New Guinea,PNG,1974,2428035
Papua New Guinea,PNG,1975,2468906
Papua New Guinea,PNG,1976,2646784
Papua New Guinea,PNG,1977,2782295
Papua New Guinea,PNG,1978,2946950
Papua New Guinea,PNG,1979,3140950
Papua New Guinea,PNG,1980,3787640
Papua New Guinea,PNG,1981,4682365
Papua New Guinea,PNG,1982,3911978
Papua New Guinea,PNG,1983,3954895
Papua New Guinea,PNG,1984,4227910
Papua New Guinea,PNG,1985,4536500
Papua New Guinea,PNG,1986,4844520
Papua New Guinea,PNG,1987,5165515
Papua New Guinea,PNG,1988,5259940
Papua New Guinea,PNG,1989,5364575
Papua New Guinea,PNG,1990,5609279
Papua New Guinea,PNG,1991,5781510
Papua New Guinea,PNG,1992,6011415
Papua New Guinea,PNG,1993,6478535
Papua New Guinea,PNG,1994,6669740
Papua New Guinea,PNG,1995,6830140
Papua New Guinea,PNG,1996,6962545
Papua New Guinea,PNG,1997,7233810
Papua New Guinea,PNG,1998,7385480
Papua New Guinea,PNG,1999,7388480
Papua New Guinea,PNG,2000,7489550
Papua New Guinea,PNG,2001,7643450
Papua New Guinea,PNG,2002,7944900
Papua New Guinea,PNG,2003,8046550
Papua New Guinea,PNG,2004,8047750
Papua New Guinea,PNG,2005,8047950
Papua New Guinea,PNG,2006,8247950
Papua New Guinea,PNG,2007,8298250
Papua New Guinea,PNG,2008,8399250
Papua New Guinea,PNG,2009,8450310
Papua New Guinea,PNG,2010,8400580
Papua New Guinea,PNG,2011,8553810
Papua New Guinea,PNG,2012,8781294
Papua New Guinea,PNG,2013,8897903
Papua New Guinea,PNG,2014,8920383
Papua New Guinea,PNG,2015,8971133
Papua New Guinea,PNG,2016,9033758
Papua New Guinea,PNG,2017,9133857
Papua New Guinea,PNG,2018,9221400
Papua New Guinea,PNG,2019,9394170
Papua New Guinea,PNG,2020,9397080
Papua New Guinea,PNG,2021,9352324
Papua New Guinea,PNG,2022,9451146
Paraguay,PRY,1961,6819400
Paraguay,PRY,1962,6902827
Paraguay,PRY,1963,7030494
Paraguay,PRY,1964,7271287
Paraguay,PRY,1965,7988838
Paraguay,PRY,1966,7845202
Paraguay,PRY,1967,8222027
Paraguay,PRY,1968,8227356
Paraguay,PRY,1969,8137400
Paraguay,PRY,1970,8328200
Paraguay,PRY,1971,8840950
Paraguay,PRY,1972,9194730
Paraguay,PRY,1973,11350300
Paraguay,PRY,1974,11720600
Paraguay,PRY,1975,11916400
Paraguay,PRY,1976,12327735
Paraguay,PRY,1977,13178660
Paraguay,PRY,1978,14290936
Paraguay,PRY,1979,15466387
Paraguay,PRY,1980,16614842
Paraguay,PRY,1981,17285380
Paraguay,PRY,1982,17670811
Paraguay,PRY,1983,17942179
Paraguay,PRY,1984,18474255
Paraguay,PRY,1985,19052890
Paraguay,PRY,1986,23622114
Paraguay,PRY,1987,24789606
Paraguay,PRY,1988,26164175
Paraguay,PRY,1989,27286563
Paraguay,PRY,1990,27644570
Paraguay,PRY,1991,21641068
Paraguay,PRY,1992,23376691
Paraguay,PRY,1993,24671528
Paraguay,PRY,1994,33337072
Paraguay,PRY,1995,36365048
Paraguay,PRY,1996,36667137
Paraguay,PRY,1997,39295490
Paraguay,PRY,1998,40396700
Paraguay,PRY,1999,44373110
Paraguay,PRY,2000,35974420
Paraguay,PRY,2001,39028400
Paraguay,PRY,2002,39204250
Paraguay,PRY,2003,39921040
Paraguay,PRY,2004,44726680
Paraguay,PRY,2005,45273630
Paraguay,PRY,2006,47798640
Paraguay,PRY,2007,30736950
Paraguay,PRY,2008,37992210
Paraguay,PRY,2009,39471704
Paraguay,PRY,2010,40458500
Paraguay,PRY,2011,41489700
Paraguay,PRY,2012,41984433
Paraguay,PRY,2013,43876398
Paraguay,PRY,2014,61088667
Paraguay,PRY,2015,65822151
Paraguay,PRY,2016,68732673
Paraguay,PRY,2017,70625408
Paraguay,PRY,2018,75783821
Paraguay,PRY,2019,78629358
Paraguay,PRY,2020,79154880
Paraguay,PRY,2021,80066065
Paraguay,PRY,2022,81110289
Peru,PER,1961,87789374
Peru,PER,1962,89173451
Peru,PER,1963,90522769
Peru,PER,1964,92476105
Peru,PER,1965,101590965
Peru,PER,1966,102881060
Peru,PER,1967,105744480
Peru,PER,1968,107345141
Peru,PER,1969,111366881
Peru,PER,1970,116015282
Peru,PER,1971,120556295
Peru,PER,1972,125234789
Peru,PER,1973,129286681
Peru,PER,1974,140977824
Peru,PER,1975,157122265
Peru,PER,1976,167079998
Peru,PER,1977,161916649
Peru,PER,1978,153017803
Peru,PER,1979,151972865
Peru,PER,1980,167505939
Peru,PER,1981,178881343
Peru,PER,1982,188169060
Peru,PER,1983,190307509
Peru,PER,1984,175500302
Peru,PER,1985,179548642
Peru,PER,1986,191728614
Peru,PER,1987,219783585
Peru,PER,1988,227364690
Peru,PER,1989,182400456
Peru,PER,1990,199778671
Peru,PER,1991,221973510
Peru,PER,1992,227923168
Peru,PER,1993,225228700
Peru,PER,1994,224078709
Peru,PER,1995,251549673
Peru,PER,1996,260779033
Peru,PER,1997,286102250
Peru,PER,1998,263955746
Peru,PER,1999,315975350
Peru,PER,2000,337326925
Peru,PER,2001,341984329
Peru,PER,2002,361764668
Peru,PER,2003,366687717
Peru,PER,2004,365369162
Peru,PER,2005,400724630
Peru,PER,2006,427510674
Peru,PER,2007,454283426
Peru,PER,2008,497051053
Peru,PER,2009,538556451
Peru,PER,2010,567502450
Peru,PER,2011,598180997
Peru,PER,2012,638944830
Peru,PER,2013,657466759
Peru,PER,2014,684969286
Peru,PER,2015,709090813
Peru,PER,2016,754839871
Peru,PER,2017,773209941
Peru,PER,2018,819697453
Peru,PER,2019,850626846
Peru,PER,2020,817622863
Peru,PER,2021,840872131
Peru,PER,2022,868003082
Philippines,PHL,1961,81887694
Philippines,PHL,1962,68230545
Philippines,PHL,1963,76277372
Philippines,PHL,1964,81515858
Philippines,PHL,1965,89003463
Philippines,PHL,1966,97483747
Philippines,PHL,1967,96765371
Philippines,PHL,1968,119246453
Philippines,PHL,1969,119709430
Philippines,PHL,1970,103568322
Philippines,PHL,1971,112562270
Philippines,PHL,1972,119487230
Philippines,PHL,1973,127987680
Philippines,PHL,1974,134031650
Philippines,PHL,1975,140195800
Philippines,PHL,1976,145296500
Philippines,PHL,1977,140473700
Philippines,PHL,1978,133036400
Philippines,PHL,1979,164542000
Philippines,PHL,1980,184505900
Philippines,PHL,1981,205644000
Philippines,PHL,1982,222466000
Philippines,PHL,1983,218952350
Philippines,PHL,1984,180916920
Philippines,PHL,1985,163317310
Philippines,PHL,1986,172008511
Philippines,PHL,1987,181518910
Philippines,PHL,1988,191996800
Philippines,PHL,1989,220500800
Philippines,PHL,1990,226584800
Philippines,PHL,1991,246882100
Philippines,PHL,1992,281259446
Philippines,PHL,1993,335684100
Philippines,PHL,1994,351060400
Philippines,PHL,1995,386008400
Philippines,PHL,1996,437536400
Philippines,PHL,1997,475607430
Philippines,PHL,1998,471642720
Philippines,PHL,1999,479808467
Philippines,PHL,2000,511338372
Philippines,PHL,2001,560925462
Philippines,PHL,2002,597968390
Philippines,PHL,2003,605810217
Philippines,PHL,2004,625987812
Philippines,PHL,2005,618351918
Philippines,PHL,2006,629018434
Philippines,PHL,2007,636859072
Philippines,PHL,2008,771443643
Philippines,PHL,2009,784274126
Philippines,PHL,2010,821372534
Philippines,PHL,2011,867941345
Philippines,PHL,2012,912801791
Philippines,PHL,2013,950146000
Philippines,PHL,2014,997549380
Philippines,PHL,2015,1080295025
Philippines,PHL,2016,1099522857
Philippines,PHL,2017,1123834990
Philippines,PHL,2018,1184909621
Philippines,PHL,2019,1247487247
Philippines,PHL,2020,1166632792
Philippines,PHL,2021,1165366082
Philippines,PHL,2022,1236856068
Poland,POL,1961,74770500
Poland,POL,1962,78346100
Poland,POL,1963,74058700
Poland,POL,1964,82094800
Poland,POL,1965,89778800
Poland,POL,1966,101336100
Poland,POL,1967,103417400
Poland,POL,1968,108952300
Poland,POL,1969,116070100
Poland,POL,1970,119244700
Poland,POL,1971,127451400
Poland,POL,1972,144738496
Poland,POL,1973,164777296
Poland,POL,1974,185910400
Poland,POL,1975,206642200
Poland,POL,1976,232074396
Poland,POL,1977,264099760
Poland,POL,1978,296022994
Poland,POL,1979,326609534
Poland,POL,1980,341594908
Poland,POL,1981,345543791
Poland,POL,1982,163030080
Poland,POL,1983,161213014
Poland,POL,1984,209087466
Poland,POL,1985,223662534
Poland,POL,1986,257305812
Poland,POL,1987,265323104
Poland,POL,1988,283615191
Poland,POL,1989,290453047
Poland,POL,1990,265024265
Poland,POL,1991,276678478
Poland,POL,1992,262129761
Poland,POL,1993,245250155
Poland,POL,1994,296158349
Poland,POL,1995,295540442
Poland,POL,1996,316870736
Poland,POL,1997,358096430
Poland,POL,1998,384747523
Poland,POL,1999,417915521
Poland,POL,2000,423591910
Poland,POL,2001,495803304
Poland,POL,2002,544598798
Poland,POL,2003,485365276
Poland,POL,2004,510481753
Poland,POL,2005,551422369
Poland,POL,2006,598178490
Poland,POL,2007,638754924
Poland,POL,2008,616705235
Poland,POL,2009,684256361
Poland,POL,2010,731026884
Poland,POL,2011,760556554
Poland,POL,2012,848465659
Poland,POL,2013,896151592
Poland,POL,2014,896119835
Poland,POL,2015,893635207
Poland,POL,2016,893530088
Poland,POL,2017,886978528
Poland,POL,2018,1249886334
Poland,POL,2019,1241216451
Poland,POL,2020,1270043460
Poland,POL,2021,1204793210
Poland,POL,2022,1291389320
Polynesia,OWID_PYA,1961,648159
Polynesia,OWID_PYA,1962,689867
Polynesia,OWID_PYA,1963,712811
Polynesia,OWID_PYA,1964,756818
Polynesia,OWID_PYA,1965,782508
Polynesia,OWID_PYA,1966,873717
Polynesia,OWID_PYA,1967,1065181
Polynesia,OWID_PYA,1968,1092641
Polynesia,OWID_PYA,1969,1043162
Polynesia,OWID_PYA,1970,1421499
Polynesia,OWID_PYA,1971,1153545
Polynesia,OWID_PYA,1972,1034196
Polynesia,OWID_PYA,1973,1080706
Polynesia,OWID_PYA,1974,1136697
Polynesia,OWID_PYA,1975,1235986
Polynesia,OWID_PYA,1976,1364604
Polynesia,OWID_PYA,1977,1343760
Polynesia,OWID_PYA,1978,1417792
Polynesia,OWID_PYA,1979,1612726
Polynesia,OWID_PYA,1980,1682829
Polynesia,OWID_PYA,1981,1596467
Polynesia,OWID_PYA,1982,1585021
Polynesia,OWID_PYA,1983,1504306
Polynesia,OWID_PYA,1984,1314210
Polynesia,OWID_PYA,1985,1585425
Polynesia,OWID_PYA,1986,1720749
Polynesia,OWID_PYA,1987,1800800
Polynesia,OWID_PYA,1988,1812120
Polynesia,OWID_PYA,1989,1456325
Polynesia,OWID_PYA,1990,1672597
Polynesia,OWID_PYA,1991,1763933
Polynesia,OWID_PYA,1992,1593577
Polynesia,OWID_PYA,1993,1644102
Polynesia,OWID_PYA,1994,1741616
Polynesia,OWID_PYA,1995,1794382
Polynesia,OWID_PYA,1996,1917392
Polynesia,OWID_PYA,1997,1906858
Polynesia,OWID_PYA,1998,1914004
Polynesia,OWID_PYA,1999,2027674
Polynesia,OWID_PYA,2000,1996606
Polynesia,OWID_PYA,2001,2106660
Polynesia,OWID_PYA,2002,2011285
Polynesia,OWID_PYA,2003,2006222
Polynesia,OWID_PYA,2004,2007501
Polynesia,OWID_PYA,2005,2027810
Polynesia,OWID_PYA,2006,1948052
Polynesia,OWID_PYA,2007,1953058
Polynesia,OWID_PYA,2008,1943187
Polynesia,OWID_PYA,2009,1751814
Polynesia,OWID_PYA,2010,1911316
Polynesia,OWID_PYA,2011,1933421
Polynesia,OWID_PYA,2012,1950624
Polynesia,OWID_PYA,2013,1968172
Polynesia,OWID_PYA,2014,1957495
Polynesia,OWID_PYA,2015,1975235
Polynesia,OWID_PYA,2016,1916194
Polynesia,OWID_PYA,2017,1868031
Polynesia,OWID_PYA,2018,1832211
Polynesia,OWID_PYA,2019,1720013
Polynesia,OWID_PYA,2020,1740017
Polynesia,OWID_PYA,2021,1828231
Polynesia,OWID_PYA,2022,1824200
Portugal,PRT,1961,18430991
Portugal,PRT,1962,27967199
Portugal,PRT,1963,35393337
Portugal,PRT,1964,40177760
Portugal,PRT,1965,42647737
Portugal,PRT,1966,42974900
Portugal,PRT,1967,43349101
Portugal,PRT,1968,43582766
Portugal,PRT,1969,52669469
Portugal,PRT,1970,55812493
Portugal,PRT,1971,65624046
Portugal,PRT,1972,74505205
Portugal,PRT,1973,84359495
Portugal,PRT,1974,90087986
Portugal,PRT,1975,91396808
Portugal,PRT,1976,104902634
Portugal,PRT,1977,123444900
Portugal,PRT,1978,109398983
Portugal,PRT,1979,108368890
Portugal,PRT,1980,114580647
Portugal,PRT,1981,111363403
Portugal,PRT,1982,105989890
Portugal,PRT,1983,110640202
Portugal,PRT,1984,91880346
Portugal,PRT,1985,91463454
Portugal,PRT,1986,105061400
Portugal,PRT,1987,114070592
Portugal,PRT,1988,117971537
Portugal,PRT,1989,114356992
Portugal,PRT,1990,111312294
Portugal,PRT,1991,115224778
Portugal,PRT,1992,127899232
Portugal,PRT,1993,130102284
Portugal,PRT,1994,138035754
Portugal,PRT,1995,145614726
Portugal,PRT,1996,153921785
Portugal,PRT,1997,168291626
Portugal,PRT,1998,176053039
Portugal,PRT,1999,180653209
Portugal,PRT,2000,183959083
Portugal,PRT,2001,188261473
Portugal,PRT,2002,184555166
Portugal,PRT,2003,163032925
Portugal,PRT,2004,175460207
Portugal,PRT,2005,175553623
Portugal,PRT,2006,169407016
Portugal,PRT,2007,184255289
Portugal,PRT,2008,191958630
Portugal,PRT,2009,193609881
Portugal,PRT,2010,190681794
Portugal,PRT,2011,191800222
Portugal,PRT,2012,189715354
Portugal,PRT,2013,189060713
Portugal,PRT,2014,190495808
Portugal,PRT,2015,200212962
Portugal,PRT,2016,204613088
Portugal,PRT,2017,210648807
Portugal,PRT,2018,217355245
Portugal,PRT,2019,219808340
Portugal,PRT,2020,217013296
Portugal,PRT,2021,222052178
Portugal,PRT,2022,232525074
Puerto Rico,PRI,1961,8121091
Puerto Rico,PRI,1962,9172737
Puerto Rico,PRI,1963,9566921
Puerto Rico,PRI,1964,10005374
Puerto Rico,PRI,1965,9062361
Puerto Rico,PRI,1966,9409565
Puerto Rico,PRI,1967,9673553
Puerto Rico,PRI,1968,9917972
Puerto Rico,PRI,1969,10007016
Puerto Rico,PRI,1970,10841221
Puerto Rico,PRI,1971,11855851
Puerto Rico,PRI,1972,12038221
Puerto Rico,PRI,1973,11577235
Puerto Rico,PRI,1974,11959098
Puerto Rico,PRI,1975,12467716
Puerto Rico,PRI,1976,13591973
Puerto Rico,PRI,1977,13687705
Puerto Rico,PRI,1978,14707054
Puerto Rico,PRI,1979,18655626
Puerto Rico,PRI,1980,19564303
Puerto Rico,PRI,1981,21417198
Puerto Rico,PRI,1982,21123368
Puerto Rico,PRI,1983,19411468
Puerto Rico,PRI,1984,20379137
Puerto Rico,PRI,1985,24335650
Puerto Rico,PRI,1986,28248904
Puerto Rico,PRI,1987,31487091
Puerto Rico,PRI,1988,38160821
Puerto Rico,PRI,1989,36084289
Puerto Rico,PRI,1990,38444231
Puerto Rico,PRI,1991,43210948
Puerto Rico,PRI,1992,45043573
Puerto Rico,PRI,1993,46311869
Puerto Rico,PRI,1994,46455812
Puerto Rico,PRI,1995,48065950
Puerto Rico,PRI,1996,46543350
Puerto Rico,PRI,1997,46511700
Puerto Rico,PRI,1998,46948000
Puerto Rico,PRI,1999,40849512
Puerto Rico,PRI,2000,46284051
Puerto Rico,PRI,2001,40085883
Puerto Rico,PRI,2002,42001821
Puerto Rico,PRI,2003,32222892
Puerto Rico,PRI,2004,31113304
Puerto Rico,PRI,2005,32577797
Puerto Rico,PRI,2006,33896970
Puerto Rico,PRI,2007,35347805
Puerto Rico,PRI,2008,34152179
Puerto Rico,PRI,2009,33102779
Puerto Rico,PRI,2010,32295696
Puerto Rico,PRI,2011,31366860
Puerto Rico,PRI,2012,31872056
Puerto Rico,PRI,2013,29605173
Puerto Rico,PRI,2014,28673270
Puerto Rico,PRI,2015,27779457
Puerto Rico,PRI,2016,26903735
Puerto Rico,PRI,2017,26002216
Puerto Rico,PRI,2018,24211801
Puerto Rico,PRI,2019,24772466
Puerto Rico,PRI,2020,24880260
Puerto Rico,PRI,2021,24173617
Puerto Rico,PRI,2022,23554087
Qatar,QAT,1961,154100
Qatar,QAT,1962,157550
Qatar,QAT,1963,163210
Qatar,QAT,1964,168300
Qatar,QAT,1965,170550
Qatar,QAT,1966,178000
Qatar,QAT,1967,193500
Qatar,QAT,1968,224000
Qatar,QAT,1969,245000
Qatar,QAT,1970,271000
Qatar,QAT,1971,436150
Qatar,QAT,1972,297000
Qatar,QAT,1973,348100
Qatar,QAT,1974,379200
Qatar,QAT,1975,549900
Qatar,QAT,1976,592500
Qatar,QAT,1977,858100
Qatar,QAT,1978,1031300
Qatar,QAT,1979,1272302
Qatar,QAT,1980,1122600
Qatar,QAT,1981,1223100
Qatar,QAT,1982,1360850
Qatar,QAT,1983,2082880
Qatar,QAT,1984,2308950
Qatar,QAT,1985,2333000
Qatar,QAT,1986,2381500
Qatar,QAT,1987,2201650
Qatar,QAT,1988,3480660
Qatar,QAT,1989,2618670
Qatar,QAT,1990,3510111
Qatar,QAT,1991,4313927
Qatar,QAT,1992,4258124
Qatar,QAT,1993,4087700
Qatar,QAT,1994,4413900
Qatar,QAT,1995,4435050
Qatar,QAT,1996,4551918
Qatar,QAT,1997,3943151
Qatar,QAT,1998,3065350
Qatar,QAT,1999,2998417
Qatar,QAT,2000,3844800
Qatar,QAT,2001,3777200
Qatar,QAT,2002,4803600
Qatar,QAT,2003,4324900
Qatar,QAT,2004,4222300
Qatar,QAT,2005,4486800
Qatar,QAT,2006,4682000
Qatar,QAT,2007,5259200
Qatar,QAT,2008,5644400
Qatar,QAT,2009,5882300
Qatar,QAT,2010,6425600
Qatar,QAT,2011,7239900
Qatar,QAT,2012,7658928
Qatar,QAT,2013,7816001
Qatar,QAT,2014,7477464
Qatar,QAT,2015,8616000
Qatar,QAT,2016,12683217
Qatar,QAT,2017,9462925
Qatar,QAT,2018,21015078
Qatar,QAT,2019,22928444
Qatar,QAT,2020,28834293
Qatar,QAT,2021,28700230
Qatar,QAT,2022,25422855
Reunion,REU,1961,1828200
Reunion,REU,1962,1835154
Reunion,REU,1963,2047306
Reunion,REU,1964,2048400
Reunion,REU,1965,2249273
Reunion,REU,1966,2568088
Reunion,REU,1967,2076525
Reunion,REU,1968,2284326
Reunion,REU,1969,2386381
Reunion,REU,1970,2385277
Reunion,REU,1971,2400192
Reunion,REU,1972,2395987
Reunion,REU,1973,2411535
Reunion,REU,1974,2692711
Reunion,REU,1975,2890890
Reunion,REU,1976,3944258
Reunion,REU,1977,4416220
Reunion,REU,1978,3752357
Reunion,REU,1979,5552022
Reunion,REU,1980,5885430
Reunion,REU,1981,5520893
Reunion,REU,1982,6526645
Reunion,REU,1983,6903241
Reunion,REU,1984,7205575
Reunion,REU,1985,7365575
Reunion,REU,1986,8148376
Reunion,REU,1987,8575993
Reunion,REU,1988,9794078
Reunion,REU,1989,10493188
Reunion,REU,1990,11507811
Reunion,REU,1991,12197541
Reunion,REU,1992,12478569
Reunion,REU,1993,12914657
Reunion,REU,1994,13697864
Reunion,REU,1995,14825520
Reunion,REU,1996,15079355
Reunion,REU,1997,16716306
Reunion,REU,1998,17790719
Reunion,REU,1999,18280622
Reunion,REU,2000,17927784
Reunion,REU,2001,17813034
Reunion,REU,2002,17490134
Reunion,REU,2003,17498250
Reunion,REU,2004,17708304
Reunion,REU,2005,18067794
Reunion,REU,2006,18460812
Romania,ROU,1961,64828100
Romania,ROU,1962,69469250
Romania,ROU,1963,72504900
Romania,ROU,1964,77780270
Romania,ROU,1965,82583620
Romania,ROU,1966,84527700
Romania,ROU,1967,89527900
Romania,ROU,1968,93790000
Romania,ROU,1969,108627500
Romania,ROU,1970,114103000
Romania,ROU,1971,134010300
Romania,ROU,1972,173103800
Romania,ROU,1973,190744500
Romania,ROU,1974,215843600
Romania,ROU,1975,252650000
Romania,ROU,1976,271066100
Romania,ROU,1977,301658700
Romania,ROU,1978,316345100
Romania,ROU,1979,364405300
Romania,ROU,1980,358249000
Romania,ROU,1981,371149000
Romania,ROU,1982,388143000
Romania,ROU,1983,414944000
Romania,ROU,1984,411807000
Romania,ROU,1985,422890000
Romania,ROU,1986,451443000
Romania,ROU,1987,441919000
Romania,ROU,1988,415765000
Romania,ROU,1989,326033000
Romania,ROU,1990,402256968
Romania,ROU,1991,358050644
Romania,ROU,1992,351622433
Romania,ROU,1993,292887714
Romania,ROU,1994,243934400
Romania,ROU,1995,249557800
Romania,ROU,1996,261375483
Romania,ROU,1997,223515987
Romania,ROU,1998,214011000
Romania,ROU,1999,242767000
Romania,ROU,2000,264573840
Romania,ROU,2001,227203560
Romania,ROU,2002,245888700
Romania,ROU,2003,274963500
Romania,ROU,2004,192389639
Romania,ROU,2005,222162118
Romania,ROU,2006,196863481
Romania,ROU,2007,221332336
Romania,ROU,2008,217655804
Romania,ROU,2009,254697893
Romania,ROU,2010,234893000
Romania,ROU,2011,234627000
Romania,ROU,2012,239917000
Romania,ROU,2013,217071000
Romania,ROU,2014,260677000
Romania,ROU,2015,268813000
Romania,ROU,2016,271629000
Romania,ROU,2017,274957000
Romania,ROU,2018,292202660
Romania,ROU,2019,306982790
Romania,ROU,2021,282345250
Romania,ROU,2022,296293500
Russia,RUS,1992,1302180115
Russia,RUS,1993,1207871750
Russia,RUS,1994,1016886857
Russia,RUS,1995,847186464
Russia,RUS,1996,668536051
Russia,RUS,1997,589629791
Russia,RUS,1998,619469366
Russia,RUS,1999,659840765
Russia,RUS,2000,656387165
Russia,RUS,2001,712710435
Russia,RUS,2002,768833489
Russia,RUS,2003,828419528
Russia,RUS,2004,899806794
Russia,RUS,2005,1004660852
Russia,RUS,2006,1118926440
Russia,RUS,2007,1208848651
Russia,RUS,2008,1368814780
Russia,RUS,2009,1562788666
Russia,RUS,2010,1710566716
Russia,RUS,2011,1887341997
Russia,RUS,2012,2115354974
Russia,RUS,2013,2189357427
Russia,RUS,2014,2342235073
Russia,RUS,2015,2466964783
Russia,RUS,2016,2551537652
Russia,RUS,2017,2665475336
Russia,RUS,2018,2647261224
Russia,RUS,2019,2628502590
Russia,RUS,2020,2572408482
Russia,RUS,2021,2523091227
Russia,RUS,2022,2605007880
Rwanda,RWA,1961,677850
Rwanda,RWA,1962,728510
Rwanda,RWA,1963,763420
Rwanda,RWA,1964,784740
Rwanda,RWA,1965,817200
Rwanda,RWA,1966,652750
Rwanda,RWA,1967,936720
Rwanda,RWA,1968,814970
Rwanda,RWA,1969,1010500
Rwanda,RWA,1970,981855
Rwanda,RWA,1971,1053747
Rwanda,RWA,1972,1099000
Rwanda,RWA,1973,1258330
Rwanda,RWA,1974,1277550
Rwanda,RWA,1975,1374270
Rwanda,RWA,1976,1637920
Rwanda,RWA,1977,1753260
Rwanda,RWA,1978,1858280
Rwanda,RWA,1979,2100760
Rwanda,RWA,1980,2135000
Rwanda,RWA,1981,2124000
Rwanda,RWA,1982,2242130
Rwanda,RWA,1983,2205390
Rwanda,RWA,1984,2229000
Rwanda,RWA,1985,2503890
Rwanda,RWA,1986,2555000
Rwanda,RWA,1987,2598480
Rwanda,RWA,1988,2977300
Rwanda,RWA,1989,2908800
Rwanda,RWA,1990,3117000
Rwanda,RWA,1991,3165000
Rwanda,RWA,1992,3245000
Rwanda,RWA,1993,3330000
Rwanda,RWA,1994,3194000
Rwanda,RWA,1995,2582000
Rwanda,RWA,1996,2987000
Rwanda,RWA,1997,3053000
Rwanda,RWA,1998,3021000
Rwanda,RWA,1999,3777000
Rwanda,RWA,2000,3227000
Rwanda,RWA,2001,3523000
Rwanda,RWA,2002,4197000
Rwanda,RWA,2003,4543234
Rwanda,RWA,2004,5130818
Rwanda,RWA,2005,5187000
Rwanda,RWA,2006,4559000
Rwanda,RWA,2007,4943000
Rwanda,RWA,2008,5363000
Rwanda,RWA,2009,5485000
Rwanda,RWA,2010,7613000
Rwanda,RWA,2011,8247000
Rwanda,RWA,2012,8874000
Rwanda,RWA,2013,9429600
Rwanda,RWA,2014,9610958
Rwanda,RWA,2015,9934374
Rwanda,RWA,2016,10373297
Rwanda,RWA,2017,10216050
Rwanda,RWA,2018,10255711
Rwanda,RWA,2019,9228671
Rwanda,RWA,2020,7977969
Rwanda,RWA,2021,6842744
Rwanda,RWA,2022,4675416
Saint Kitts and Nevis,KNA,1961,79900
Saint Kitts and Nevis,KNA,1962,82000
Saint Kitts and Nevis,KNA,1963,85000
Saint Kitts and Nevis,KNA,1964,88040
Saint Kitts and Nevis,KNA,1965,91020
Saint Kitts and Nevis,KNA,1966,94060
Saint Kitts and Nevis,KNA,1967,97060
Saint Kitts and Nevis,KNA,1968,100070
Saint Kitts and Nevis,KNA,1969,103020
Saint Kitts and Nevis,KNA,1970,106040
Saint Kitts and Nevis,KNA,1971,109030
Saint Kitts and Nevis,KNA,1972,112040
Saint Kitts and Nevis,KNA,1973,115020
Saint Kitts and Nevis,KNA,1974,118070
Saint Kitts and Nevis,KNA,1975,120060
Saint Kitts and Nevis,KNA,1976,122120
Saint Kitts and Nevis,KNA,1977,125160
Saint Kitts and Nevis,KNA,1978,128180
Saint Kitts and Nevis,KNA,1979,130190
Saint Kitts and Nevis,KNA,1980,133210
Saint Kitts and Nevis,KNA,1981,135220
Saint Kitts and Nevis,KNA,1982,137240
Saint Kitts and Nevis,KNA,1983,138250
Saint Kitts and Nevis,KNA,1984,139300
Saint Kitts and Nevis,KNA,1985,141350
Saint Kitts and Nevis,KNA,1986,143410
Saint Kitts and Nevis,KNA,1987,145480
Saint Kitts and Nevis,KNA,1988,145530
Saint Kitts and Nevis,KNA,1989,139550
Saint Kitts and Nevis,KNA,1990,140580
Saint Kitts and Nevis,KNA,1991,142460
Saint Kitts and Nevis,KNA,1992,145280
Saint Kitts and Nevis,KNA,1993,144790
Saint Kitts and Nevis,KNA,1994,172710
Saint Kitts and Nevis,KNA,1995,166160
Saint Kitts and Nevis,KNA,1996,146660
Saint Kitts and Nevis,KNA,1997,141460
Saint Kitts and Nevis,KNA,1998,142500
Saint Kitts and Nevis,KNA,1999,142840
Saint Kitts and Nevis,KNA,2000,131267
Saint Kitts and Nevis,KNA,2001,131590
Saint Kitts and Nevis,KNA,2002,136190
Saint Kitts and Nevis,KNA,2003,130965
Saint Kitts and Nevis,KNA,2004,130190
Saint Kitts and Nevis,KNA,2005,139263
Saint Kitts and Nevis,KNA,2006,134809
Saint Kitts and Nevis,KNA,2007,135361
Saint Kitts and Nevis,KNA,2008,145326
Saint Kitts and Nevis,KNA,2009,144872
Saint Kitts and Nevis,KNA,2010,144676
Saint Kitts and Nevis,KNA,2011,144757
Saint Kitts and Nevis,KNA,2012,141287
Saint Kitts and Nevis,KNA,2013,143264
Saint Kitts and Nevis,KNA,2014,143763
Saint Kitts and Nevis,KNA,2015,144898
Saint Kitts and Nevis,KNA,2016,142608
Saint Kitts and Nevis,KNA,2017,25737
Saint Kitts and Nevis,KNA,2018,34372
Saint Kitts and Nevis,KNA,2019,3047
Saint Kitts and Nevis,KNA,2020,17636
Saint Kitts and Nevis,KNA,2021,32251
Saint Kitts and Nevis,KNA,2022,73663
Saint Lucia,LCA,1961,112668
Saint Lucia,LCA,1962,114907
Saint Lucia,LCA,1963,125096
Saint Lucia,LCA,1964,145839
Saint Lucia,LCA,1965,155791
Saint Lucia,LCA,1966,156255
Saint Lucia,LCA,1967,171061
Saint Lucia,LCA,1968,186323
Saint Lucia,LCA,1969,196838
Saint Lucia,LCA,1970,227700
Saint Lucia,LCA,1971,230450
Saint Lucia,LCA,1972,284700
Saint Lucia,LCA,1973,364550
Saint Lucia,LCA,1974,394550
Saint Lucia,LCA,1975,364569
Saint Lucia,LCA,1976,376314
Saint Lucia,LCA,1977,327700
Saint Lucia,LCA,1978,398126
Saint Lucia,LCA,1979,398350
Saint Lucia,LCA,1980,468750
Saint Lucia,LCA,1981,469300
Saint Lucia,LCA,1982,459800
Saint Lucia,LCA,1983,481000
Saint Lucia,LCA,1984,521950
Saint Lucia,LCA,1985,522070
Saint Lucia,LCA,1986,522310
Saint Lucia,LCA,1987,522600
Saint Lucia,LCA,1988,532800
Saint Lucia,LCA,1989,502950
Saint Lucia,LCA,1990,513250
Saint Lucia,LCA,1991,516636
Saint Lucia,LCA,1992,518066
Saint Lucia,LCA,1993,517873
Saint Lucia,LCA,1994,527581
Saint Lucia,LCA,1995,537077
Saint Lucia,LCA,1996,536150
Saint Lucia,LCA,1997,616815
Saint Lucia,LCA,1998,566823
Saint Lucia,LCA,1999,617161
Saint Lucia,LCA,2000,515591
Saint Lucia,LCA,2001,615455
Saint Lucia,LCA,2002,1314500
Saint Lucia,LCA,2003,1314771
Saint Lucia,LCA,2004,1315378
Saint Lucia,LCA,2005,1315306
Saint Lucia,LCA,2006,1313535
Saint Lucia,LCA,2007,1315064
Saint Lucia,LCA,2008,1315602
Saint Lucia,LCA,2009,1315544
Saint Lucia,LCA,2010,1315038
Saint Lucia,LCA,2011,1314884
Saint Lucia,LCA,2012,1318628
Saint Lucia,LCA,2013,1241214
Saint Lucia,LCA,2014,1231080
Saint Lucia,LCA,2015,1225218
Saint Lucia,LCA,2016,1175022
Saint Lucia,LCA,2017,1177821
Saint Lucia,LCA,2018,1174732
Saint Lucia,LCA,2019,1186985
Saint Lucia,LCA,2020,1164601
Saint Lucia,LCA,2021,1157141
Saint Lucia,LCA,2022,1149471
Saint Vincent and the Grenadines,VCT,1961,67500
Saint Vincent and the Grenadines,VCT,1962,72839
Saint Vincent and the Grenadines,VCT,1963,78382
Saint Vincent and the Grenadines,VCT,1964,83674
Saint Vincent and the Grenadines,VCT,1965,91297
Saint Vincent and the Grenadines,VCT,1966,114405
Saint Vincent and the Grenadines,VCT,1967,120500
Saint Vincent and the Grenadines,VCT,1968,127750
Saint Vincent and the Grenadines,VCT,1969,135300
Saint Vincent and the Grenadines,VCT,1970,137050
Saint Vincent and the Grenadines,VCT,1971,147300
Saint Vincent and the Grenadines,VCT,1972,157550
Saint Vincent and the Grenadines,VCT,1973,167750
Saint Vincent and the Grenadines,VCT,1974,168200
Saint Vincent and the Grenadines,VCT,1975,247500
Saint Vincent and the Grenadines,VCT,1976,238970
Saint Vincent and the Grenadines,VCT,1977,189150
Saint Vincent and the Grenadines,VCT,1978,194330
Saint Vincent and the Grenadines,VCT,1979,240130
Saint Vincent and the Grenadines,VCT,1980,251050
Saint Vincent and the Grenadines,VCT,1981,251670
Saint Vincent and the Grenadines,VCT,1982,313320
Saint Vincent and the Grenadines,VCT,1983,344400
Saint Vincent and the Grenadines,VCT,1984,343900
Saint Vincent and the Grenadines,VCT,1985,345350
Saint Vincent and the Grenadines,VCT,1986,296200
Saint Vincent and the Grenadines,VCT,1987,337700
Saint Vincent and the Grenadines,VCT,1988,339650
Saint Vincent and the Grenadines,VCT,1989,378900
Saint Vincent and the Grenadines,VCT,1990,397600
Saint Vincent and the Grenadines,VCT,1991,416050
Saint Vincent and the Grenadines,VCT,1992,426200
Saint Vincent and the Grenadines,VCT,1993,431400
Saint Vincent and the Grenadines,VCT,1994,436650
Saint Vincent and the Grenadines,VCT,1995,441970
Saint Vincent and the Grenadines,VCT,1996,441970
Saint Vincent and the Grenadines,VCT,1997,441970
Saint Vincent and the Grenadines,VCT,1998,441970
Saint Vincent and the Grenadines,VCT,1999,441970
Saint Vincent and the Grenadines,VCT,2000,441950
Saint Vincent and the Grenadines,VCT,2001,442060
Saint Vincent and the Grenadines,VCT,2002,387000
Saint Vincent and the Grenadines,VCT,2003,296628
Saint Vincent and the Grenadines,VCT,2004,286628
Saint Vincent and the Grenadines,VCT,2005,276728
Saint Vincent and the Grenadines,VCT,2006,316770
Saint Vincent and the Grenadines,VCT,2007,417100
Saint Vincent and the Grenadines,VCT,2008,477180
Saint Vincent and the Grenadines,VCT,2009,497950
Saint Vincent and the Grenadines,VCT,2010,496825
Saint Vincent and the Grenadines,VCT,2011,494723
Saint Vincent and the Grenadines,VCT,2012,493292
Saint Vincent and the Grenadines,VCT,2013,467978
Saint Vincent and the Grenadines,VCT,2014,466201
Saint Vincent and the Grenadines,VCT,2015,467406
Saint Vincent and the Grenadines,VCT,2016,464723
Saint Vincent and the Grenadines,VCT,2017,469333
Saint Vincent and the Grenadines,VCT,2018,474740
Saint Vincent and the Grenadines,VCT,2019,470337
Saint Vincent and the Grenadines,VCT,2020,467841
Saint Vincent and the Grenadines,VCT,2021,466853
Saint Vincent and the Grenadines,VCT,2022,464614
Samoa,WSM,1961,456085
Samoa,WSM,1962,469538
Samoa,WSM,1963,486968
Samoa,WSM,1964,500287
Samoa,WSM,1965,500534
Samoa,WSM,1966,514544
Samoa,WSM,1967,514314
Samoa,WSM,1968,514919
Samoa,WSM,1969,528552
Samoa,WSM,1970,528003
Samoa,WSM,1971,528327
Samoa,WSM,1972,539491
Samoa,WSM,1973,540764
Samoa,WSM,1974,539849
Samoa,WSM,1975,539492
Samoa,WSM,1976,538544
Samoa,WSM,1977,539459
Samoa,WSM,1978,539662
Samoa,WSM,1979,529748
Samoa,WSM,1980,514994
Samoa,WSM,1981,518767
Samoa,WSM,1982,507291
Samoa,WSM,1983,505491
Samoa,WSM,1984,507000
Samoa,WSM,1985,505530
Samoa,WSM,1986,500600
Samoa,WSM,1987,497120
Samoa,WSM,1988,502790
Samoa,WSM,1989,489500
Samoa,WSM,1990,512530
Samoa,WSM,1991,511400
Samoa,WSM,1992,525400
Samoa,WSM,1993,513600
Samoa,WSM,1994,578900
Samoa,WSM,1995,553300
Samoa,WSM,1996,563300
Samoa,WSM,1997,573700
Samoa,WSM,1998,578700
Samoa,WSM,1999,608700
Samoa,WSM,2000,626400
Samoa,WSM,2001,675000
Samoa,WSM,2002,708200
Samoa,WSM,2003,716600
Samoa,WSM,2004,726900
Samoa,WSM,2005,746900
Samoa,WSM,2006,658900
Samoa,WSM,2007,643235
Samoa,WSM,2008,632403
Samoa,WSM,2009,442861
Samoa,WSM,2010,631405
Samoa,WSM,2011,640529
Samoa,WSM,2012,651180
Samoa,WSM,2013,661179
Samoa,WSM,2014,670005
Samoa,WSM,2015,690717
Samoa,WSM,2016,608378
Samoa,WSM,2017,571906
Samoa,WSM,2018,535730
Samoa,WSM,2019,427891
Samoa,WSM,2020,464686
Samoa,WSM,2021,559259
Samoa,WSM,2022,548754
Sao Tome and Principe,STP,1961,46052
Sao Tome and Principe,STP,1962,49769
Sao Tome and Principe,STP,1963,51788
Sao Tome and Principe,STP,1964,53081
Sao Tome and Principe,STP,1965,55873
Sao Tome and Principe,STP,1966,59501
Sao Tome and Principe,STP,1967,61973
Sao Tome and Principe,STP,1968,64761
Sao Tome and Principe,STP,1969,66775
Sao Tome and Principe,STP,1970,70426
Sao Tome and Principe,STP,1971,73209
Sao Tome and Principe,STP,1972,76737
Sao Tome and Principe,STP,1973,84384
Sao Tome and Principe,STP,1974,89010
Sao Tome and Principe,STP,1975,95810
Sao Tome and Principe,STP,1976,110170
Sao Tome and Principe,STP,1977,113020
Sao Tome and Principe,STP,1978,133370
Sao Tome and Principe,STP,1979,153595
Sao Tome and Principe,STP,1980,184090
Sao Tome and Principe,STP,1981,204695
Sao Tome and Principe,STP,1982,225840
Sao Tome and Principe,STP,1983,225990
Sao Tome and Principe,STP,1984,226060
Sao Tome and Principe,STP,1985,226160
Sao Tome and Principe,STP,1986,226305
Sao Tome and Principe,STP,1987,226425
Sao Tome and Principe,STP,1988,226505
Sao Tome and Principe,STP,1989,226580
Sao Tome and Principe,STP,1990,226700
Sao Tome and Principe,STP,1991,366830
Sao Tome and Principe,STP,1992,478120
Sao Tome and Principe,STP,1993,487760
Sao Tome and Principe,STP,1994,508890
Sao Tome and Principe,STP,1995,530000
Sao Tome and Principe,STP,1996,551130
Sao Tome and Principe,STP,1997,573265
Sao Tome and Principe,STP,1998,594380
Sao Tome and Principe,STP,1999,615490
Sao Tome and Principe,STP,2000,736575
Sao Tome and Principe,STP,2001,776675
Sao Tome and Principe,STP,2002,838825
Sao Tome and Principe,STP,2003,898955
Sao Tome and Principe,STP,2004,875030
Sao Tome and Principe,STP,2005,891195
Sao Tome and Principe,STP,2006,891195
Sao Tome and Principe,STP,2007,921230
Sao Tome and Principe,STP,2008,922130
Sao Tome and Principe,STP,2009,952200
Sao Tome and Principe,STP,2010,945450
Sao Tome and Principe,STP,2011,708603
Sao Tome and Principe,STP,2012,610980
Sao Tome and Principe,STP,2013,755000
Sao Tome and Principe,STP,2014,853466
Sao Tome and Principe,STP,2015,898621
Sao Tome and Principe,STP,2016,909886
Sao Tome and Principe,STP,2017,976205
Sao Tome and Principe,STP,2018,1100905
Sao Tome and Principe,STP,2019,1227448
Sao Tome and Principe,STP,2020,991772
Sao Tome and Principe,STP,2021,1041073
Sao Tome and Principe,STP,2022,1022178
Saudi Arabia,SAU,1961,4387000
Saudi Arabia,SAU,1962,4489000
Saudi Arabia,SAU,1963,4704000
Saudi Arabia,SAU,1964,5007000
Saudi Arabia,SAU,1965,5423000
Saudi Arabia,SAU,1966,5926000
Saudi Arabia,SAU,1967,6453424
Saudi Arabia,SAU,1968,6959947
Saudi Arabia,SAU,1969,7588792
Saudi Arabia,SAU,1970,8206564
Saudi Arabia,SAU,1971,8788961
Saudi Arabia,SAU,1972,9315467
Saudi Arabia,SAU,1973,9940162
Saudi Arabia,SAU,1974,13872480
Saudi Arabia,SAU,1975,16949976
Saudi Arabia,SAU,1976,24059123
Saudi Arabia,SAU,1977,25803061
Saudi Arabia,SAU,1978,30080141
Saudi Arabia,SAU,1979,33396906
Saudi Arabia,SAU,1980,43308499
Saudi Arabia,SAU,1981,60580206
Saudi Arabia,SAU,1982,89876757
Saudi Arabia,SAU,1983,127283543
Saudi Arabia,SAU,1984,146632885
Saudi Arabia,SAU,1985,181117310
Saudi Arabia,SAU,1986,244543810
Saudi Arabia,SAU,1987,250675698
Saudi Arabia,SAU,1988,271245606
Saudi Arabia,SAU,1989,246274851
Saudi Arabia,SAU,1990,272442412
Saudi Arabia,SAU,1991,293458728
Saudi Arabia,SAU,1992,314214500
Saudi Arabia,SAU,1993,298807000
Saudi Arabia,SAU,1994,310043000
Saudi Arabia,SAU,1995,322961000
Saudi Arabia,SAU,1996,341978000
Saudi Arabia,SAU,1997,436774000
Saudi Arabia,SAU,1998,446248000
Saudi Arabia,SAU,1999,429669000
Saudi Arabia,SAU,2000,494717000
Saudi Arabia,SAU,2001,516691500
Saudi Arabia,SAU,2002,478557000
Saudi Arabia,SAU,2003,479641000
Saudi Arabia,SAU,2004,491896000
Saudi Arabia,SAU,2005,549079000
Saudi Arabia,SAU,2006,559640000
Saudi Arabia,SAU,2007,570731000
Saudi Arabia,SAU,2008,574781000
Saudi Arabia,SAU,2009,580569510
Saudi Arabia,SAU,2010,586414000
Saudi Arabia,SAU,2011,481916000
Saudi Arabia,SAU,2012,463029000
Saudi Arabia,SAU,2013,582031177
Saudi Arabia,SAU,2014,683292501
Saudi Arabia,SAU,2015,629664975
Saudi Arabia,SAU,2016,624609615
Saudi Arabia,SAU,2017,632364076
Saudi Arabia,SAU,2018,635090823
Saudi Arabia,SAU,2019,652795670
Saudi Arabia,SAU,2020,650731393
Saudi Arabia,SAU,2021,653379290
Saudi Arabia,SAU,2022,653489018
Senegal,SEN,1961,2463792
Senegal,SEN,1962,3916792
Senegal,SEN,1963,3868440
Senegal,SEN,1964,4238805
Senegal,SEN,1965,4216700
Senegal,SEN,1966,5255215
Senegal,SEN,1967,5493115
Senegal,SEN,1968,5706571
Senegal,SEN,1969,6027602
Senegal,SEN,1970,6110405
Senegal,SEN,1971,6339335
Senegal,SEN,1972,6759980
Senegal,SEN,1973,7023985
Senegal,SEN,1974,7275285
Senegal,SEN,1975,7584990
Senegal,SEN,1976,8200190
Senegal,SEN,1977,9990105
Senegal,SEN,1978,9300735
Senegal,SEN,1979,9777190
Senegal,SEN,1980,10311890
Senegal,SEN,1981,10919590
Senegal,SEN,1982,11831095
Senegal,SEN,1983,10913695
Senegal,SEN,1984,11580990
Senegal,SEN,1985,12476190
Senegal,SEN,1986,15482905
Senegal,SEN,1987,14314105
Senegal,SEN,1988,15245625
Senegal,SEN,1989,14279605
Senegal,SEN,1990,14912775
Senegal,SEN,1991,19731575
Senegal,SEN,1992,18412475
Senegal,SEN,1993,17450775
Senegal,SEN,1994,18060875
Senegal,SEN,1995,19967125
Senegal,SEN,1996,18802775
Senegal,SEN,1997,21607410
Senegal,SEN,1998,22635560
Senegal,SEN,1999,23691167
Senegal,SEN,2000,25163418
Senegal,SEN,2001,26294442
Senegal,SEN,2002,25909403
Senegal,SEN,2003,27210754
Senegal,SEN,2004,27623237
Senegal,SEN,2005,29895857
Senegal,SEN,2006,31903599
Senegal,SEN,2007,35680816
Senegal,SEN,2008,38127217
Senegal,SEN,2009,37607446
Senegal,SEN,2010,41937751
Senegal,SEN,2011,46012905
Senegal,SEN,2012,46782705
Senegal,SEN,2013,52041234
Senegal,SEN,2014,56842302
Senegal,SEN,2015,61661989
Senegal,SEN,2016,65333780
Senegal,SEN,2017,71231213
Senegal,SEN,2018,77506239
Senegal,SEN,2019,84312155
Senegal,SEN,2020,90473891
Senegal,SEN,2021,98063859
Senegal,SEN,2022,102194942
Serbia,SRB,2006,55079231
Serbia,SRB,2007,54230956
Serbia,SRB,2008,54585946
Serbia,SRB,2009,56070728
Serbia,SRB,2010,61186913
Serbia,SRB,2011,58517034
Serbia,SRB,2012,53458434
Serbia,SRB,2013,72369386
Serbia,SRB,2014,44478340
Serbia,SRB,2015,47010787
Serbia,SRB,2016,49523271
Serbia,SRB,2017,58412285
Serbia,SRB,2018,76263531
Serbia,SRB,2019,79957544
Serbia,SRB,2020,78931721
Serbia,SRB,2021,71876568
Serbia,SRB,2022,72193943
Serbia and Montenegro,OWID_SRM,1992,72853400
Serbia and Montenegro,OWID_SRM,1993,69103999
Serbia and Montenegro,OWID_SRM,1994,64025500
Serbia and Montenegro,OWID_SRM,1995,73442500
Serbia and Montenegro,OWID_SRM,1996,76001500
Serbia and Montenegro,OWID_SRM,1997,79462300
Serbia and Montenegro,OWID_SRM,1998,71396800
Serbia and Montenegro,OWID_SRM,1999,65092800
Serbia and Montenegro,OWID_SRM,2000,60091800
Serbia and Montenegro,OWID_SRM,2001,57189669
Serbia and Montenegro,OWID_SRM,2002,58944215
Serbia and Montenegro,OWID_SRM,2003,53721000
Serbia and Montenegro,OWID_SRM,2004,57383711
Serbia and Montenegro,OWID_SRM,2005,56962044
Seychelles,SYC,1961,51360
Seychelles,SYC,1962,50900
Seychelles,SYC,1963,52545
Seychelles,SYC,1964,57515
Seychelles,SYC,1965,58590
Seychelles,SYC,1966,64235
Seychelles,SYC,1967,65280
Seychelles,SYC,1968,70800
Seychelles,SYC,1969,71090
Seychelles,SYC,1970,78345
Seychelles,SYC,1971,70276
Seychelles,SYC,1972,107417
Seychelles,SYC,1973,138488
Seychelles,SYC,1974,190581
Seychelles,SYC,1975,256489
Seychelles,SYC,1976,288554
Seychelles,SYC,1977,254588
Seychelles,SYC,1978,395926
Seychelles,SYC,1979,436958
Seychelles,SYC,1980,478387
Seychelles,SYC,1981,519878
Seychelles,SYC,1982,661026
Seychelles,SYC,1983,482145
Seychelles,SYC,1984,298365
Seychelles,SYC,1985,362702
Seychelles,SYC,1986,376371
Seychelles,SYC,1987,396012
Seychelles,SYC,1988,466720
Seychelles,SYC,1989,557333
Seychelles,SYC,1990,557900
Seychelles,SYC,1991,568593
Seychelles,SYC,1992,617979
Seychelles,SYC,1993,618577
Seychelles,SYC,1994,738875
Seychelles,SYC,1995,1008260
Seychelles,SYC,1996,988027
Seychelles,SYC,1997,1110560
Seychelles,SYC,1998,938680
Seychelles,SYC,1999,958356
Seychelles,SYC,2000,1001399
Seychelles,SYC,2001,943585
Seychelles,SYC,2002,914250
Seychelles,SYC,2003,1035350
Seychelles,SYC,2004,766337
Seychelles,SYC,2005,767020
Seychelles,SYC,2006,833914
Seychelles,SYC,2007,849231
Seychelles,SYC,2008,782197
Seychelles,SYC,2009,619949
Seychelles,SYC,2010,563297
Seychelles,SYC,2011,635500
Seychelles,SYC,2012,265068
Seychelles,SYC,2013,170494
Seychelles,SYC,2014,234761
Seychelles,SYC,2015,362749
Seychelles,SYC,2016,328954
Seychelles,SYC,2017,429516
Seychelles,SYC,2018,410419
Seychelles,SYC,2019,484861
Seychelles,SYC,2020,643625
Seychelles,SYC,2021,901508
Seychelles,SYC,2022,935443
Sierra Leone,SLE,1961,2069500
Sierra Leone,SLE,1962,2174400
Sierra Leone,SLE,1963,2331500
Sierra Leone,SLE,1964,2494000
Sierra Leone,SLE,1965,2676500
Sierra Leone,SLE,1966,2865000
Sierra Leone,SLE,1967,2990000
Sierra Leone,SLE,1968,3048800
Sierra Leone,SLE,1969,3083500
Sierra Leone,SLE,1970,3131000
Sierra Leone,SLE,1971,3215000
Sierra Leone,SLE,1972,3423000
Sierra Leone,SLE,1973,3731000
Sierra Leone,SLE,1974,3936000
Sierra Leone,SLE,1975,4246000
Sierra Leone,SLE,1976,4603000
Sierra Leone,SLE,1977,4897500
Sierra Leone,SLE,1978,5263000
Sierra Leone,SLE,1979,5768000
Sierra Leone,SLE,1980,6272000
Sierra Leone,SLE,1981,6779500
Sierra Leone,SLE,1982,7189000
Sierra Leone,SLE,1983,6997500
Sierra Leone,SLE,1984,6884000
Sierra Leone,SLE,1985,7283000
Sierra Leone,SLE,1986,7878500
Sierra Leone,SLE,1987,8872000
Sierra Leone,SLE,1988,8980000
Sierra Leone,SLE,1989,9287500
Sierra Leone,SLE,1990,9789000
Sierra Leone,SLE,1991,9972700
Sierra Leone,SLE,1992,10100694
Sierra Leone,SLE,1993,10222594
Sierra Leone,SLE,1994,10348876
Sierra Leone,SLE,1995,10461156
Sierra Leone,SLE,1996,11137000
Sierra Leone,SLE,1997,11207746
Sierra Leone,SLE,1998,11334815
Sierra Leone,SLE,1999,11473819
Sierra Leone,SLE,2000,7738541
Sierra Leone,SLE,2001,3832098
Sierra Leone,SLE,2002,4458178
Sierra Leone,SLE,2003,8130237
Sierra Leone,SLE,2004,10025000
Sierra Leone,SLE,2005,12239907
Sierra Leone,SLE,2006,13605068
Sierra Leone,SLE,2007,15366950
Sierra Leone,SLE,2008,18158432
Sierra Leone,SLE,2009,21376000
Sierra Leone,SLE,2010,23330257
Sierra Leone,SLE,2011,24151859
Sierra Leone,SLE,2012,25200174
Sierra Leone,SLE,2013,26259454
Sierra Leone,SLE,2014,27455917
Sierra Leone,SLE,2015,26512822
Sierra Leone,SLE,2016,26368659
Sierra Leone,SLE,2017,27893905
Sierra Leone,SLE,2018,28817403
Sierra Leone,SLE,2019,30167869
Sierra Leone,SLE,2020,32699422
Sierra Leone,SLE,2021,32948078
Sierra Leone,SLE,2022,32490554
Singapore,SGP,1961,11164493
Singapore,SGP,1962,11647295
Singapore,SGP,1963,13497567
Singapore,SGP,1964,14035305
Singapore,SGP,1965,14079768
Singapore,SGP,1966,14442020
Singapore,SGP,1967,16155277
Singapore,SGP,1968,18508457
Singapore,SGP,1969,21669436
Singapore,SGP,1970,24368230
Singapore,SGP,1971,28414953
Singapore,SGP,1972,29398605
Singapore,SGP,1973,29181612
Singapore,SGP,1974,29486626
Singapore,SGP,1975,39459791
Singapore,SGP,1976,43398583
Singapore,SGP,1977,46341427
Singapore,SGP,1978,46107778
Singapore,SGP,1979,46225319
Singapore,SGP,1980,47348054
Singapore,SGP,1981,47044038
Singapore,SGP,1982,45078476
Singapore,SGP,1983,45122818
Singapore,SGP,1984,44286165
Singapore,SGP,1985,39408432
Singapore,SGP,1986,41403261
Singapore,SGP,1987,46462550
Singapore,SGP,1988,45492455
Singapore,SGP,1989,43465776
Singapore,SGP,1990,46743216
Singapore,SGP,1991,48060104
Singapore,SGP,1992,47096504
Singapore,SGP,1993,45815247
Singapore,SGP,1994,45575293
Singapore,SGP,1995,47606757
Singapore,SGP,1996,47562093
Singapore,SGP,1997,53765627
Singapore,SGP,1998,48705254
Singapore,SGP,1999,52683957
Singapore,SGP,2000,50475280
Singapore,SGP,2001,50561476
Singapore,SGP,2002,52051055
Singapore,SGP,2003,49608889
Singapore,SGP,2004,38962946
Singapore,SGP,2005,44648992
Singapore,SGP,2006,43573652
Singapore,SGP,2007,48209421
Singapore,SGP,2008,48044808
Singapore,SGP,2009,49206026
Singapore,SGP,2010,50675946
Singapore,SGP,2011,52448042
Singapore,SGP,2012,52297133
Singapore,SGP,2013,53344357
Singapore,SGP,2014,52529222
Singapore,SGP,2015,53943573
Singapore,SGP,2016,54643419
Singapore,SGP,2017,53824546
Singapore,SGP,2018,57136239
Singapore,SGP,2019,56121500
Singapore,SGP,2020,56298713
Singapore,SGP,2021,55018940
Singapore,SGP,2022,35824347
Slovakia,SVK,1993,39530300
Slovakia,SVK,1994,41303014
Slovakia,SVK,1995,32739605
Slovakia,SVK,1996,51050073
Slovakia,SVK,1997,41168349
Slovakia,SVK,1998,40523600
Slovakia,SVK,1999,59661315
Slovakia,SVK,2000,59526581
Slovakia,SVK,2001,57616370
Slovakia,SVK,2002,61610012
Slovakia,SVK,2003,63233780
Slovakia,SVK,2004,65154459
Slovakia,SVK,2005,63119447
Slovakia,SVK,2006,61462201
Slovakia,SVK,2007,58550225
Slovakia,SVK,2008,53631275
Slovakia,SVK,2009,52908048
Slovakia,SVK,2010,49653704
Slovakia,SVK,2011,43517936
Slovakia,SVK,2012,44635579
Slovakia,SVK,2013,44635176
Slovakia,SVK,2014,41051890
Slovakia,SVK,2015,40521706
Slovakia,SVK,2016,45805367
Slovakia,SVK,2017,48677807
Slovakia,SVK,2018,48145230
Slovakia,SVK,2019,47433880
Slovenia,SVN,1992,49967219
Slovenia,SVN,1993,47321162
Slovenia,SVN,1994,44338084
Slovenia,SVN,1995,52321148
Slovenia,SVN,1996,27363443
Slovenia,SVN,1997,28450644
Slovenia,SVN,1998,28490912
Slovenia,SVN,1999,26334824
Slovenia,SVN,2000,26605434
Slovenia,SVN,2001,28678237
Slovenia,SVN,2002,26988447
Slovenia,SVN,2003,30381003
Slovenia,SVN,2004,28119378
Slovenia,SVN,2005,28398087
Slovenia,SVN,2006,27198871
Slovenia,SVN,2007,33973998
Slovenia,SVN,2008,35010189
Slovenia,SVN,2009,34571952
Slovenia,SVN,2010,33349760
Slovenia,SVN,2011,32531983
Slovenia,SVN,2012,33200448
Slovenia,SVN,2013,33024998
Slovenia,SVN,2014,34095675
Slovenia,SVN,2015,33812254
Slovenia,SVN,2016,36479781
Slovenia,SVN,2017,39018293
Slovenia,SVN,2018,38806541
Slovenia,SVN,2019,39411903
Slovenia,SVN,2020,40674260
Slovenia,SVN,2021,40166670
Slovenia,SVN,2022,41893720
Small Island Developing States (FAO),,1961,84986965
Small Island Developing States (FAO),,1962,90938945
Small Island Developing States (FAO),,1963,98664039
Small Island Developing States (FAO),,1964,106188723
Small Island Developing States (FAO),,1965,111093330
Small Island Developing States (FAO),,1966,120121911
Small Island Developing States (FAO),,1967,128358916
Small Island Developing States (FAO),,1968,136702385
Small Island Developing States (FAO),,1969,147638605
Small Island Developing States (FAO),,1970,158160748
Small Island Developing States (FAO),,1971,173599292
Small Island Developing States (FAO),,1972,175377706
Small Island Developing States (FAO),,1973,187107800
Small Island Developing States (FAO),,1974,188952696
Small Island Developing States (FAO),,1975,208157602
Small Island Developing States (FAO),,1976,220948482
Small Island Developing States (FAO),,1977,237885797
Small Island Developing States (FAO),,1978,257503215
Small Island Developing States (FAO),,1979,273090631
Small Island Developing States (FAO),,1980,291773585
Small Island Developing States (FAO),,1981,303812788
Small Island Developing States (FAO),,1982,281994616
Small Island Developing States (FAO),,1983,303208572
Small Island Developing States (FAO),,1984,323388633
Small Island Developing States (FAO),,1985,315121386
Small Island Developing States (FAO),,1986,326057614
Small Island Developing States (FAO),,1987,349203517
Small Island Developing States (FAO),,1988,357988660
Small Island Developing States (FAO),,1989,362806970
Small Island Developing States (FAO),,1990,382207231
Small Island Developing States (FAO),,1991,380255050
Small Island Developing States (FAO),,1992,375427884
Small Island Developing States (FAO),,1993,380266776
Small Island Developing States (FAO),,1994,389468006
Small Island Developing States (FAO),,1995,405223499
Small Island Developing States (FAO),,1996,431955795
Small Island Developing States (FAO),,1997,450138317
Small Island Developing States (FAO),,1998,422396769
Small Island Developing States (FAO),,1999,452523979
Small Island Developing States (FAO),,2000,494667439
Small Island Developing States (FAO),,2001,501115397
Small Island Developing States (FAO),,2002,504540908
Small Island Developing States (FAO),,2003,458680250
Small Island Developing States (FAO),,2004,522384590
Small Island Developing States (FAO),,2005,576339583
Small Island Developing States (FAO),,2006,578468176
Small Island Developing States (FAO),,2007,604026645
Small Island Developing States (FAO),,2008,575613306
Small Island Developing States (FAO),,2009,605943672
Small Island Developing States (FAO),,2010,602615816
Small Island Developing States (FAO),,2011,551749484
Small Island Developing States (FAO),,2012,534446528
Small Island Developing States (FAO),,2013,545837809
Small Island Developing States (FAO),,2014,558142030
Small Island Developing States (FAO),,2015,561095347
Small Island Developing States (FAO),,2016,572431721
Small Island Developing States (FAO),,2017,581860012
Small Island Developing States (FAO),,2018,594902892
Small Island Developing States (FAO),,2019,594884158
Small Island Developing States (FAO),,2020,565837952
Small Island Developing States (FAO),,2021,586174974
Small Island Developing States (FAO),,2022,562866482
Solomon Islands,SLB,1961,128750
Solomon Islands,SLB,1962,131550
Solomon Islands,SLB,1963,134393
Solomon Islands,SLB,1964,137893
Solomon Islands,SLB,1965,142125
Solomon Islands,SLB,1966,145350
Solomon Islands,SLB,1967,150600
Solomon Islands,SLB,1968,154800
Solomon Islands,SLB,1969,161000
Solomon Islands,SLB,1970,168200
Solomon Islands,SLB,1971,172400
Solomon Islands,SLB,1972,179800
Solomon Islands,SLB,1973,186100
Solomon Islands,SLB,1974,194600
Solomon Islands,SLB,1975,198700
Solomon Islands,SLB,1976,201300
Solomon Islands,SLB,1977,205420
Solomon Islands,SLB,1978,209500
Solomon Islands,SLB,1979,213400
Solomon Islands,SLB,1980,218000
Solomon Islands,SLB,1981,205000
Solomon Islands,SLB,1982,221350
Solomon Islands,SLB,1983,214100
Solomon Islands,SLB,1984,214200
Solomon Islands,SLB,1985,217300
Solomon Islands,SLB,1986,214700
Solomon Islands,SLB,1987,214500
Solomon Islands,SLB,1988,219300
Solomon Islands,SLB,1989,226300
Solomon Islands,SLB,1990,227300
Solomon Islands,SLB,1991,243300
Solomon Islands,SLB,1992,253300
Solomon Islands,SLB,1993,275300
Solomon Islands,SLB,1994,285300
Solomon Islands,SLB,1995,305300
Solomon Islands,SLB,1996,325300
Solomon Islands,SLB,1997,346300
Solomon Islands,SLB,1998,356300
Solomon Islands,SLB,1999,355300
Solomon Islands,SLB,2000,365800
Solomon Islands,SLB,2001,388200
Solomon Islands,SLB,2002,399000
Solomon Islands,SLB,2003,399500
Solomon Islands,SLB,2004,410750
Solomon Islands,SLB,2005,411750
Solomon Islands,SLB,2006,411900
Solomon Islands,SLB,2007,412000
Solomon Islands,SLB,2008,423000
Solomon Islands,SLB,2009,424000
Solomon Islands,SLB,2010,423000
Solomon Islands,SLB,2011,422500
Solomon Islands,SLB,2012,423049
Solomon Islands,SLB,2013,419843
Solomon Islands,SLB,2014,419097
Solomon Islands,SLB,2015,419722
Solomon Islands,SLB,2016,421359
Solomon Islands,SLB,2017,422643
Solomon Islands,SLB,2018,422073
Solomon Islands,SLB,2019,424374
Solomon Islands,SLB,2020,423823
Solomon Islands,SLB,2021,424251
Solomon Islands,SLB,2022,423680
Somalia,SOM,1961,4922680
Somalia,SOM,1962,5039800
Somalia,SOM,1963,5222100
Somalia,SOM,1964,5286400
Somalia,SOM,1965,5487800
Somalia,SOM,1966,5747000
Somalia,SOM,1967,5973200
Somalia,SOM,1968,6270600
Somalia,SOM,1969,6351800
Somalia,SOM,1970,6777900
Somalia,SOM,1971,6730000
Somalia,SOM,1972,7078200
Somalia,SOM,1973,7340320
Somalia,SOM,1974,7272500
Somalia,SOM,1975,7552620
Somalia,SOM,1976,8121800
Somalia,SOM,1977,8310920
Somalia,SOM,1978,8200100
Somalia,SOM,1979,8513280
Somalia,SOM,1980,9373400
Somalia,SOM,1981,9265520
Somalia,SOM,1982,9412700
Somalia,SOM,1983,9873820
Somalia,SOM,1984,10188880
Somalia,SOM,1985,10361000
Somalia,SOM,1986,9868060
Somalia,SOM,1987,11294560
Somalia,SOM,1988,11391120
Somalia,SOM,1989,11716120
Somalia,SOM,1990,11426000
Somalia,SOM,1991,9174200
Somalia,SOM,1992,6521800
Somalia,SOM,1993,7932100
Somalia,SOM,1994,8452300
Somalia,SOM,1995,8957400
Somalia,SOM,1996,9302600
Somalia,SOM,1997,9352700
Somalia,SOM,1998,10582400
Somalia,SOM,1999,10032300
Somalia,SOM,2000,9992400
Somalia,SOM,2001,11617500
Somalia,SOM,2002,11302500
Somalia,SOM,2003,12092700
Somalia,SOM,2004,12484750
Somalia,SOM,2005,12580900
Somalia,SOM,2006,12312500
Somalia,SOM,2007,11557500
Somalia,SOM,2008,11182500
Somalia,SOM,2009,10842500
Somalia,SOM,2010,11500300
Somalia,SOM,2011,11604000
Somalia,SOM,2012,11866000
Somalia,SOM,2013,11872000
Somalia,SOM,2014,11949347
Somalia,SOM,2015,12084239
Somalia,SOM,2016,11983348
Somalia,SOM,2017,11907110
Somalia,SOM,2018,11911557
Somalia,SOM,2019,11914533
Somalia,SOM,2020,12034189
Somalia,SOM,2021,12023673
Somalia,SOM,2022,11867603
South Africa,ZAF,1961,36555000
South Africa,ZAF,1962,41528000
South Africa,ZAF,1963,45068000
South Africa,ZAF,1964,50710000
South Africa,ZAF,1965,56243000
South Africa,ZAF,1966,63805000
South Africa,ZAF,1967,71760000
South Africa,ZAF,1968,80136000
South Africa,ZAF,1969,88513487
South Africa,ZAF,1970,91091267
South Africa,ZAF,1971,94652482
South Africa,ZAF,1972,107039236
South Africa,ZAF,1973,124521549
South Africa,ZAF,1974,137884000
South Africa,ZAF,1975,142210000
South Africa,ZAF,1976,159701000
South Africa,ZAF,1977,160052000
South Africa,ZAF,1978,166869747
South Africa,ZAF,1979,173156220
South Africa,ZAF,1980,188821250
South Africa,ZAF,1981,198552000
South Africa,ZAF,1982,212920000
South Africa,ZAF,1983,232691000
South Africa,ZAF,1984,242449000
South Africa,ZAF,1985,257437000
South Africa,ZAF,1986,265322000
South Africa,ZAF,1987,277260000
South Africa,ZAF,1988,287021000
South Africa,ZAF,1989,297286000
South Africa,ZAF,1990,402728000
South Africa,ZAF,1991,373070532
South Africa,ZAF,1992,367477081
South Africa,ZAF,1993,386362087
South Africa,ZAF,1994,405493133
South Africa,ZAF,1995,431499254
South Africa,ZAF,1996,463252596
South Africa,ZAF,1997,492570960
South Africa,ZAF,1998,482514139
South Africa,ZAF,1999,509414573
South Africa,ZAF,2000,535054251
South Africa,ZAF,2001,584648286
South Africa,ZAF,2002,627531679
South Africa,ZAF,2003,607382991
South Africa,ZAF,2004,603008598
South Africa,ZAF,2005,631140908
South Africa,ZAF,2006,646150292
South Africa,ZAF,2007,762419247
South Africa,ZAF,2008,909975931
South Africa,ZAF,2009,990469758
South Africa,ZAF,2010,1056948362
South Africa,ZAF,2011,1066297997
South Africa,ZAF,2012,1069440909
South Africa,ZAF,2013,954448429
South Africa,ZAF,2014,973122480
South Africa,ZAF,2015,1018814136
South Africa,ZAF,2016,949908369
South Africa,ZAF,2017,940854069
South Africa,ZAF,2018,957960407
South Africa,ZAF,2019,1018112001
South Africa,ZAF,2020,1001309799
South Africa,ZAF,2021,1006416112
South Africa,ZAF,2022,1011626716
South America,,1961,419120060
South America,,1962,438494562
South America,,1963,480783691
South America,,1964,515084896
South America,,1965,610853377
South America,,1966,636261513
South America,,1967,687590509
South America,,1968,731087847
South America,,1969,766553686
South America,,1970,853736662
South America,,1971,877563310
South America,,1972,960779508
South America,,1973,1056926847
South America,,1974,1174248654
South America,,1975,1195024086
South America,,1976,1287572075
South America,,1977,1378300305
South America,,1978,1555027776
South America,,1979,1822824209
South America,,1980,2120673946
South America,,1981,2214510075
South America,,1982,2333861936
South America,,1983,2308925388
South America,,1984,2142291913
South America,,1985,2299207339
South America,,1986,2502667873
South America,,1987,2748385706
South America,,1988,2769449556
South America,,1989,2674630850
South America,,1990,2982372464
South America,,1991,3314140426
South America,,1992,3680413167
South America,,1993,3996613630
South America,,1994,4296358785
South America,,1995,4936248072
South America,,1996,5033479926
South America,,1997,4934403205
South America,,1998,5028409965
South America,,1999,5498557902
South America,,2000,5672663571
South America,,2001,6033633248
South America,,2002,6324702955
South America,,2003,6345499662
South America,,2004,6791989416
South America,,2005,7463244849
South America,,2006,7560452847
South America,,2007,8289816841
South America,,2008,8841662377
South America,,2009,9099082376
South America,,2010,8799238920
South America,,2011,9244540027
South America,,2012,8619700953
South America,,2013,8892831788
South America,,2014,9095941178
South America,,2015,9481895512
South America,,2016,9524407763
South America,,2017,9418826451
South America,,2018,9415893376
South America,,2019,9789592184
South America,,2020,9861444109
South America,,2021,10117532778
South America,,2022,10100200599
South America (FAO),,1961,419122058
South America (FAO),,1962,438494563
South America (FAO),,1963,480783692
South America (FAO),,1964,515084897
South America (FAO),,1965,610852377
South America (FAO),,1966,636261513
South America (FAO),,1967,687589509
South America (FAO),,1968,731088848
South America (FAO),,1969,766552686
South America (FAO),,1970,853737663
South America (FAO),,1971,877562311
South America (FAO),,1972,960779511
South America (FAO),,1973,1056926848
South America (FAO),,1974,1174248656
South America (FAO),,1975,1195024086
South America (FAO),,1976,1287572076
South America (FAO),,1977,1378300307
South America (FAO),,1978,1555026776
South America (FAO),,1979,1822823207
South America (FAO),,1980,2120673945
South America (FAO),,1981,2214510076
South America (FAO),,1982,2333861937
South America (FAO),,1983,2308925390
South America (FAO),,1984,2142291915
South America (FAO),,1985,2299207342
South America (FAO),,1986,2502667875
South America (FAO),,1987,2748385705
South America (FAO),,1988,2769449554
South America (FAO),,1989,2674630849
South America (FAO),,1990,2982372463
South America (FAO),,1991,3314140427
South America (FAO),,1992,3680413166
South America (FAO),,1993,3996613632
South America (FAO),,1994,4296358784
South America (FAO),,1995,4936248069
South America (FAO),,1996,5033479927
South America (FAO),,1997,4934403209
South America (FAO),,1998,5028409967
South America (FAO),,1999,5498557901
South America (FAO),,2000,5672663570
South America (FAO),,2001,6033633246
South America (FAO),,2002,6324702954
South America (FAO),,2003,6345500660
South America (FAO),,2004,6791990411
South America (FAO),,2005,7463244850
South America (FAO),,2006,7560452849
South America (FAO),,2007,8289816842
South America (FAO),,2008,8841663378
South America (FAO),,2009,9099082375
South America (FAO),,2010,8799238921
South America (FAO),,2011,9244541026
South America (FAO),,2012,8619700950
South America (FAO),,2013,8892833784
South America (FAO),,2014,9095942176
South America (FAO),,2015,9481898513
South America (FAO),,2016,9524406763
South America (FAO),,2017,9418828450
South America (FAO),,2018,9415891377
South America (FAO),,2019,9789592184
South America (FAO),,2020,9861448105
South America (FAO),,2021,10117533780
South America (FAO),,2022,10100198601
South Korea,KOR,1961,20491552
South Korea,KOR,1962,18952414
South Korea,KOR,1963,22522233
South Korea,KOR,1964,23749753
South Korea,KOR,1965,23912462
South Korea,KOR,1966,23753612
South Korea,KOR,1967,29194920
South Korea,KOR,1968,38332891
South Korea,KOR,1969,46526967
South Korea,KOR,1970,49222651
South Korea,KOR,1971,53865320
South Korea,KOR,1972,58514109
South Korea,KOR,1973,56597326
South Korea,KOR,1974,58883329
South Korea,KOR,1975,62601839
South Korea,KOR,1976,68037625
South Korea,KOR,1977,81077043
South Korea,KOR,1978,91174677
South Korea,KOR,1979,99940479
South Korea,KOR,1980,98210431
South Korea,KOR,1981,99007103
South Korea,KOR,1982,107497472
South Korea,KOR,1983,121630600
South Korea,KOR,1984,130001785
South Korea,KOR,1985,156792500
South Korea,KOR,1986,193907300
South Korea,KOR,1987,203457700
South Korea,KOR,1988,212857441
South Korea,KOR,1989,221556341
South Korea,KOR,1990,264977633
South Korea,KOR,1991,317940406
South Korea,KOR,1992,325425909
South Korea,KOR,1993,339094324
South Korea,KOR,1994,359354601
South Korea,KOR,1995,374931037
South Korea,KOR,1996,399579097
South Korea,KOR,1997,392982431
South Korea,KOR,1998,340891499
South Korea,KOR,1999,407046826
South Korea,KOR,2000,433396633
South Korea,KOR,2001,482620315
South Korea,KOR,2002,541775183
South Korea,KOR,2003,519423143
South Korea,KOR,2004,539534770
South Korea,KOR,2005,618552837
South Korea,KOR,2006,650250144
South Korea,KOR,2007,682178255
South Korea,KOR,2008,670114910
South Korea,KOR,2009,727329980
South Korea,KOR,2010,774435570
South Korea,KOR,2011,807760910
South Korea,KOR,2012,839584910
South Korea,KOR,2013,843889383
South Korea,KOR,2014,926231274
South Korea,KOR,2015,1015650029
South Korea,KOR,2016,1035894875
South Korea,KOR,2017,980858016
South Korea,KOR,2018,1054515939
South Korea,KOR,2019,1069695141
South Korea,KOR,2020,1096573591
South Korea,KOR,2021,1088268888
South Korea,KOR,2022,1065803993
South Sudan,SSD,2012,25115733
South Sudan,SSD,2013,25043487
South Sudan,SSD,2014,25023820
South Sudan,SSD,2015,24910065
South Sudan,SSD,2016,29794436
South Sudan,SSD,2017,32699046
South Sudan,SSD,2018,25214492
South Sudan,SSD,2019,55534054
South Sudan,SSD,2020,34422054
South Sudan,SSD,2021,41421173
South Sudan,SSD,2022,43793435
South-eastern Asia (FAO),,1961,370704393
South-eastern Asia (FAO),,1962,369149545
South-eastern Asia (FAO),,1963,408636792
South-eastern Asia (FAO),,1964,424186114
South-eastern Asia (FAO),,1965,458286575
South-eastern Asia (FAO),,1966,486990698
South-eastern Asia (FAO),,1967,515490309
South-eastern Asia (FAO),,1968,557139518
South-eastern Asia (FAO),,1969,582084628
South-eastern Asia (FAO),,1970,596653821
South-eastern Asia (FAO),,1971,618940583
South-eastern Asia (FAO),,1972,654607638
South-eastern Asia (FAO),,1973,721166599
South-eastern Asia (FAO),,1974,718425359
South-eastern Asia (FAO),,1975,759128755
South-eastern Asia (FAO),,1976,776897868
South-eastern Asia (FAO),,1977,804120384
South-eastern Asia (FAO),,1978,855629093
South-eastern Asia (FAO),,1979,947485443
South-eastern Asia (FAO),,1980,1022889371
South-eastern Asia (FAO),,1981,1129558390
South-eastern Asia (FAO),,1982,1217386911
South-eastern Asia (FAO),,1983,1377745474
South-eastern Asia (FAO),,1984,1381294774
South-eastern Asia (FAO),,1985,1485860496
South-eastern Asia (FAO),,1986,1570492562
South-eastern Asia (FAO),,1987,1728449979
South-eastern Asia (FAO),,1988,1810883900
South-eastern Asia (FAO),,1989,1895645812
South-eastern Asia (FAO),,1990,2058650756
South-eastern Asia (FAO),,1991,2416239692
South-eastern Asia (FAO),,1992,2728582430
South-eastern Asia (FAO),,1993,2907415106
South-eastern Asia (FAO),,1994,3062381264
South-eastern Asia (FAO),,1995,3205101841
South-eastern Asia (FAO),,1996,3415190174
South-eastern Asia (FAO),,1997,3435244713
South-eastern Asia (FAO),,1998,3190244354
South-eastern Asia (FAO),,1999,3227743384
South-eastern Asia (FAO),,2000,3570296274
South-eastern Asia (FAO),,2001,3933333593
South-eastern Asia (FAO),,2002,4328485422
South-eastern Asia (FAO),,2003,4553584863
South-eastern Asia (FAO),,2004,4285382106
South-eastern Asia (FAO),,2005,4397299836
South-eastern Asia (FAO),,2006,4704269747
South-eastern Asia (FAO),,2007,5077789456
South-eastern Asia (FAO),,2008,5632719942
South-eastern Asia (FAO),,2009,5759821665
South-eastern Asia (FAO),,2010,6036304934
South-eastern Asia (FAO),,2011,6407047125
South-eastern Asia (FAO),,2012,6641124064
South-eastern Asia (FAO),,2013,6956896569
South-eastern Asia (FAO),,2014,7275290559
South-eastern Asia (FAO),,2015,7677799534
South-eastern Asia (FAO),,2016,8057583217
South-eastern Asia (FAO),,2017,9921825848
South-eastern Asia (FAO),,2018,9343716059
South-eastern Asia (FAO),,2019,9737648536
South-eastern Asia (FAO),,2020,9536783585
South-eastern Asia (FAO),,2021,9099578458
South-eastern Asia (FAO),,2022,9476231910
Southern Africa (FAO),,1961,39998069
Southern Africa (FAO),,1962,45315405
Southern Africa (FAO),,1963,49090988
Southern Africa (FAO),,1964,54924376
Southern Africa (FAO),,1965,60762599
Southern Africa (FAO),,1966,68394007
Southern Africa (FAO),,1967,76612167
Southern Africa (FAO),,1968,85078518
Southern Africa (FAO),,1969,93663025
Southern Africa (FAO),,1970,96618064
Southern Africa (FAO),,1971,100218576
Southern Africa (FAO),,1972,112957138
Southern Africa (FAO),,1973,130674939
Southern Africa (FAO),,1974,144268794
Southern Africa (FAO),,1975,148773387
Southern Africa (FAO),,1976,166409200
Southern Africa (FAO),,1977,167096658
Southern Africa (FAO),,1978,174206787
Southern Africa (FAO),,1979,180870556
Southern Africa (FAO),,1980,196753632
Southern Africa (FAO),,1981,206522235
Southern Africa (FAO),,1982,221303296
Southern Africa (FAO),,1983,241232300
Southern Africa (FAO),,1984,251605065
Southern Africa (FAO),,1985,267545547
Southern Africa (FAO),,1986,275924153
Southern Africa (FAO),,1987,287484191
Southern Africa (FAO),,1988,298259698
Southern Africa (FAO),,1989,310185116
Southern Africa (FAO),,1990,416370596
Southern Africa (FAO),,1991,386665506
Southern Africa (FAO),,1992,379491667
Southern Africa (FAO),,1993,397213788
Southern Africa (FAO),,1994,419408747
Southern Africa (FAO),,1995,450962876
Southern Africa (FAO),,1996,476279559
Southern Africa (FAO),,1997,509280538
Southern Africa (FAO),,1998,504206413
Southern Africa (FAO),,1999,533477066
Southern Africa (FAO),,2000,558894580
Southern Africa (FAO),,2001,610103202
Southern Africa (FAO),,2002,652728904
Southern Africa (FAO),,2003,637320279
Southern Africa (FAO),,2004,632278999
Southern Africa (FAO),,2005,660635680
Southern Africa (FAO),,2006,672934223
Southern Africa (FAO),,2007,793278051
Southern Africa (FAO),,2008,937900916
Southern Africa (FAO),,2009,1019022807
Southern Africa (FAO),,2010,1087350081
Southern Africa (FAO),,2011,1096512892
Southern Africa (FAO),,2012,1099208737
Southern Africa (FAO),,2013,984220471
Southern Africa (FAO),,2014,997873875
Southern Africa (FAO),,2015,1044892106
Southern Africa (FAO),,2016,977284667
Southern Africa (FAO),,2017,967443351
Southern Africa (FAO),,2018,983644419
Southern Africa (FAO),,2019,1043197481
Southern Africa (FAO),,2020,1027576324
Southern Africa (FAO),,2021,1032490328
Southern Africa (FAO),,2022,1037573776
Southern Asia (FAO),,1961,252475164
Southern Asia (FAO),,1962,263551674
Southern Asia (FAO),,1963,277011713
Southern Asia (FAO),,1964,288399404
Southern Asia (FAO),,1965,300105846
Southern Asia (FAO),,1966,314504799
Southern Asia (FAO),,1967,338999470
Southern Asia (FAO),,1968,357368875
Southern Asia (FAO),,1969,375389917
Southern Asia (FAO),,1970,393604791
Southern Asia (FAO),,1971,401751122
Southern Asia (FAO),,1972,406158980
Southern Asia (FAO),,1973,409536539
Southern Asia (FAO),,1974,422742063
Southern Asia (FAO),,1975,431132863
Southern Asia (FAO),,1976,457201445
Southern Asia (FAO),,1977,478675406
Southern Asia (FAO),,1978,546225691
Southern Asia (FAO),,1979,588664037
Southern Asia (FAO),,1980,599197004
Southern Asia (FAO),,1981,625145269
Southern Asia (FAO),,1982,652116913
Southern Asia (FAO),,1983,694760491
Southern Asia (FAO),,1984,728148408
Southern Asia (FAO),,1985,763292522
Southern Asia (FAO),,1986,838036488
Southern Asia (FAO),,1987,1000802624
Southern Asia (FAO),,1988,1039760761
Southern Asia (FAO),,1989,1126939482
Southern Asia (FAO),,1990,1191526353
Southern Asia (FAO),,1991,1357361056
Southern Asia (FAO),,1992,1473220983
Southern Asia (FAO),,1993,1625142506
Southern Asia (FAO),,1994,1771809211
Southern Asia (FAO),,1995,1896118752
Southern Asia (FAO),,1996,1935036758
Southern Asia (FAO),,1997,1999990607
Southern Asia (FAO),,1998,1979417986
Southern Asia (FAO),,1999,2115303661
Southern Asia (FAO),,2000,2298185002
Southern Asia (FAO),,2001,2442715056
Southern Asia (FAO),,2002,2611561330
Southern Asia (FAO),,2003,2861002512
Southern Asia (FAO),,2004,3016657884
Southern Asia (FAO),,2005,3200952497
Southern Asia (FAO),,2006,3486926218
Southern Asia (FAO),,2007,3786720618
Southern Asia (FAO),,2008,4037014053
Southern Asia (FAO),,2009,4584304666
Southern Asia (FAO),,2010,4623775935
Southern Asia (FAO),,2011,4785699796
Southern Asia (FAO),,2012,5193984124
Southern Asia (FAO),,2013,5114568874
Southern Asia (FAO),,2014,5599582689
Southern Asia (FAO),,2015,5763236019
Southern Asia (FAO),,2016,5955308401
Southern Asia (FAO),,2017,6193283917
Southern Asia (FAO),,2018,6410777369
Southern Asia (FAO),,2019,6621710202
Southern Asia (FAO),,2020,7183762424
Southern Asia (FAO),,2021,7415738893
Southern Asia (FAO),,2022,7655634810
Southern Europe (FAO),,1961,500081640
Southern Europe (FAO),,1962,587201162
Southern Europe (FAO),,1963,684885288
Southern Europe (FAO),,1964,785404991
Southern Europe (FAO),,1965,893124312
Southern Europe (FAO),,1966,983957510
Southern Europe (FAO),,1967,1027547189
Southern Europe (FAO),,1968,1036165811
Southern Europe (FAO),,1969,1101029590
Southern Europe (FAO),,1970,1235143663
Southern Europe (FAO),,1971,1216139586
Southern Europe (FAO),,1972,1330383456
Southern Europe (FAO),,1973,1477668278
Southern Europe (FAO),,1974,1551667951
Southern Europe (FAO),,1975,1565645790
Southern Europe (FAO),,1976,1696674648
Southern Europe (FAO),,1977,1794945054
Southern Europe (FAO),,1978,1795854623
Southern Europe (FAO),,1979,1818451088
Southern Europe (FAO),,1980,1869934388
Southern Europe (FAO),,1981,1967107899
Southern Europe (FAO),,1982,1964571566
Southern Europe (FAO),,1983,1956055085
Southern Europe (FAO),,1984,1929689921
Southern Europe (FAO),,1985,1927274375
Southern Europe (FAO),,1986,1911603193
Southern Europe (FAO),,1987,2010808168
Southern Europe (FAO),,1988,2042077131
Southern Europe (FAO),,1989,1976178659
Southern Europe (FAO),,1990,1979569993
Southern Europe (FAO),,1991,1865411407
Southern Europe (FAO),,1992,1770259129
Southern Europe (FAO),,1993,1749759286
Southern Europe (FAO),,1994,1759762534
Southern Europe (FAO),,1995,1813424190
Southern Europe (FAO),,1996,1826152236
Southern Europe (FAO),,1997,1744602690
Southern Europe (FAO),,1998,1843382892
Southern Europe (FAO),,1999,1831741161
Southern Europe (FAO),,2000,1809355459
Southern Europe (FAO),,2001,1872776853
Southern Europe (FAO),,2002,1842383704
Southern Europe (FAO),,2003,1702090754
Southern Europe (FAO),,2004,1656096293
Southern Europe (FAO),,2005,1642267797
Southern Europe (FAO),,2006,1553565704
Southern Europe (FAO),,2007,1679052631
Southern Europe (FAO),,2008,1701409511
Southern Europe (FAO),,2009,1791067715
Southern Europe (FAO),,2010,1781860397
Southern Europe (FAO),,2011,1809418257
Southern Europe (FAO),,2012,1823507362
Southern Europe (FAO),,2013,1907336641
Southern Europe (FAO),,2014,1916539614
Southern Europe (FAO),,2015,1998880495
Southern Europe (FAO),,2016,2010020879
Southern Europe (FAO),,2017,2018118652
Southern Europe (FAO),,2018,2013449712
Southern Europe (FAO),,2019,2075797436
Southern Europe (FAO),,2020,2064864715
Southern Europe (FAO),,2021,2056601969
Southern Europe (FAO),,2022,2030757484
Spain,ESP,1961,116378713
Spain,ESP,1962,146577631
Spain,ESP,1963,191705753
Spain,ESP,1964,217934843
Spain,ESP,1965,239883136
Spain,ESP,1966,301628030
Spain,ESP,1967,342004996
Spain,ESP,1968,334434865
Spain,ESP,1969,347478906
Spain,ESP,1970,391015883
Spain,ESP,1971,375437190
Spain,ESP,1972,426524200
Spain,ESP,1973,481921700
Spain,ESP,1974,497885000
Spain,ESP,1975,514141303
Spain,ESP,1976,600411200
Spain,ESP,1977,646396400
Spain,ESP,1978,610322437
Spain,ESP,1979,597946075
Spain,ESP,1980,588554627
Spain,ESP,1981,674089280
Spain,ESP,1982,654264380
Spain,ESP,1983,634765382
Spain,ESP,1984,621996023
Spain,ESP,1985,631444695
Spain,ESP,1986,592964433
Spain,ESP,1987,618801067
Spain,ESP,1988,645730734
Spain,ESP,1989,637272543
Spain,ESP,1990,637776285
Spain,ESP,1991,676792456
Spain,ESP,1992,686997517
Spain,ESP,1993,667628706
Spain,ESP,1994,691679441
Spain,ESP,1995,719573030
Spain,ESP,1996,740412580
Spain,ESP,1997,727956789
Spain,ESP,1998,843048882
Spain,ESP,1999,821402283
Spain,ESP,2000,816278008
Spain,ESP,2001,853341935
Spain,ESP,2002,833470392
Spain,ESP,2003,756134069
Spain,ESP,2004,700224533
Spain,ESP,2005,700275654
Spain,ESP,2006,684867588
Spain,ESP,2007,720860900
Spain,ESP,2008,699913573
Spain,ESP,2009,770927916
Spain,ESP,2010,756332803
Spain,ESP,2011,763943631
Spain,ESP,2012,766901417
Spain,ESP,2013,813480809
Spain,ESP,2014,850897290
Spain,ESP,2015,870976334
Spain,ESP,2016,837371950
Spain,ESP,2017,827171368
Spain,ESP,2018,833920486
Spain,ESP,2019,852904016
Spain,ESP,2020,834932273
Spain,ESP,2021,818799142
Spain,ESP,2022,827715427
Sri Lanka,LKA,1961,6693965
Sri Lanka,LKA,1962,6826581
Sri Lanka,LKA,1963,11017913
Sri Lanka,LKA,1964,11431755
Sri Lanka,LKA,1965,11462564
Sri Lanka,LKA,1966,12466117
Sri Lanka,LKA,1967,12500629
Sri Lanka,LKA,1968,13883176
Sri Lanka,LKA,1969,13852768
Sri Lanka,LKA,1970,14856722
Sri Lanka,LKA,1971,16863800
Sri Lanka,LKA,1972,16844621
Sri Lanka,LKA,1973,17063738
Sri Lanka,LKA,1974,17472414
Sri Lanka,LKA,1975,16468233
Sri Lanka,LKA,1976,16437044
Sri Lanka,LKA,1977,16805705
Sri Lanka,LKA,1978,14399571
Sri Lanka,LKA,1979,16989759
Sri Lanka,LKA,1980,18021433
Sri Lanka,LKA,1981,17825400
Sri Lanka,LKA,1982,17847143
Sri Lanka,LKA,1983,18024211
Sri Lanka,LKA,1984,18455403
Sri Lanka,LKA,1985,16047351
Sri Lanka,LKA,1986,13418928
Sri Lanka,LKA,1987,16203693
Sri Lanka,LKA,1988,18176087
Sri Lanka,LKA,1989,19958530
Sri Lanka,LKA,1990,19971869
Sri Lanka,LKA,1991,20510350
Sri Lanka,LKA,1992,24550685
Sri Lanka,LKA,1993,32851706
Sri Lanka,LKA,1994,42297267
Sri Lanka,LKA,1995,45503194
Sri Lanka,LKA,1996,47467982
Sri Lanka,LKA,1997,48480209
Sri Lanka,LKA,1998,49531415
Sri Lanka,LKA,1999,47783570
Sri Lanka,LKA,2000,57367651
Sri Lanka,LKA,2001,62530809
Sri Lanka,LKA,2002,66414288
Sri Lanka,LKA,2003,60417509
Sri Lanka,LKA,2004,68058061
Sri Lanka,LKA,2005,69897124
Sri Lanka,LKA,2006,76112218
Sri Lanka,LKA,2007,81578822
Sri Lanka,LKA,2008,86934143
Sri Lanka,LKA,2009,85639609
Sri Lanka,LKA,2010,89846650
Sri Lanka,LKA,2011,90361587
Sri Lanka,LKA,2012,90884521
Sri Lanka,LKA,2013,93378377
Sri Lanka,LKA,2014,125514126
Sri Lanka,LKA,2015,130344517
Sri Lanka,LKA,2016,145343022
Sri Lanka,LKA,2017,154310074
Sri Lanka,LKA,2018,150446612
Sri Lanka,LKA,2019,152630272
Sri Lanka,LKA,2020,181494608
Sri Lanka,LKA,2021,183729528
Sri Lanka,LKA,2022,173914650
Sudan,SDN,2012,76587000
Sudan,SDN,2013,87032000
Sudan,SDN,2014,87122000
Sudan,SDN,2015,75349000
Sudan,SDN,2016,64580000
Sudan,SDN,2017,65216000
Sudan,SDN,2018,65858000
Sudan,SDN,2019,66455000
Sudan,SDN,2020,67059818
Sudan,SDN,2021,64867397
Sudan,SDN,2022,66599787
Sudan (former),,1961,12920000
Sudan (former),,1962,13119000
Sudan (former),,1963,15070000
Sudan (former),,1964,17240000
Sudan (former),,1965,18110000
Sudan (former),,1966,17630000
Sudan (former),,1967,18049000
Sudan (former),,1968,18485000
Sudan (former),,1969,18520000
Sudan (former),,1970,18790000
Sudan (former),,1971,19066000
Sudan (former),,1972,19311000
Sudan (former),,1973,19929000
Sudan (former),,1974,20609800
Sudan (former),,1975,21263000
Sudan (former),,1976,21730000
Sudan (former),,1977,22121000
Sudan (former),,1978,23115000
Sudan (former),,1979,24349000
Sudan (former),,1980,25952000
Sudan (former),,1981,27797580
Sudan (former),,1982,26355000
Sudan (former),,1983,26855355
Sudan (former),,1984,27431990
Sudan (former),,1985,28145750
Sudan (former),,1986,27559000
Sudan (former),,1987,28126500
Sudan (former),,1988,28728250
Sudan (former),,1989,29547978
Sudan (former),,1990,30359588
Sudan (former),,1991,32717861
Sudan (former),,1992,35594690
Sudan (former),,1993,39153460
Sudan (former),,1994,41396620
Sudan (former),,1995,45361230
Sudan (former),,1996,48434727
Sudan (former),,1997,49486615
Sudan (former),,1998,53838600
Sudan (former),,1999,57261100
Sudan (former),,2000,59760000
Sudan (former),,2001,61942200
Sudan (former),,2002,64137800
Sudan (former),,2003,66710300
Sudan (former),,2004,75087300
Sudan (former),,2005,69708500
Sudan (former),,2006,70578900
Sudan (former),,2007,72802100
Sudan (former),,2008,75213700
Sudan (former),,2009,75019800
Sudan (former),,2010,86151100
Sudan (former),,2011,82181300
Suriname,SUR,1961,2790300
Suriname,SUR,1962,2799503
Suriname,SUR,1963,2794481
Suriname,SUR,1964,2893402
Suriname,SUR,1965,2891081
Suriname,SUR,1966,2996955
Suriname,SUR,1967,3099324
Suriname,SUR,1968,3151672
Suriname,SUR,1969,3254898
Suriname,SUR,1970,3353914
Suriname,SUR,1971,3356556
Suriname,SUR,1972,3556946
Suriname,SUR,1973,4218147
Suriname,SUR,1974,4759703
Suriname,SUR,1975,5011298
Suriname,SUR,1976,4680344
Suriname,SUR,1977,4990425
Suriname,SUR,1978,6222960
Suriname,SUR,1979,6503962
Suriname,SUR,1980,6537008
Suriname,SUR,1981,6066808
Suriname,SUR,1982,6265925
Suriname,SUR,1983,6268550
Suriname,SUR,1984,6372353
Suriname,SUR,1985,7526641
Suriname,SUR,1986,6574587
Suriname,SUR,1987,6375812
Suriname,SUR,1988,6879238
Suriname,SUR,1989,7287655
Suriname,SUR,1990,7705233
Suriname,SUR,1991,6591150
Suriname,SUR,1992,5508443
Suriname,SUR,1993,4748700
Suriname,SUR,1994,3119530
Suriname,SUR,1995,2495748
Suriname,SUR,1996,2558898
Suriname,SUR,1997,3104268
Suriname,SUR,1998,2250950
Suriname,SUR,1999,3101802
Suriname,SUR,2000,3163211
Suriname,SUR,2001,3638226
Suriname,SUR,2002,3748455
Suriname,SUR,2003,3729511
Suriname,SUR,2004,3925825
Suriname,SUR,2005,4370105
Suriname,SUR,2006,4474651
Suriname,SUR,2007,6274841
Suriname,SUR,2008,5183455
Suriname,SUR,2009,5734768
Suriname,SUR,2010,6024244
Suriname,SUR,2011,5624998
Suriname,SUR,2012,6123527
Suriname,SUR,2013,4704778
Suriname,SUR,2014,4957466
Suriname,SUR,2015,5230256
Suriname,SUR,2016,5037301
Suriname,SUR,2017,6150354
Suriname,SUR,2018,6863378
Suriname,SUR,2019,7636801
Suriname,SUR,2020,7312498
Suriname,SUR,2021,8131192
Suriname,SUR,2022,8130944
Sweden,SWE,1961,20161623
Sweden,SWE,1962,18812835
Sweden,SWE,1963,20366870
Sweden,SWE,1964,20138110
Sweden,SWE,1965,21279006
Sweden,SWE,1966,22661725
Sweden,SWE,1967,27706807
Sweden,SWE,1968,30358800
Sweden,SWE,1969,31546300
Sweden,SWE,1970,30948238
Sweden,SWE,1971,32712060
Sweden,SWE,1972,37214177
Sweden,SWE,1973,39928890
Sweden,SWE,1974,43647784
Sweden,SWE,1975,43219881
Sweden,SWE,1976,44994562
Sweden,SWE,1977,43664073
Sweden,SWE,1978,46260199
Sweden,SWE,1979,47773318
Sweden,SWE,1980,49121820
Sweden,SWE,1981,50681085
Sweden,SWE,1982,47486692
Sweden,SWE,1983,46641684
Sweden,SWE,1984,45176622
Sweden,SWE,1985,45592205
Sweden,SWE,1986,43273463
Sweden,SWE,1987,39469732
Sweden,SWE,1988,38276463
Sweden,SWE,1989,42239608
Sweden,SWE,1990,44029987
Sweden,SWE,1991,48022250
Sweden,SWE,1992,48472053
Sweden,SWE,1993,53330174
Sweden,SWE,1994,61958462
Sweden,SWE,1995,66523637
Sweden,SWE,1996,68533751
Sweden,SWE,1997,71413048
Sweden,SWE,1998,71100825
Sweden,SWE,1999,71820444
Sweden,SWE,2000,73254657
Sweden,SWE,2001,77904605
Sweden,SWE,2002,82023875
Sweden,SWE,2003,79380072
Sweden,SWE,2004,74282979
Sweden,SWE,2005,77858510
Sweden,SWE,2006,77100330
Sweden,SWE,2007,77783830
Sweden,SWE,2008,79298258
Sweden,SWE,2009,77655740
Sweden,SWE,2010,82647860
Sweden,SWE,2011,82323412
Sweden,SWE,2012,80575940
Sweden,SWE,2013,85507780
Sweden,SWE,2014,95158310
Sweden,SWE,2015,101311280
Sweden,SWE,2016,106112520
Sweden,SWE,2017,107166920
Sweden,SWE,2018,102405170
Sweden,SWE,2019,107247820
Sweden,SWE,2020,111038070
Sweden,SWE,2021,116255400
Sweden,SWE,2022,113459340
Switzerland,CHE,1961,8023898
Switzerland,CHE,1962,8541727
Switzerland,CHE,1963,10762137
Switzerland,CHE,1964,12552708
Switzerland,CHE,1965,14382906
Switzerland,CHE,1966,16167946
Switzerland,CHE,1967,17084632
Switzerland,CHE,1968,17805471
Switzerland,CHE,1969,18308427
Switzerland,CHE,1970,18904961
Switzerland,CHE,1971,20166407
Switzerland,CHE,1972,21904579
Switzerland,CHE,1973,23060995
Switzerland,CHE,1974,23540333
Switzerland,CHE,1975,22060009
Switzerland,CHE,1976,22667090
Switzerland,CHE,1977,23528167
Switzerland,CHE,1978,23731655
Switzerland,CHE,1979,24750007
Switzerland,CHE,1980,24999580
Switzerland,CHE,1981,26065776
Switzerland,CHE,1982,26321659
Switzerland,CHE,1983,26579519
Switzerland,CHE,1984,27373449
Switzerland,CHE,1985,28819833
Switzerland,CHE,1986,29326821
Switzerland,CHE,1987,30298960
Switzerland,CHE,1988,32092539
Switzerland,CHE,1989,33037605
Switzerland,CHE,1990,33025494
Switzerland,CHE,1991,32997327
Switzerland,CHE,1992,33585493
Switzerland,CHE,1993,34476083
Switzerland,CHE,1994,34755694
Switzerland,CHE,1995,34539065
Switzerland,CHE,1996,34253153
Switzerland,CHE,1997,36420400
Switzerland,CHE,1998,39299385
Switzerland,CHE,1999,39892186
Switzerland,CHE,2000,44548541
Switzerland,CHE,2001,44989217
Switzerland,CHE,2002,46301799
Switzerland,CHE,2003,49983401
Switzerland,CHE,2004,53194455
Switzerland,CHE,2005,51419949
Switzerland,CHE,2006,42712940
Switzerland,CHE,2007,50396515
Switzerland,CHE,2008,54694783
Switzerland,CHE,2009,55040538
Switzerland,CHE,2010,58379599
Switzerland,CHE,2011,61362100
Switzerland,CHE,2012,64024355
Switzerland,CHE,2013,66835040
Switzerland,CHE,2014,71201036
Switzerland,CHE,2015,72534106
Switzerland,CHE,2016,73447102
Switzerland,CHE,2017,77141454
Switzerland,CHE,2018,78805986
Switzerland,CHE,2019,81252979
Switzerland,CHE,2020,85802005
Switzerland,CHE,2021,87397982
Switzerland,CHE,2022,91695497
Syria,SYR,1961,9840700
Syria,SYR,1962,11208600
Syria,SYR,1963,12528500
Syria,SYR,1964,13396500
Syria,SYR,1965,16202170
Syria,SYR,1966,16033101
Syria,SYR,1967,15757443
Syria,SYR,1968,15362745
Syria,SYR,1969,17030087
Syria,SYR,1970,17085972
Syria,SYR,1971,22745770
Syria,SYR,1972,22172820
Syria,SYR,1973,18256250
Syria,SYR,1974,19856880
Syria,SYR,1975,27772850
Syria,SYR,1976,25554075
Syria,SYR,1977,30367530
Syria,SYR,1978,38418290
Syria,SYR,1979,45835830
Syria,SYR,1980,52019650
Syria,SYR,1981,78361550
Syria,SYR,1982,82341725
Syria,SYR,1983,78526590
Syria,SYR,1984,83224969
Syria,SYR,1985,74463872
Syria,SYR,1986,74204100
Syria,SYR,1987,66627494
Syria,SYR,1988,73639906
Syria,SYR,1989,62054429
Syria,SYR,1990,72609568
Syria,SYR,1991,74195779
Syria,SYR,1992,95502979
Syria,SYR,1993,88627652
Syria,SYR,1994,88529409
Syria,SYR,1995,98742183
Syria,SYR,1996,95251726
Syria,SYR,1997,106535307
Syria,SYR,1998,110756887
Syria,SYR,1999,118359555
Syria,SYR,2000,119908988
Syria,SYR,2001,125462740
Syria,SYR,2002,133081300
Syria,SYR,2003,170470400
Syria,SYR,2004,181552480
Syria,SYR,2005,173329183
Syria,SYR,2006,185412091
Syria,SYR,2007,133359175
Syria,SYR,2008,140642500
Syria,SYR,2009,142574674
Syria,SYR,2010,141101485
Syria,SYR,2011,142619014
Syria,SYR,2012,122413205
Syria,SYR,2013,117008177
Syria,SYR,2014,98139278
Syria,SYR,2015,93507741
Syria,SYR,2016,93525258
Syria,SYR,2017,93500162
Syria,SYR,2018,93461085
Syria,SYR,2019,105946614
Syria,SYR,2020,108763877
Syria,SYR,2021,97097434
Syria,SYR,2022,86031093
Taiwan,TWN,1961,29740654
Taiwan,TWN,1962,30227131
Taiwan,TWN,1963,30686734
Taiwan,TWN,1964,32083455
Taiwan,TWN,1965,37155840
Taiwan,TWN,1966,39889272
Taiwan,TWN,1967,43498299
Taiwan,TWN,1968,48682806
Taiwan,TWN,1969,49822867
Taiwan,TWN,1970,51720464
Taiwan,TWN,1971,56408225
Taiwan,TWN,1972,70238065
Taiwan,TWN,1973,72597821
Taiwan,TWN,1974,76648942
Taiwan,TWN,1975,82949148
Taiwan,TWN,1976,94652713
Taiwan,TWN,1977,112795327
Taiwan,TWN,1978,128483221
Taiwan,TWN,1979,133494165
Taiwan,TWN,1980,144310716
Taiwan,TWN,1981,159595435
Taiwan,TWN,1982,168663290
Taiwan,TWN,1983,203873829
Taiwan,TWN,1984,203582686
Taiwan,TWN,1985,201355978
Taiwan,TWN,1986,205485224
Taiwan,TWN,1987,230519054
Taiwan,TWN,1988,246672129
Taiwan,TWN,1989,272076093
Taiwan,TWN,1990,284164356
Taiwan,TWN,1991,289108758
Taiwan,TWN,1992,317824022
Taiwan,TWN,1993,353972226
Taiwan,TWN,1994,365789710
Taiwan,TWN,1995,384952552
Taiwan,TWN,1996,409309228
Taiwan,TWN,1997,450712551
Taiwan,TWN,1998,443662098
Taiwan,TWN,1999,437916409
Taiwan,TWN,2000,441058970
Taiwan,TWN,2001,425722544
Taiwan,TWN,2002,425327532
Taiwan,TWN,2003,418844468
Taiwan,TWN,2004,426701122
Taiwan,TWN,2005,387715700
Taiwan,TWN,2006,400763841
Taiwan,TWN,2007,386125117
Taiwan,TWN,2008,368225825
Taiwan,TWN,2009,372113229
Taiwan,TWN,2010,371174053
Taiwan,TWN,2011,394923941
Taiwan,TWN,2012,367725088
Taiwan,TWN,2013,355651806
Taiwan,TWN,2014,378564896
Taiwan,TWN,2015,366115922
Taiwan,TWN,2016,386925201
Taiwan,TWN,2017,383550278
Taiwan,TWN,2018,401222035
Taiwan,TWN,2019,420158554
Taiwan,TWN,2020,427981609
Taiwan,TWN,2021,442399691
Taiwan,TWN,2022,427998665
Tajikistan,TJK,1992,7735400
Tajikistan,TJK,1993,3207239
Tajikistan,TJK,1994,2392495
Tajikistan,TJK,1995,1636100
Tajikistan,TJK,1996,1132500
Tajikistan,TJK,1997,1051462
Tajikistan,TJK,1998,1153550
Tajikistan,TJK,1999,1124811
Tajikistan,TJK,2000,1116700
Tajikistan,TJK,2001,1192129
Tajikistan,TJK,2002,1284989
Tajikistan,TJK,2003,1547653
Tajikistan,TJK,2004,1766958
Tajikistan,TJK,2005,2146553
Tajikistan,TJK,2006,2823679
Tajikistan,TJK,2007,2943560
Tajikistan,TJK,2008,3822627
Tajikistan,TJK,2009,7797449
Tajikistan,TJK,2010,3978391
Tajikistan,TJK,2011,5532491
Tajikistan,TJK,2012,11618649
Tajikistan,TJK,2013,4858454
Tajikistan,TJK,2014,5172636
Tajikistan,TJK,2015,5814528
Tajikistan,TJK,2016,7320929
Tajikistan,TJK,2017,8857646
Tajikistan,TJK,2018,9862719
Tajikistan,TJK,2019,13457074
Tajikistan,TJK,2020,17963821
Tajikistan,TJK,2021,19525690
Tajikistan,TJK,2022,16912915
Tanzania,TZA,1961,10936300
Tanzania,TZA,1962,11251200
Tanzania,TZA,1963,11627528
Tanzania,TZA,1964,11759083
Tanzania,TZA,1965,12626570
Tanzania,TZA,1966,13725123
Tanzania,TZA,1967,14486060
Tanzania,TZA,1968,15242780
Tanzania,TZA,1969,15847558
Tanzania,TZA,1970,16632610
Tanzania,TZA,1971,18043830
Tanzania,TZA,1972,19446800
Tanzania,TZA,1973,20203800
Tanzania,TZA,1974,21157920
Tanzania,TZA,1975,22328650
Tanzania,TZA,1976,23387250
Tanzania,TZA,1977,24331650
Tanzania,TZA,1978,25407520
Tanzania,TZA,1979,26357100
Tanzania,TZA,1980,25879190
Tanzania,TZA,1981,27732700
Tanzania,TZA,1982,28403758
Tanzania,TZA,1983,26080890
Tanzania,TZA,1984,23792763
Tanzania,TZA,1985,24530000
Tanzania,TZA,1986,25577700
Tanzania,TZA,1987,27140500
Tanzania,TZA,1988,28705300
Tanzania,TZA,1989,31541938
Tanzania,TZA,1990,32724500
Tanzania,TZA,1991,36804900
Tanzania,TZA,1992,38118000
Tanzania,TZA,1993,43752500
Tanzania,TZA,1994,39637500
Tanzania,TZA,1995,44455000
Tanzania,TZA,1996,41360000
Tanzania,TZA,1997,45200000
Tanzania,TZA,1998,48497000
Tanzania,TZA,1999,51192000
Tanzania,TZA,2000,53158723
Tanzania,TZA,2001,55100156
Tanzania,TZA,2002,62732520
Tanzania,TZA,2003,69569080
Tanzania,TZA,2004,71007266
Tanzania,TZA,2005,77228080
Tanzania,TZA,2006,78465681
Tanzania,TZA,2007,85735340
Tanzania,TZA,2008,86222033
Tanzania,TZA,2009,87380219
Tanzania,TZA,2010,90377548
Tanzania,TZA,2011,104526077
Tanzania,TZA,2012,96154120
Tanzania,TZA,2013,99314852
Tanzania,TZA,2014,104036595
Tanzania,TZA,2015,109611510
Tanzania,TZA,2016,112063137
Tanzania,TZA,2017,113099384
Tanzania,TZA,2018,115240090
Tanzania,TZA,2019,57241561
Tanzania,TZA,2020,121795101
Tanzania,TZA,2021,124949087
Tanzania,TZA,2022,128163581
Thailand,THA,1961,89564683
Thailand,THA,1962,92829409
Thailand,THA,1963,102148007
Thailand,THA,1964,111859650
Thailand,THA,1965,121081500
Thailand,THA,1966,131493200
Thailand,THA,1967,142041125
Thailand,THA,1968,154572695
Thailand,THA,1969,166607500
Thailand,THA,1970,182426900
Thailand,THA,1971,174023243
Thailand,THA,1972,177230700
Thailand,THA,1973,225974304
Thailand,THA,1974,202661500
Thailand,THA,1975,223735870
Thailand,THA,1976,215954055
Thailand,THA,1977,241720060
Thailand,THA,1978,281345614
Thailand,THA,1979,285050475
Thailand,THA,1980,268479110
Thailand,THA,1981,300967670
Thailand,THA,1982,313332765
Thailand,THA,1983,342255880
Thailand,THA,1984,330470553
Thailand,THA,1985,361403600
Thailand,THA,1986,389486900
Thailand,THA,1987,417387470
Thailand,THA,1988,443888200
Thailand,THA,1989,475450110
Thailand,THA,1990,510867930
Thailand,THA,1991,670283693
Thailand,THA,1992,800193936
Thailand,THA,1993,811610130
Thailand,THA,1994,765970867
Thailand,THA,1995,775892927
Thailand,THA,1996,803985334
Thailand,THA,1997,812909478
Thailand,THA,1998,905644630
Thailand,THA,1999,932067463
Thailand,THA,2000,1002491471
Thailand,THA,2001,1084435389
Thailand,THA,2002,1116231452
Thailand,THA,2003,1177805724
Thailand,THA,2004,763862494
Thailand,THA,2005,887105695
Thailand,THA,2006,920757296
Thailand,THA,2007,951593468
Thailand,THA,2008,984911667
Thailand,THA,2009,981637069
Thailand,THA,2010,1035694640
Thailand,THA,2011,1058292388
Thailand,THA,2012,1189206259
Thailand,THA,2013,1241099286
Thailand,THA,2014,1347466569
Thailand,THA,2015,1256947646
Thailand,THA,2016,1256053140
Thailand,THA,2017,1283062525
Thailand,THA,2018,1252916668
Thailand,THA,2019,1276264729
Thailand,THA,2020,1293414561
Thailand,THA,2021,1317389207
Thailand,THA,2022,1340382385
Togo,TGO,1961,1493171
Togo,TGO,1962,1465427
Togo,TGO,1963,1733228
Togo,TGO,1964,1970319
Togo,TGO,1965,2097409
Togo,TGO,1966,2415300
Togo,TGO,1967,2515000
Togo,TGO,1968,2575000
Togo,TGO,1969,2554200
Togo,TGO,1970,2668300
Togo,TGO,1971,2710800
Togo,TGO,1972,2905700
Togo,TGO,1973,2802700
Togo,TGO,1974,3173500
Togo,TGO,1975,3309400
Togo,TGO,1976,3113000
Togo,TGO,1977,3233500
Togo,TGO,1978,3956500
Togo,TGO,1979,3171500
Togo,TGO,1980,2833500
Togo,TGO,1981,2695000
Togo,TGO,1982,3080000
Togo,TGO,1983,3538000
Togo,TGO,1984,3877500
Togo,TGO,1985,3715000
Togo,TGO,1986,7524000
Togo,TGO,1987,7778000
Togo,TGO,1988,8079500
Togo,TGO,1989,9136500
Togo,TGO,1990,10271600
Togo,TGO,1991,10235500
Togo,TGO,1992,10119500
Togo,TGO,1993,10119490
Togo,TGO,1994,9687900
Togo,TGO,1995,9755120
Togo,TGO,1996,10047900
Togo,TGO,1997,11398100
Togo,TGO,1998,12556915
Togo,TGO,1999,13423990
Togo,TGO,2000,15987997
Togo,TGO,2001,17331976
Togo,TGO,2002,18535978
Togo,TGO,2003,19948566
Togo,TGO,2004,21513300
Togo,TGO,2005,23301700
Togo,TGO,2006,25158600
Togo,TGO,2007,27081820
Togo,TGO,2008,26569920
Togo,TGO,2009,33937640
Togo,TGO,2010,18902549
Togo,TGO,2011,19833176
Togo,TGO,2012,20617977
Togo,TGO,2013,22406820
Togo,TGO,2014,20160443
Togo,TGO,2015,21617473
Togo,TGO,2016,23087471
Togo,TGO,2017,24638611
Togo,TGO,2018,26128015
Togo,TGO,2019,28642435
Togo,TGO,2020,30417371
Togo,TGO,2021,33115356
Togo,TGO,2022,37661194
Tokelau,TKL,1961,2150
Tokelau,TKL,1962,2150
Tokelau,TKL,1963,2109
Tokelau,TKL,1964,3425
Tokelau,TKL,1965,3420
Tokelau,TKL,1966,3420
Tokelau,TKL,1967,3420
Tokelau,TKL,1968,3425
Tokelau,TKL,1969,3430
Tokelau,TKL,1970,4435
Tokelau,TKL,1971,4440
Tokelau,TKL,1972,4450
Tokelau,TKL,1973,4451
Tokelau,TKL,1974,4470
Tokelau,TKL,1975,4500
Tokelau,TKL,1976,4450
Tokelau,TKL,1977,4450
Tokelau,TKL,1978,5520
Tokelau,TKL,1979,5550
Tokelau,TKL,1980,5570
Tokelau,TKL,1981,5600
Tokelau,TKL,1982,6620
Tokelau,TKL,1983,6640
Tokelau,TKL,1984,6600
Tokelau,TKL,1985,6620
Tokelau,TKL,1986,6640
Tokelau,TKL,1987,6660
Tokelau,TKL,1988,6670
Tokelau,TKL,1989,6680
Tokelau,TKL,1990,6690
Tokelau,TKL,1991,6650
Tokelau,TKL,1992,6650
Tokelau,TKL,1993,6650
Tokelau,TKL,1994,6654
Tokelau,TKL,1995,6650
Tokelau,TKL,1996,6650
Tokelau,TKL,1997,6650
Tokelau,TKL,1998,6650
Tokelau,TKL,1999,6650
Tokelau,TKL,2000,6650
Tokelau,TKL,2001,6650
Tokelau,TKL,2002,6650
Tokelau,TKL,2003,6650
Tokelau,TKL,2004,6650
Tokelau,TKL,2005,6649
Tokelau,TKL,2006,6650
Tokelau,TKL,2007,6650
Tokelau,TKL,2008,6650
Tokelau,TKL,2009,6650
Tokelau,TKL,2010,6650
Tokelau,TKL,2011,6650
Tokelau,TKL,2012,6647
Tokelau,TKL,2013,6645
Tokelau,TKL,2014,6648
Tokelau,TKL,2015,6648
Tokelau,TKL,2016,6648
Tokelau,TKL,2017,6728
Tokelau,TKL,2018,6889
Tokelau,TKL,2019,7155
Tokelau,TKL,2020,7539
Tokelau,TKL,2021,7922
Tokelau,TKL,2022,7539
Tonga,TON,1961,66860
Tonga,TON,1962,87860
Tonga,TON,1963,84970
Tonga,TON,1964,92220
Tonga,TON,1965,101460
Tonga,TON,1966,117000
Tonga,TON,1967,163020
Tonga,TON,1968,194630
Tonga,TON,1969,146200
Tonga,TON,1970,128120
Tonga,TON,1971,163180
Tonga,TON,1972,79720
Tonga,TON,1973,80260
Tonga,TON,1974,93310
Tonga,TON,1975,161430
Tonga,TON,1976,241480
Tonga,TON,1977,142680
Tonga,TON,1978,214000
Tonga,TON,1979,200400
Tonga,TON,1980,176900
Tonga,TON,1981,235390
Tonga,TON,1982,301870
Tonga,TON,1983,219600
Tonga,TON,1984,229120
Tonga,TON,1985,299100
Tonga,TON,1986,339800
Tonga,TON,1987,370500
Tonga,TON,1988,401200
Tonga,TON,1989,308700
Tonga,TON,1990,288600
Tonga,TON,1991,288600
Tonga,TON,1992,298600
Tonga,TON,1993,302500
Tonga,TON,1994,302200
Tonga,TON,1995,363200
Tonga,TON,1996,399100
Tonga,TON,1997,397000
Tonga,TON,1998,397000
Tonga,TON,1999,397250
Tonga,TON,2000,397450
Tonga,TON,2001,397450
Tonga,TON,2002,397450
Tonga,TON,2003,397450
Tonga,TON,2004,397370
Tonga,TON,2005,397450
Tonga,TON,2006,407550
Tonga,TON,2007,417950
Tonga,TON,2008,417950
Tonga,TON,2009,411950
Tonga,TON,2010,383069
Tonga,TON,2011,386225
Tonga,TON,2012,407087
Tonga,TON,2013,407258
Tonga,TON,2014,404659
Tonga,TON,2015,403678
Tonga,TON,2016,404845
Tonga,TON,2017,406088
Tonga,TON,2018,405893
Tonga,TON,2019,408016
Tonga,TON,2020,406227
Tonga,TON,2021,406392
Tonga,TON,2022,405514
Trinidad and Tobago,TTO,1961,5481216
Trinidad and Tobago,TTO,1962,5888382
Trinidad and Tobago,TTO,1963,6319969
Trinidad and Tobago,TTO,1964,7902615
Trinidad and Tobago,TTO,1965,8855319
Trinidad and Tobago,TTO,1966,9666201
Trinidad and Tobago,TTO,1967,10488615
Trinidad and Tobago,TTO,1968,11291893
Trinidad and Tobago,TTO,1969,11076163
Trinidad and Tobago,TTO,1970,11580340
Trinidad and Tobago,TTO,1971,11677824
Trinidad and Tobago,TTO,1972,10967079
Trinidad and Tobago,TTO,1973,10618206
Trinidad and Tobago,TTO,1974,11247366
Trinidad and Tobago,TTO,1975,15640862
Trinidad and Tobago,TTO,1976,16241100
Trinidad and Tobago,TTO,1977,19982900
Trinidad and Tobago,TTO,1978,20433700
Trinidad and Tobago,TTO,1979,16184000
Trinidad and Tobago,TTO,1980,14178510
Trinidad and Tobago,TTO,1981,14631215
Trinidad and Tobago,TTO,1982,21559486
Trinidad and Tobago,TTO,1983,18829200
Trinidad and Tobago,TTO,1984,17524800
Trinidad and Tobago,TTO,1985,17682000
Trinidad and Tobago,TTO,1986,14962100
Trinidad and Tobago,TTO,1987,15897000
Trinidad and Tobago,TTO,1988,13891000
Trinidad and Tobago,TTO,1989,15279493
Trinidad and Tobago,TTO,1990,16079040
Trinidad and Tobago,TTO,1991,17085820
Trinidad and Tobago,TTO,1992,16084293
Trinidad and Tobago,TTO,1993,19073203
Trinidad and Tobago,TTO,1994,17074043
Trinidad and Tobago,TTO,1995,19574723
Trinidad and Tobago,TTO,1996,19575956
Trinidad and Tobago,TTO,1997,17778050
Trinidad and Tobago,TTO,1998,17276475
Trinidad and Tobago,TTO,1999,19082237
Trinidad and Tobago,TTO,2000,24380625
Trinidad and Tobago,TTO,2001,30589520
Trinidad and Tobago,TTO,2002,38607480
Trinidad and Tobago,TTO,2003,34911542
Trinidad and Tobago,TTO,2004,35606650
Trinidad and Tobago,TTO,2005,35606950
Trinidad and Tobago,TTO,2006,32032587
Trinidad and Tobago,TTO,2007,32763480
Trinidad and Tobago,TTO,2008,33244709
Trinidad and Tobago,TTO,2009,35603697
Trinidad and Tobago,TTO,2010,35761471
Trinidad and Tobago,TTO,2011,34297951
Trinidad and Tobago,TTO,2012,35068873
Trinidad and Tobago,TTO,2013,36558837
Trinidad and Tobago,TTO,2014,34205837
Trinidad and Tobago,TTO,2015,33131536
Trinidad and Tobago,TTO,2016,31743259
Trinidad and Tobago,TTO,2017,33310369
Trinidad and Tobago,TTO,2018,31953500
Trinidad and Tobago,TTO,2019,33713108
Trinidad and Tobago,TTO,2020,32743141
Trinidad and Tobago,TTO,2021,30407510
Trinidad and Tobago,TTO,2022,33060684
Tunisia,TUN,1961,8842100
Tunisia,TUN,1962,8811800
Tunisia,TUN,1963,8985800
Tunisia,TUN,1964,9374330
Tunisia,TUN,1965,9591410
Tunisia,TUN,1966,9854779
Tunisia,TUN,1967,11154657
Tunisia,TUN,1968,11588932
Tunisia,TUN,1969,12558750
Tunisia,TUN,1970,13284010
Tunisia,TUN,1971,14726898
Tunisia,TUN,1972,16817111
Tunisia,TUN,1973,19303390
Tunisia,TUN,1974,19495795
Tunisia,TUN,1975,19631880
Tunisia,TUN,1976,23650997
Tunisia,TUN,1977,28606743
Tunisia,TUN,1978,32494151
Tunisia,TUN,1979,34587537
Tunisia,TUN,1980,36022553
Tunisia,TUN,1981,36545640
Tunisia,TUN,1982,44524565
Tunisia,TUN,1983,34197596
Tunisia,TUN,1984,39086200
Tunisia,TUN,1985,41542600
Tunisia,TUN,1986,40434600
Tunisia,TUN,1987,38834600
Tunisia,TUN,1988,41745989
Tunisia,TUN,1989,44849789
Tunisia,TUN,1990,46059143
Tunisia,TUN,1991,46096542
Tunisia,TUN,1992,47943833
Tunisia,TUN,1993,56002496
Tunisia,TUN,1994,50030324
Tunisia,TUN,1995,50020641
Tunisia,TUN,1996,55710617
Tunisia,TUN,1997,62333608
Tunisia,TUN,1998,66475653
Tunisia,TUN,1999,70925746
Tunisia,TUN,2000,77396036
Tunisia,TUN,2001,75496043
Tunisia,TUN,2002,78005926
Tunisia,TUN,2003,77930933
Tunisia,TUN,2004,82085831
Tunisia,TUN,2005,82474752
Tunisia,TUN,2006,77891627
Tunisia,TUN,2007,86381600
Tunisia,TUN,2008,87911886
Tunisia,TUN,2009,88144332
Tunisia,TUN,2010,99717654
Tunisia,TUN,2011,95958850
Tunisia,TUN,2012,106554872
Tunisia,TUN,2013,115257399
Tunisia,TUN,2014,118146201
Tunisia,TUN,2015,120341090
Tunisia,TUN,2016,108957704
Tunisia,TUN,2017,119879555
Tunisia,TUN,2018,116040272
Tunisia,TUN,2019,118979474
Tunisia,TUN,2020,119346117
Tunisia,TUN,2021,121200725
Tunisia,TUN,2022,122879082
Turkey,TUR,1961,77168200
Turkey,TUR,1962,76563879
Turkey,TUR,1963,77472452
Turkey,TUR,1964,77756550
Turkey,TUR,1965,81505894
Turkey,TUR,1966,83763090
Turkey,TUR,1967,87046177
Turkey,TUR,1968,93959083
Turkey,TUR,1969,104051917
Turkey,TUR,1970,111962820
Turkey,TUR,1971,120062264
Turkey,TUR,1972,132068868
Turkey,TUR,1973,140219424
Turkey,TUR,1974,157812953
Turkey,TUR,1975,182609813
Turkey,TUR,1976,191329170
Turkey,TUR,1977,184767260
Turkey,TUR,1978,203286510
Turkey,TUR,1979,199642713
Turkey,TUR,1980,229980330
Turkey,TUR,1981,263151998
Turkey,TUR,1982,270596890
Turkey,TUR,1983,232981610
Turkey,TUR,1984,266710902
Turkey,TUR,1985,265369151
Turkey,TUR,1986,291317920
Turkey,TUR,1987,319388440
Turkey,TUR,1988,339697100
Turkey,TUR,1989,347923680
Turkey,TUR,1990,368104100
Turkey,TUR,1991,351898411
Turkey,TUR,1992,371495335
Turkey,TUR,1993,387878470
Turkey,TUR,1994,383735680
Turkey,TUR,1995,231524010
Turkey,TUR,1996,270030600
Turkey,TUR,1997,322829775
Turkey,TUR,1998,323350391
Turkey,TUR,1999,391109439
Turkey,TUR,2000,428449202
Turkey,TUR,2001,393501110
Turkey,TUR,2002,438150169
Turkey,TUR,2003,535162298
Turkey,TUR,2004,534712459
Turkey,TUR,2005,561401609
Turkey,TUR,2006,515088312
Turkey,TUR,2007,626008871
Turkey,TUR,2008,639238995
Turkey,TUR,2009,737681572
Turkey,TUR,2010,863757981
Turkey,TUR,2011,984602558
Turkey,TUR,2012,1070600123
Turkey,TUR,2013,1084387136
Turkey,TUR,2014,1135534488
Turkey,TUR,2015,1146042442
Turkey,TUR,2016,1129314541
Turkey,TUR,2017,1257174915
Turkey,TUR,2018,1260420632
Turkey,TUR,2019,1239011699
Turkey,TUR,2020,1234180763
Turkey,TUR,2021,1277963449
Turkey,TUR,2022,1388509761
Turkmenistan,TKM,1992,8192000
Turkmenistan,TKM,1993,7348000
Turkmenistan,TKM,1994,6549000
Turkmenistan,TKM,1995,6833000
Turkmenistan,TKM,1996,5356500
Turkmenistan,TKM,1997,5023000
Turkmenistan,TKM,1998,7407500
Turkmenistan,TKM,1999,8075000
Turkmenistan,TKM,2000,9608800
Turkmenistan,TKM,2001,11474000
Turkmenistan,TKM,2002,13978200
Turkmenistan,TKM,2003,16940500
Turkmenistan,TKM,2004,17473500
Turkmenistan,TKM,2005,18191500
Turkmenistan,TKM,2006,20813500
Turkmenistan,TKM,2007,22833916
Turkmenistan,TKM,2008,23459892
Turkmenistan,TKM,2009,23029675
Turkmenistan,TKM,2010,23106858
Turkmenistan,TKM,2011,23587942
Turkmenistan,TKM,2012,24574431
Turkmenistan,TKM,2013,24813537
Turkmenistan,TKM,2014,24418398
Turkmenistan,TKM,2015,24997027
Turkmenistan,TKM,2016,25204663
Turkmenistan,TKM,2017,24985007
Turkmenistan,TKM,2018,25481254
Turkmenistan,TKM,2019,25857014
Turkmenistan,TKM,2020,25292964
Turkmenistan,TKM,2021,25709410
Turkmenistan,TKM,2022,26688184
Tuvalu,TUV,1961,14720
Tuvalu,TUV,1962,14720
Tuvalu,TUV,1963,14720
Tuvalu,TUV,1964,14720
Tuvalu,TUV,1965,14720
Tuvalu,TUV,1966,14720
Tuvalu,TUV,1967,14720
Tuvalu,TUV,1968,14720
Tuvalu,TUV,1969,14720
Tuvalu,TUV,1970,14720
Tuvalu,TUV,1971,14720
Tuvalu,TUV,1972,14720
Tuvalu,TUV,1973,14720
Tuvalu,TUV,1974,14720
Tuvalu,TUV,1975,14720
Tuvalu,TUV,1976,14720
Tuvalu,TUV,1977,15850
Tuvalu,TUV,1978,15850
Tuvalu,TUV,1979,15900
Tuvalu,TUV,1980,15950
Tuvalu,TUV,1981,20850
Tuvalu,TUV,1982,20900
Tuvalu,TUV,1983,21005
Tuvalu,TUV,1984,21500
Tuvalu,TUV,1985,27000
Tuvalu,TUV,1986,32005
Tuvalu,TUV,1987,29800
Tuvalu,TUV,1988,45000
Tuvalu,TUV,1989,20300
Tuvalu,TUV,1990,38400
Tuvalu,TUV,1991,41500
Tuvalu,TUV,1992,43500
Tuvalu,TUV,1993,39800
Tuvalu,TUV,1994,42900
Tuvalu,TUV,1995,42900
Tuvalu,TUV,1996,47900
Tuvalu,TUV,1997,48500
Tuvalu,TUV,1998,48500
Tuvalu,TUV,1999,53600
Tuvalu,TUV,2000,53600
Tuvalu,TUV,2001,53600
Tuvalu,TUV,2002,58700
Tuvalu,TUV,2003,58700
Tuvalu,TUV,2004,58700
Tuvalu,TUV,2005,58669
Tuvalu,TUV,2006,58700
Tuvalu,TUV,2007,58800
Tuvalu,TUV,2008,59800
Tuvalu,TUV,2009,62800
Tuvalu,TUV,2010,62800
Tuvalu,TUV,2011,63847
Tuvalu,TUV,2012,63891
Tuvalu,TUV,2013,64885
Tuvalu,TUV,2014,65964
Tuvalu,TUV,2015,67008
Tuvalu,TUV,2016,68035
Tuvalu,TUV,2017,69065
Tuvalu,TUV,2018,67045
Tuvalu,TUV,2019,70081
Tuvalu,TUV,2020,70104
Tuvalu,TUV,2021,71134
Tuvalu,TUV,2022,70165
USSR,OWID_USS,1961,814526008
USSR,OWID_USS,1962,830505016
USSR,OWID_USS,1963,830217016
USSR,OWID_USS,1964,651697008
USSR,OWID_USS,1965,726592016
USSR,OWID_USS,1966,768628008
USSR,OWID_USS,1967,784250008
USSR,OWID_USS,1968,812376008
USSR,OWID_USS,1969,841740000
USSR,OWID_USS,1970,1001083008
USSR,OWID_USS,1971,1101456000
USSR,OWID_USS,1972,1160458000
USSR,OWID_USS,1973,1206204000
USSR,OWID_USS,1974,1315967000
USSR,OWID_USS,1975,1415785008
USSR,OWID_USS,1976,1296170024
USSR,OWID_USS,1977,1512432024
USSR,OWID_USS,1978,1681705016
USSR,OWID_USS,1979,1781382016
USSR,OWID_USS,1980,1863392000
USSR,OWID_USS,1981,1953296912
USSR,OWID_USS,1982,2084357008
USSR,OWID_USS,1983,2222137008
USSR,OWID_USS,1984,2300105008
USSR,OWID_USS,1985,2396433008
USSR,OWID_USS,1986,2538248024
USSR,OWID_USS,1987,2653054008
USSR,OWID_USS,1988,2746513000
USSR,OWID_USS,1989,2801225000
USSR,OWID_USS,1990,2794805000
USSR,OWID_USS,1991,2622867000
Uganda,UGA,1961,9665800
Uganda,UGA,1962,9804300
Uganda,UGA,1963,10003160
Uganda,UGA,1964,10176050
Uganda,UGA,1965,10453400
Uganda,UGA,1966,10960500
Uganda,UGA,1967,11272960
Uganda,UGA,1968,11528320
Uganda,UGA,1969,11965110
Uganda,UGA,1970,12507200
Uganda,UGA,1971,13102800
Uganda,UGA,1972,13133350
Uganda,UGA,1973,14143000
Uganda,UGA,1974,13810000
Uganda,UGA,1975,14194391
Uganda,UGA,1976,15599572
Uganda,UGA,1977,18793358
Uganda,UGA,1978,17432329
Uganda,UGA,1979,17370075
Uganda,UGA,1980,17601500
Uganda,UGA,1981,17987500
Uganda,UGA,1982,19538660
Uganda,UGA,1983,20822155
Uganda,UGA,1984,21230964
Uganda,UGA,1985,22577512
Uganda,UGA,1986,24365000
Uganda,UGA,1987,21891000
Uganda,UGA,1988,22987500
Uganda,UGA,1989,24522000
Uganda,UGA,1990,26074000
Uganda,UGA,1991,27625000
Uganda,UGA,1992,28908000
Uganda,UGA,1993,30330000
Uganda,UGA,1994,31359152
Uganda,UGA,1995,31747312
Uganda,UGA,1996,31838094
Uganda,UGA,1997,31669137
Uganda,UGA,1998,31763342
Uganda,UGA,1999,32787889
Uganda,UGA,2000,38223132
Uganda,UGA,2001,42045085
Uganda,UGA,2002,45857111
Uganda,UGA,2003,50016222
Uganda,UGA,2004,44818543
Uganda,UGA,2005,46043758
Uganda,UGA,2006,34291247
Uganda,UGA,2007,39469023
Uganda,UGA,2008,40544613
Uganda,UGA,2009,46034379
Uganda,UGA,2010,54302288
Uganda,UGA,2011,54357394
Uganda,UGA,2012,55110165
Uganda,UGA,2013,56912842
Uganda,UGA,2014,53462607
Uganda,UGA,2015,52399088
Uganda,UGA,2016,55574020
Uganda,UGA,2017,55996034
Uganda,UGA,2018,54979555
Uganda,UGA,2019,56320638
Uganda,UGA,2020,57397092
Uganda,UGA,2021,58480307
Uganda,UGA,2022,59485161
Ukraine,UKR,1992,417312500
Ukraine,UKR,1993,298517000
Ukraine,UKR,1994,225045000
Ukraine,UKR,1995,200301000
Ukraine,UKR,1996,187535000
Ukraine,UKR,1997,165241000
Ukraine,UKR,1998,173539000
Ukraine,UKR,1999,175326000
Ukraine,UKR,2000,164767000
Ukraine,UKR,2001,186706000
Ukraine,UKR,2002,227405900
Ukraine,UKR,2003,243842300
Ukraine,UKR,2004,262712800
Ukraine,UKR,2005,329676100
Ukraine,UKR,2006,373535200
Ukraine,UKR,2007,420994000
Ukraine,UKR,2008,468366300
Ukraine,UKR,2009,528992500
Ukraine,UKR,2010,551369000
Ukraine,UKR,2011,567689900
Ukraine,UKR,2012,616673600
Ukraine,UKR,2013,726250000
Ukraine,UKR,2014,695078600
Ukraine,UKR,2015,690648200
Ukraine,UKR,2016,654474900
Ukraine,UKR,2017,666290600
Ukraine,UKR,2018,695026400
Ukraine,UKR,2019,753571700
Ukraine,UKR,2020,790316800
Ukraine,UKR,2021,760642400
Ukraine,UKR,2022,686187800
United Arab Emirates,ARE,1961,168550
United Arab Emirates,ARE,1962,170100
United Arab Emirates,ARE,1963,177050
United Arab Emirates,ARE,1964,187350
United Arab Emirates,ARE,1965,195410
United Arab Emirates,ARE,1966,208200
United Arab Emirates,ARE,1967,229900
United Arab Emirates,ARE,1968,264600
United Arab Emirates,ARE,1969,305600
United Arab Emirates,ARE,1970,380500
United Arab Emirates,ARE,1971,483000
United Arab Emirates,ARE,1972,476700
United Arab Emirates,ARE,1973,530500
United Arab Emirates,ARE,1974,670300
United Arab Emirates,ARE,1975,605400
United Arab Emirates,ARE,1976,440000
United Arab Emirates,ARE,1977,843500
United Arab Emirates,ARE,1978,1183600
United Arab Emirates,ARE,1979,2799500
United Arab Emirates,ARE,1980,4871500
United Arab Emirates,ARE,1981,7467000
United Arab Emirates,ARE,1982,10981500
United Arab Emirates,ARE,1983,9835000
United Arab Emirates,ARE,1984,11639800
United Arab Emirates,ARE,1985,11712500
United Arab Emirates,ARE,1986,12130400
United Arab Emirates,ARE,1987,13217400
United Arab Emirates,ARE,1988,14324000
United Arab Emirates,ARE,1989,14524810
United Arab Emirates,ARE,1990,14719540
United Arab Emirates,ARE,1991,15581860
United Arab Emirates,ARE,1992,15133400
United Arab Emirates,ARE,1993,15879750
United Arab Emirates,ARE,1994,20536877
United Arab Emirates,ARE,1995,21770800
United Arab Emirates,ARE,1996,27120960
United Arab Emirates,ARE,1997,26485533
United Arab Emirates,ARE,1998,24950567
United Arab Emirates,ARE,1999,26984050
United Arab Emirates,ARE,2000,25183906
United Arab Emirates,ARE,2001,25920840
United Arab Emirates,ARE,2002,26038040
United Arab Emirates,ARE,2003,36205480
United Arab Emirates,ARE,2004,31049390
United Arab Emirates,ARE,2005,29672200
United Arab Emirates,ARE,2006,26744000
United Arab Emirates,ARE,2007,24314500
United Arab Emirates,ARE,2008,33117000
United Arab Emirates,ARE,2009,36244000
United Arab Emirates,ARE,2010,36997000
United Arab Emirates,ARE,2011,37514500
United Arab Emirates,ARE,2012,38423610
United Arab Emirates,ARE,2013,41252941
United Arab Emirates,ARE,2014,43206204
United Arab Emirates,ARE,2015,44381295
United Arab Emirates,ARE,2016,44783393
United Arab Emirates,ARE,2017,45402840
United Arab Emirates,ARE,2018,45749181
United Arab Emirates,ARE,2019,46473939
United Arab Emirates,ARE,2020,45952885
United Arab Emirates,ARE,2021,46319948
United Arab Emirates,ARE,2022,48392636
United Kingdom,GBR,1961,233497186
United Kingdom,GBR,1962,242149969
United Kingdom,GBR,1963,241340251
United Kingdom,GBR,1964,255999720
United Kingdom,GBR,1965,268838509
United Kingdom,GBR,1966,291905662
United Kingdom,GBR,1967,313492946
United Kingdom,GBR,1968,352583765
United Kingdom,GBR,1969,365992378
United Kingdom,GBR,1970,379883564
United Kingdom,GBR,1971,386254497
United Kingdom,GBR,1972,430889237
United Kingdom,GBR,1973,430894604
United Kingdom,GBR,1974,427629385
United Kingdom,GBR,1975,408140720
United Kingdom,GBR,1976,425876000
United Kingdom,GBR,1977,460530000
United Kingdom,GBR,1978,461534000
United Kingdom,GBR,1979,475639000
United Kingdom,GBR,1980,474733000
United Kingdom,GBR,1981,474343000
United Kingdom,GBR,1982,505407000
United Kingdom,GBR,1983,495413000
United Kingdom,GBR,1984,517898300
United Kingdom,GBR,1985,536024550
United Kingdom,GBR,1986,557725516
United Kingdom,GBR,1987,589582276
United Kingdom,GBR,1988,623747105
United Kingdom,GBR,1989,576859647
United Kingdom,GBR,1990,603838614
United Kingdom,GBR,1991,629329670
United Kingdom,GBR,1992,736087000
United Kingdom,GBR,1993,762167500
United Kingdom,GBR,1994,801449000
United Kingdom,GBR,1995,824677000
United Kingdom,GBR,1996,860627000
United Kingdom,GBR,1997,884445000
United Kingdom,GBR,1998,893842000
United Kingdom,GBR,1999,884455500
United Kingdom,GBR,2000,876622600
United Kingdom,GBR,2001,892120900
United Kingdom,GBR,2002,889674800
United Kingdom,GBR,2003,907838000
United Kingdom,GBR,2004,908224000
United Kingdom,GBR,2005,930501000
United Kingdom,GBR,2006,907635861
United Kingdom,GBR,2007,894871000
United Kingdom,GBR,2008,881198000
United Kingdom,GBR,2009,895489841
United Kingdom,GBR,2010,959403000
United Kingdom,GBR,2011,958417000
United Kingdom,GBR,2012,978811000
United Kingdom,GBR,2013,1003904200
United Kingdom,GBR,2014,999887400
United Kingdom,GBR,2015,1057727600
United Kingdom,GBR,2016,1108571600
United Kingdom,GBR,2017,1147749550
United Kingdom,GBR,2018,1195016293
United Kingdom,GBR,2019,1166676121
United Kingdom,GBR,2020,1210842903
United Kingdom,GBR,2021,1222374656
United Kingdom,GBR,2022,1175012388
United States,USA,1961,2500985016
United States,USA,1962,2514935000
United States,USA,1963,2584812008
United States,USA,1964,2660298000
United States,USA,1965,2815628008
United States,USA,1966,2700317000
United States,USA,1967,3200104008
United States,USA,1968,3183010008
United States,USA,1969,3339812700
United States,USA,1970,3494498808
United States,USA,1971,3497932000
United States,USA,1972,3608848016
United States,USA,1973,3510336000
United States,USA,1974,3519816016
United States,USA,1975,3349700608
United States,USA,1976,3711276008
United States,USA,1977,3802138296
United States,USA,1978,3983036183
United States,USA,1979,4339582544
United States,USA,1980,4448078896
United States,USA,1981,4599589008
United States,USA,1982,4579053008
United States,USA,1983,4631297608
United States,USA,1984,4776694016
United States,USA,1985,5055986200
United States,USA,1986,4963810208
United States,USA,1987,5549488000
United States,USA,1988,5744241008
United States,USA,1989,6085793316
United States,USA,1990,6441366512
United States,USA,1991,6739964961
United States,USA,1992,7038302835
United States,USA,1993,7287838167
United States,USA,1994,7675876040
United States,USA,1995,7970534718
United States,USA,1996,8149875891
United States,USA,1997,8350530371
United States,USA,1998,8446150637
United States,USA,1999,8720478019
United States,USA,2000,8862589362
United States,USA,2001,9047943622
United States,USA,2002,9152875487
United States,USA,2003,9118136675
United States,USA,2004,9317035682
United States,USA,2005,9417054188
United States,USA,2006,9394467703
United States,USA,2007,9475806504
United States,USA,2008,9526203200
United States,USA,2009,9078923704
United States,USA,2010,9205623900
United States,USA,2011,9104144104
United States,USA,2012,9000761692
United States,USA,2013,9061422227
United States,USA,2014,9073550787
United States,USA,2015,9230654147
United States,USA,2016,9331992365
United States,USA,2017,9476167539
United States,USA,2018,9586687686
United States,USA,2019,9761874115
United States,USA,2020,9760171175
United States,USA,2021,9731999203
United States,USA,2022,9943663246
Upper-middle-income countries,,1961,2451224428
Upper-middle-income countries,,1962,2540285708
Upper-middle-income countries,,1963,2666588263
Upper-middle-income countries,,1964,2615237362
Upper-middle-income countries,,1965,2879083690
Upper-middle-income countries,,1966,3014470185
Upper-middle-income countries,,1967,3177957072
Upper-middle-income countries,,1968,3335265360
Upper-middle-income countries,,1969,3502663662
Upper-middle-income countries,,1970,3885732769
Upper-middle-income countries,,1971,4119925675
Upper-middle-income countries,,1972,4379962208
Upper-middle-income countries,,1973,4704251655
Upper-middle-income countries,,1974,5056446864
Upper-middle-income countries,,1975,5323643755
Upper-middle-income countries,,1976,5462226102
Upper-middle-income countries,,1977,5911935908
Upper-middle-income countries,,1978,6476920977
Upper-middle-income countries,,1979,7011720493
Upper-middle-income countries,,1980,7595066756
Upper-middle-income countries,,1981,7949792342
Upper-middle-income countries,,1982,8443032786
Upper-middle-income countries,,1983,8775640406
Upper-middle-income countries,,1984,8902023614
Upper-middle-income countries,,1985,9432365524
Upper-middle-income countries,,1986,10305077354
Upper-middle-income countries,,1987,10948347501
Upper-middle-income countries,,1988,11550836026
Upper-middle-income countries,,1989,11698618112
Upper-middle-income countries,,1990,12543550747
Upper-middle-income countries,,1991,13120434342
Upper-middle-income countries,,1992,12872953312
Upper-middle-income countries,,1993,14000523022
Upper-middle-income countries,,1994,14697715591
Upper-middle-income countries,,1995,16241437181
Upper-middle-income countries,,1996,16551499870
Upper-middle-income countries,,1997,17423709947
Upper-middle-income countries,,1998,17930990929
Upper-middle-income countries,,1999,19430147100
Upper-middle-income countries,,2000,20384170003
Upper-middle-income countries,,2001,21036935316
Upper-middle-income countries,,2002,22107454969
Upper-middle-income countries,,2003,22749917742
Upper-middle-income countries,,2004,23209586838
Upper-middle-income countries,,2005,24911792948
Upper-middle-income countries,,2006,25399943810
Upper-middle-income countries,,2007,27454790432
Upper-middle-income countries,,2008,29176569862
Upper-middle-income countries,,2009,30376187008
Upper-middle-income countries,,2010,31168786035
Upper-middle-income countries,,2011,32445272638
Upper-middle-income countries,,2012,33159236767
Upper-middle-income countries,,2013,33647108813
Upper-middle-income countries,,2014,33946185061
Upper-middle-income countries,,2015,35169295015
Upper-middle-income countries,,2016,35860090443
Upper-middle-income countries,,2017,38353203583
Upper-middle-income countries,,2018,39588209132
Upper-middle-income countries,,2019,40387970778
Upper-middle-income countries,,2020,40272998375
Upper-middle-income countries,,2021,40561261850
Upper-middle-income countries,,2022,41615581215
Uruguay,URY,1961,12844021
Uruguay,URY,1962,13353872
Uruguay,URY,1963,12999096
Uruguay,URY,1964,13648000
Uruguay,URY,1965,14181089
Uruguay,URY,1966,14231900
Uruguay,URY,1967,13182889
Uruguay,URY,1968,16131147
Uruguay,URY,1969,16387200
Uruguay,URY,1970,20474300
Uruguay,URY,1971,21873900
Uruguay,URY,1972,23304640
Uruguay,URY,1973,25848453
Uruguay,URY,1974,24068737
Uruguay,URY,1975,20775113
Uruguay,URY,1976,21812010
Uruguay,URY,1977,21818684
Uruguay,URY,1978,22263465
Uruguay,URY,1979,21576926
Uruguay,URY,1980,22068198
Uruguay,URY,1981,25172896
Uruguay,URY,1982,26073492
Uruguay,URY,1983,25349072
Uruguay,URY,1984,26509601
Uruguay,URY,1985,24603752
Uruguay,URY,1986,27736768
Uruguay,URY,1987,27197549
Uruguay,URY,1988,31345169
Uruguay,URY,1989,32868233
Uruguay,URY,1990,33190407
Uruguay,URY,1991,34574403
Uruguay,URY,1992,35315033
Uruguay,URY,1993,39918569
Uruguay,URY,1994,41350841
Uruguay,URY,1995,45171824
Uruguay,URY,1996,49151271
Uruguay,URY,1997,49792739
Uruguay,URY,1998,58160378
Uruguay,URY,1999,64910926
Uruguay,URY,2000,61864592
Uruguay,URY,2001,60184169
Uruguay,URY,2002,49280706
Uruguay,URY,2003,34568523
Uruguay,URY,2004,45296681
Uruguay,URY,2005,56760503
Uruguay,URY,2006,65449820
Uruguay,URY,2007,54579914
Uruguay,URY,2008,79997326
Uruguay,URY,2009,78170935
Uruguay,URY,2010,73904072
Uruguay,URY,2011,89859033
Uruguay,URY,2012,88960500
Uruguay,URY,2013,37673000
Uruguay,URY,2014,38159410
Uruguay,URY,2015,38092436
Uruguay,URY,2016,37305776
Uruguay,URY,2017,34840074
Uruguay,URY,2018,33907201
Uruguay,URY,2019,33087043
Uruguay,URY,2020,33170238
Uruguay,URY,2021,36316117
Uruguay,URY,2022,34915305
Uzbekistan,UZB,1992,36070092
Uzbekistan,UZB,1993,34688044
Uzbekistan,UZB,1994,25696100
Uzbekistan,UZB,1995,20266105
Uzbekistan,UZB,1996,16206309
Uzbekistan,UZB,1997,14645437
Uzbekistan,UZB,1998,20047880
Uzbekistan,UZB,1999,20302722
Uzbekistan,UZB,2000,20419472
Uzbekistan,UZB,2001,20418900
Uzbekistan,UZB,2002,20374870
Uzbekistan,UZB,2003,18185617
Uzbekistan,UZB,2004,19341916
Uzbekistan,UZB,2005,22105901
Uzbekistan,UZB,2006,24317422
Uzbekistan,UZB,2007,23604174
Uzbekistan,UZB,2008,25185358
Uzbekistan,UZB,2009,26377387
Uzbekistan,UZB,2010,28370096
Uzbekistan,UZB,2011,32433918
Uzbekistan,UZB,2012,31941239
Uzbekistan,UZB,2013,34772621
Uzbekistan,UZB,2014,36097608
Uzbekistan,UZB,2015,38844339
Uzbekistan,UZB,2016,43068800
Uzbekistan,UZB,2017,52070006
Uzbekistan,UZB,2018,64144111
Uzbekistan,UZB,2019,72622827
Uzbekistan,UZB,2020,65959937
Uzbekistan,UZB,2021,77723045
Uzbekistan,UZB,2022,90802378
Vanuatu,VUT,1961,144791
Vanuatu,VUT,1962,149526
Vanuatu,VUT,1963,152460
Vanuatu,VUT,1964,156791
Vanuatu,VUT,1965,160829
Vanuatu,VUT,1966,166150
Vanuatu,VUT,1967,169375
Vanuatu,VUT,1968,176022
Vanuatu,VUT,1969,183351
Vanuatu,VUT,1970,190430
Vanuatu,VUT,1971,201060
Vanuatu,VUT,1972,217025
Vanuatu,VUT,1973,232545
Vanuatu,VUT,1974,237680
Vanuatu,VUT,1975,242167
Vanuatu,VUT,1976,247305
Vanuatu,VUT,1977,253255
Vanuatu,VUT,1978,258305
Vanuatu,VUT,1979,264055
Vanuatu,VUT,1980,370410
Vanuatu,VUT,1981,391959
Vanuatu,VUT,1982,404459
Vanuatu,VUT,1983,425565
Vanuatu,VUT,1984,446192
Vanuatu,VUT,1985,468270
Vanuatu,VUT,1986,477900
Vanuatu,VUT,1987,495299
Vanuatu,VUT,1988,484723
Vanuatu,VUT,1989,484124
Vanuatu,VUT,1990,495810
Vanuatu,VUT,1991,518544
Vanuatu,VUT,1992,508445
Vanuatu,VUT,1993,540176
Vanuatu,VUT,1994,541476
Vanuatu,VUT,1995,541153
Vanuatu,VUT,1996,540835
Vanuatu,VUT,1997,542395
Vanuatu,VUT,1998,543007
Vanuatu,VUT,1999,574559
Vanuatu,VUT,2000,574082
Vanuatu,VUT,2001,570966
Vanuatu,VUT,2002,569471
Vanuatu,VUT,2003,572914
Vanuatu,VUT,2004,632273
Vanuatu,VUT,2005,674382
Vanuatu,VUT,2006,682694
Vanuatu,VUT,2007,935203
Vanuatu,VUT,2008,1086686
Vanuatu,VUT,2009,1083451
Vanuatu,VUT,2010,937961
Vanuatu,VUT,2011,987041
Vanuatu,VUT,2012,1014398
Vanuatu,VUT,2013,1099173
Vanuatu,VUT,2014,1009551
Vanuatu,VUT,2015,943043
Vanuatu,VUT,2016,760612
Vanuatu,VUT,2017,757860
Vanuatu,VUT,2018,776528
Vanuatu,VUT,2019,752029
Vanuatu,VUT,2020,718750
Vanuatu,VUT,2021,688621
Vanuatu,VUT,2022,594218
Venezuela,VEN,1961,32432490
Venezuela,VEN,1962,34706968
Venezuela,VEN,1963,38405126
Venezuela,VEN,1964,46633403
Venezuela,VEN,1965,47685178
Venezuela,VEN,1966,48819403
Venezuela,VEN,1967,53956566
Venezuela,VEN,1968,56715125
Venezuela,VEN,1969,60624170
Venezuela,VEN,1970,66364724
Venezuela,VEN,1971,68891255
Venezuela,VEN,1972,80718746
Venezuela,VEN,1973,89224242
Venezuela,VEN,1974,100576331
Venezuela,VEN,1975,107461984
Venezuela,VEN,1976,123146648
Venezuela,VEN,1977,117120059
Venezuela,VEN,1978,127250150
Venezuela,VEN,1979,133694334
Venezuela,VEN,1980,159860963
Venezuela,VEN,1981,189265045
Venezuela,VEN,1982,205150989
Venezuela,VEN,1983,188388407
Venezuela,VEN,1984,209868777
Venezuela,VEN,1985,209412976
Venezuela,VEN,1986,209047021
Venezuela,VEN,1987,220587539
Venezuela,VEN,1988,243928982
Venezuela,VEN,1989,171777862
Venezuela,VEN,1990,156005777
Venezuela,VEN,1991,207740079
Venezuela,VEN,1992,220882029
Venezuela,VEN,1993,231941471
Venezuela,VEN,1994,239818668
Venezuela,VEN,1995,272273889
Venezuela,VEN,1996,312721267
Venezuela,VEN,1997,315234317
Venezuela,VEN,1998,343235277
Venezuela,VEN,1999,388203663
Venezuela,VEN,2000,399213642
Venezuela,VEN,2001,480557768
Venezuela,VEN,2002,488255111
Venezuela,VEN,2003,372205604
Venezuela,VEN,2004,370300348
Venezuela,VEN,2005,422541018
Venezuela,VEN,2006,399631285
Venezuela,VEN,2007,419174412
Venezuela,VEN,2008,417567252
Venezuela,VEN,2009,471526135
Venezuela,VEN,2010,622565474
Venezuela,VEN,2011,619537141
Venezuela,VEN,2012,480067259
Venezuela,VEN,2013,443572102
Venezuela,VEN,2014,448277743
Venezuela,VEN,2015,438898705
Venezuela,VEN,2016,359791391
Venezuela,VEN,2017,262258087
Venezuela,VEN,2018,275431982
Venezuela,VEN,2019,256061375
Venezuela,VEN,2020,236149036
Venezuela,VEN,2021,255135220
Venezuela,VEN,2022,220195323
Vietnam,VNM,1961,58361000
Vietnam,VNM,1962,61612500
Vietnam,VNM,1963,74931000
Vietnam,VNM,1964,66302900
Vietnam,VNM,1965,73578800
Vietnam,VNM,1966,69337500
Vietnam,VNM,1967,70663500
Vietnam,VNM,1968,73513000
Vietnam,VNM,1969,73194200
Vietnam,VNM,1970,73997400
Vietnam,VNM,1971,75095600
Vietnam,VNM,1972,89420700
Vietnam,VNM,1973,92093300
Vietnam,VNM,1974,95803800
Vietnam,VNM,1975,74004000
Vietnam,VNM,1976,79312300
Vietnam,VNM,1977,77932900
Vietnam,VNM,1978,79834000
Vietnam,VNM,1979,86147800
Vietnam,VNM,1980,100096500
Vietnam,VNM,1981,112331100
Vietnam,VNM,1982,129089000
Vietnam,VNM,1983,155943300
Vietnam,VNM,1984,165918800
Vietnam,VNM,1985,172993100
Vietnam,VNM,1986,161845500
Vietnam,VNM,1987,191540800
Vietnam,VNM,1988,191279900
Vietnam,VNM,1989,199359000
Vietnam,VNM,1990,203885000
Vietnam,VNM,1991,201626095
Vietnam,VNM,1992,211875983
Vietnam,VNM,1993,196057218
Vietnam,VNM,1994,193351806
Vietnam,VNM,1995,193277135
Vietnam,VNM,1996,215147676
Vietnam,VNM,1997,228237725
Vietnam,VNM,1998,235928250
Vietnam,VNM,1999,252813678
Vietnam,VNM,2000,276462100
Vietnam,VNM,2001,305766750
Vietnam,VNM,2002,327548050
Vietnam,VNM,2003,352427250
Vietnam,VNM,2004,311254870
Vietnam,VNM,2005,310466250
Vietnam,VNM,2006,326596000
Vietnam,VNM,2007,340735950
Vietnam,VNM,2008,409552043
Vietnam,VNM,2009,464323500
Vietnam,VNM,2010,412771125
Vietnam,VNM,2011,464052788
Vietnam,VNM,2012,482152900
Vietnam,VNM,2013,487716300
Vietnam,VNM,2014,508635489
Vietnam,VNM,2015,517539644
Vietnam,VNM,2016,564808877
Vietnam,VNM,2017,600599989
Vietnam,VNM,2018,643196809
Vietnam,VNM,2019,725369561
Vietnam,VNM,2020,810494582
Vietnam,VNM,2021,853529830
Vietnam,VNM,2022,751089041
Western Africa (FAO),,1961,97998911
Western Africa (FAO),,1962,103695893
Western Africa (FAO),,1963,109301734
Western Africa (FAO),,1964,116210458
Western Africa (FAO),,1965,121325993
Western Africa (FAO),,1966,127607247
Western Africa (FAO),,1967,133322269
Western Africa (FAO),,1968,139293225
Western Africa (FAO),,1969,146601792
Western Africa (FAO),,1970,153892314
Western Africa (FAO),,1971,160975456
Western Africa (FAO),,1972,165450118
Western Africa (FAO),,1973,169520487
Western Africa (FAO),,1974,175895191
Western Africa (FAO),,1975,187930101
Western Africa (FAO),,1976,199560041
Western Africa (FAO),,1977,215963664
Western Africa (FAO),,1978,232043118
Western Africa (FAO),,1979,245694057
Western Africa (FAO),,1980,257470930
Western Africa (FAO),,1981,277180625
Western Africa (FAO),,1982,274040670
Western Africa (FAO),,1983,295127982
Western Africa (FAO),,1984,294226815
Western Africa (FAO),,1985,314821100
Western Africa (FAO),,1986,330525218
Western Africa (FAO),,1987,346013892
Western Africa (FAO),,1988,356467050
Western Africa (FAO),,1989,366140238
Western Africa (FAO),,1990,375507694
Western Africa (FAO),,1991,420912132
Western Africa (FAO),,1992,421396361
Western Africa (FAO),,1993,424603257
Western Africa (FAO),,1994,435102867
Western Africa (FAO),,1995,444996566
Western Africa (FAO),,1996,447143379
Western Africa (FAO),,1997,463255481
Western Africa (FAO),,1998,476949572
Western Africa (FAO),,1999,486408226
Western Africa (FAO),,2000,482199981
Western Africa (FAO),,2001,520059207
Western Africa (FAO),,2002,536317174
Western Africa (FAO),,2003,568723342
Western Africa (FAO),,2004,591551060
Western Africa (FAO),,2005,623426140
Western Africa (FAO),,2006,647777519
Western Africa (FAO),,2007,682195163
Western Africa (FAO),,2008,735426216
Western Africa (FAO),,2009,781185152
Western Africa (FAO),,2010,767710086
Western Africa (FAO),,2011,741544503
Western Africa (FAO),,2012,757810182
Western Africa (FAO),,2013,759559046
Western Africa (FAO),,2014,771651824
Western Africa (FAO),,2015,801202540
Western Africa (FAO),,2016,875848014
Western Africa (FAO),,2017,912183385
Western Africa (FAO),,2018,950787444
Western Africa (FAO),,2019,1020466976
Western Africa (FAO),,2020,990857413
Western Africa (FAO),,2021,1040935410
Western Africa (FAO),,2022,1043089772
Western Asia (FAO),,1961,158797123
Western Asia (FAO),,1962,173016580
Western Asia (FAO),,1963,177786980
Western Asia (FAO),,1964,188472769
Western Asia (FAO),,1965,200019726
Western Asia (FAO),,1966,215933434
Western Asia (FAO),,1967,225713743
Western Asia (FAO),,1968,239750289
Western Asia (FAO),,1969,255865188
Western Asia (FAO),,1970,274039963
Western Asia (FAO),,1971,300092611
Western Asia (FAO),,1972,329629767
Western Asia (FAO),,1973,339606227
Western Asia (FAO),,1974,376816184
Western Asia (FAO),,1975,413950125
Western Asia (FAO),,1976,427691037
Western Asia (FAO),,1977,442309080
Western Asia (FAO),,1978,498882238
Western Asia (FAO),,1979,550137984
Western Asia (FAO),,1980,608521951
Western Asia (FAO),,1981,711928773
Western Asia (FAO),,1982,875648231
Western Asia (FAO),,1983,861531880
Western Asia (FAO),,1984,984975202
Western Asia (FAO),,1985,1063357082
Western Asia (FAO),,1986,1151446369
Western Asia (FAO),,1987,1189489952
Western Asia (FAO),,1988,1278571964
Western Asia (FAO),,1989,1278723756
Western Asia (FAO),,1990,1240113047
Western Asia (FAO),,1991,1055291096
Western Asia (FAO),,1992,1218544446
Western Asia (FAO),,1993,1230274589
Western Asia (FAO),,1994,1312616306
Western Asia (FAO),,1995,1198811706
Western Asia (FAO),,1996,1266039199
Western Asia (FAO),,1997,1444271404
Western Asia (FAO),,1998,1466658501
Western Asia (FAO),,1999,1584899446
Western Asia (FAO),,2000,1788841949
Western Asia (FAO),,2001,1843283036
Western Asia (FAO),,2002,1916918725
Western Asia (FAO),,2003,2054465568
Western Asia (FAO),,2004,2109586989
Western Asia (FAO),,2005,2262083305
Western Asia (FAO),,2006,2200325061
Western Asia (FAO),,2007,2348385506
Western Asia (FAO),,2008,2394931674
Western Asia (FAO),,2009,2511256403
Western Asia (FAO),,2010,2686044240
Western Asia (FAO),,2011,2763253757
Western Asia (FAO),,2012,2853622154
Western Asia (FAO),,2013,2940229172
Western Asia (FAO),,2014,3055640296
Western Asia (FAO),,2015,3155338699
Western Asia (FAO),,2016,3110531239
Western Asia (FAO),,2017,3315851096
Western Asia (FAO),,2018,3352053386
Western Asia (FAO),,2019,3410106219
Western Asia (FAO),,2020,3457604472
Western Asia (FAO),,2021,3512353218
Western Asia (FAO),,2022,3640728620
Western Europe (FAO),,1961,867630631
Western Europe (FAO),,1962,918072184
Western Europe (FAO),,1963,966783411
Western Europe (FAO),,1964,1041876953
Western Europe (FAO),,1965,1094076798
Western Europe (FAO),,1966,1039624173
Western Europe (FAO),,1967,1107134792
Western Europe (FAO),,1968,1131563282
Western Europe (FAO),,1969,1242347383
Western Europe (FAO),,1970,1354345032
Western Europe (FAO),,1971,1431487402
Western Europe (FAO),,1972,1478413484
Western Europe (FAO),,1973,1552699803
Western Europe (FAO),,1974,1516921438
Western Europe (FAO),,1975,1563525171
Western Europe (FAO),,1976,1619805318
Western Europe (FAO),,1977,1662492757
Western Europe (FAO),,1978,1708303300
Western Europe (FAO),,1979,1779133831
Western Europe (FAO),,1980,1852640010
Western Europe (FAO),,1981,2002426902
Western Europe (FAO),,1982,2099090027
Western Europe (FAO),,1983,1991488318
Western Europe (FAO),,1984,1981565187
Western Europe (FAO),,1985,2008436698
Western Europe (FAO),,1986,2060750861
Western Europe (FAO),,1987,2150869270
Western Europe (FAO),,1988,2180024327
Western Europe (FAO),,1989,2183163432
Western Europe (FAO),,1990,2228305179
Western Europe (FAO),,1991,2132475026
Western Europe (FAO),,1992,2175620403
Western Europe (FAO),,1993,2249047757
Western Europe (FAO),,1994,2335323646
Western Europe (FAO),,1995,2372328798
Western Europe (FAO),,1996,2561478891
Western Europe (FAO),,1997,2617522446
Western Europe (FAO),,1998,2711158425
Western Europe (FAO),,1999,2671285041
Western Europe (FAO),,2000,2594161084
Western Europe (FAO),,2001,2632522775
Western Europe (FAO),,2002,2579390457
Western Europe (FAO),,2003,2484606838
Western Europe (FAO),,2004,2562609617
Western Europe (FAO),,2005,2588069009
Western Europe (FAO),,2006,2475213368
Western Europe (FAO),,2007,2649930870
Western Europe (FAO),,2008,2738960318
Western Europe (FAO),,2009,2763599965
Western Europe (FAO),,2010,2758761749
Western Europe (FAO),,2011,2836380375
Western Europe (FAO),,2012,2845292994
Western Europe (FAO),,2013,2859896625
Western Europe (FAO),,2014,2920034143
Western Europe (FAO),,2015,2994789137
Western Europe (FAO),,2016,2945430985
Western Europe (FAO),,2017,2921850380
Western Europe (FAO),,2018,2850815668
Western Europe (FAO),,2019,2816491196
Western Europe (FAO),,2020,2777057740
Western Europe (FAO),,2021,2688693873
Western Europe (FAO),,2022,2623667338
World,OWID_WRL,1961,8359806543
World,OWID_WRL,1962,8682058585
World,OWID_WRL,1963,9123820810
World,OWID_WRL,1964,9437889655
World,OWID_WRL,1965,10131220967
World,OWID_WRL,1966,10360694702
World,OWID_WRL,1967,11304450173
World,OWID_WRL,1968,11654943098
World,OWID_WRL,1969,12354123771
World,OWID_WRL,1970,13313062738
World,OWID_WRL,1971,13798777273
World,OWID_WRL,1972,14641944998
World,OWID_WRL,1973,15221208310
World,OWID_WRL,1974,15776781972
World,OWID_WRL,1975,16006121823
World,OWID_WRL,1976,16973381143
World,OWID_WRL,1977,17967297696
World,OWID_WRL,1978,19065101468
World,OWID_WRL,1979,20428279266
World,OWID_WRL,1980,21445416465
World,OWID_WRL,1981,22459996524
World,OWID_WRL,1982,23171253783
World,OWID_WRL,1983,23739760756
World,OWID_WRL,1984,24177517528
World,OWID_WRL,1985,25178877499
World,OWID_WRL,1986,26410924883
World,OWID_WRL,1987,28281869406
World,OWID_WRL,1988,29368521485
World,OWID_WRL,1989,29802522889
World,OWID_WRL,1990,31293308194
World,OWID_WRL,1991,32359763273
World,OWID_WRL,1992,33634192623
World,OWID_WRL,1993,35323528592
World,OWID_WRL,1994,36843637386
World,OWID_WRL,1995,39206857745
World,OWID_WRL,1996,40209027904
World,OWID_WRL,1997,41732854130
World,OWID_WRL,1998,42706227510
World,OWID_WRL,1999,44928100506
World,OWID_WRL,2000,46568953671
World,OWID_WRL,2001,48190256046
World,OWID_WRL,2002,49862182284
World,OWID_WRL,2003,50708327333
World,OWID_WRL,2004,51693154252
World,OWID_WRL,2005,54179140250
World,OWID_WRL,2006,55034078650
World,OWID_WRL,2007,58272504595
World,OWID_WRL,2008,60847573091
World,OWID_WRL,2009,62764460546
World,OWID_WRL,2010,64189070140
World,OWID_WRL,2011,65977798185
World,OWID_WRL,2012,67403711254
World,OWID_WRL,2013,68376582602
World,OWID_WRL,2014,69827564568
World,OWID_WRL,2015,72125502288
World,OWID_WRL,2016,73609927025
World,OWID_WRL,2017,76836323751
World,OWID_WRL,2018,78232011029
World,OWID_WRL,2019,80230359359
World,OWID_WRL,2020,81048386639
World,OWID_WRL,2021,81771153602
World,OWID_WRL,2022,83297073699
Yemen,YEM,1961,4435335
Yemen,YEM,1962,4529983
Yemen,YEM,1963,4575595
Yemen,YEM,1964,4646089
Yemen,YEM,1965,4732682
Yemen,YEM,1966,4520152
Yemen,YEM,1967,4599412
Yemen,YEM,1968,4476607
Yemen,YEM,1969,4156383
Yemen,YEM,1970,4177137
Yemen,YEM,1971,4493772
Yemen,YEM,1972,4369464
Yemen,YEM,1973,4417319
Yemen,YEM,1974,4686599
Yemen,YEM,1975,4985217
Yemen,YEM,1976,5012547
Yemen,YEM,1977,7882461
Yemen,YEM,1978,7979318
Yemen,YEM,1979,9010135
Yemen,YEM,1980,10871269
Yemen,YEM,1981,12843175
Yemen,YEM,1982,21797724
Yemen,YEM,1983,31713922
Yemen,YEM,1984,39874220
Yemen,YEM,1985,62227504
Yemen,YEM,1986,63826516
Yemen,YEM,1987,65045305
Yemen,YEM,1988,90011945
Yemen,YEM,1989,70749750
Yemen,YEM,1990,47226942
Yemen,YEM,1991,43415947
Yemen,YEM,1992,55506232
Yemen,YEM,1993,62415896
Yemen,YEM,1994,65229939
Yemen,YEM,1995,56241682
Yemen,YEM,1996,66378837
Yemen,YEM,1997,67717077
Yemen,YEM,1998,73147853
Yemen,YEM,1999,75098356
Yemen,YEM,2000,79241260
Yemen,YEM,2001,92509373
Yemen,YEM,2002,98380084
Yemen,YEM,2003,126214866
Yemen,YEM,2004,128318936
Yemen,YEM,2005,131452268
Yemen,YEM,2006,136424320
Yemen,YEM,2007,149201736
Yemen,YEM,2008,157855790
Yemen,YEM,2009,161311800
Yemen,YEM,2010,168129940
Yemen,YEM,2011,174727000
Yemen,YEM,2012,178008700
Yemen,YEM,2013,180899000
Yemen,YEM,2014,182473232
Yemen,YEM,2015,187220347
Yemen,YEM,2016,188290917
Yemen,YEM,2017,188496833
Yemen,YEM,2018,192158708
Yemen,YEM,2019,193067878
Yemen,YEM,2020,206734168
Yemen,YEM,2021,210976349
Yemen,YEM,2022,206019329
Yugoslavia,OWID_YGS,1961,88361000
Yugoslavia,OWID_YGS,1962,88591000
Yugoslavia,OWID_YGS,1963,88529000
Yugoslavia,OWID_YGS,1964,95832000
Yugoslavia,OWID_YGS,1965,104961000
Yugoslavia,OWID_YGS,1966,108308000
Yugoslavia,OWID_YGS,1967,114968000
Yugoslavia,OWID_YGS,1968,126370000
Yugoslavia,OWID_YGS,1969,144381000
Yugoslavia,OWID_YGS,1970,192075000
Yugoslavia,OWID_YGS,1971,165654000
Yugoslavia,OWID_YGS,1972,173496000
Yugoslavia,OWID_YGS,1973,188263000
Yugoslavia,OWID_YGS,1974,216362000
Yugoslavia,OWID_YGS,1975,219024000
Yugoslavia,OWID_YGS,1976,246128000
Yugoslavia,OWID_YGS,1977,264468000
Yugoslavia,OWID_YGS,1978,283311000
Yugoslavia,OWID_YGS,1979,286126110
Yugoslavia,OWID_YGS,1980,310838149
Yugoslavia,OWID_YGS,1981,326121350
Yugoslavia,OWID_YGS,1982,339518000
Yugoslavia,OWID_YGS,1983,357245000
Yugoslavia,OWID_YGS,1984,380120752
Yugoslavia,OWID_YGS,1985,388760896
Yugoslavia,OWID_YGS,1986,397045000
Yugoslavia,OWID_YGS,1987,429296836
Yugoslavia,OWID_YGS,1988,417836980
Yugoslavia,OWID_YGS,1989,350327745
Yugoslavia,OWID_YGS,1990,345652434
Yugoslavia,OWID_YGS,1991,279375754
Zambia,ZMB,1961,4040700
Zambia,ZMB,1962,4142150
Zambia,ZMB,1963,4332700
Zambia,ZMB,1964,4937400
Zambia,ZMB,1965,5552450
Zambia,ZMB,1966,7066390
Zambia,ZMB,1967,7739753
Zambia,ZMB,1968,7570287
Zambia,ZMB,1969,9653000
Zambia,ZMB,1970,10209750
Zambia,ZMB,1971,8998420
Zambia,ZMB,1972,13830360
Zambia,ZMB,1973,13362050
Zambia,ZMB,1974,16461510
Zambia,ZMB,1975,21173030
Zambia,ZMB,1976,24985280
Zambia,ZMB,1977,23539080
Zambia,ZMB,1978,22646610
Zambia,ZMB,1979,22741460
Zambia,ZMB,1980,24429103
Zambia,ZMB,1981,19258700
Zambia,ZMB,1982,19246230
Zambia,ZMB,1983,17430650
Zambia,ZMB,1984,14405040
Zambia,ZMB,1985,16466720
Zambia,ZMB,1986,16486030
Zambia,ZMB,1987,16710490
Zambia,ZMB,1988,18132210
Zambia,ZMB,1989,18796050
Zambia,ZMB,1990,19655200
Zambia,ZMB,1991,21570300
Zambia,ZMB,1992,23651400
Zambia,ZMB,1993,25941400
Zambia,ZMB,1994,25058200
Zambia,ZMB,1995,25731200
Zambia,ZMB,1996,28228000
Zambia,ZMB,1997,30798000
Zambia,ZMB,1998,33165000
Zambia,ZMB,1999,34472000
Zambia,ZMB,2000,35983000
Zambia,ZMB,2001,37569000
Zambia,ZMB,2002,39100000
Zambia,ZMB,2003,39666000
Zambia,ZMB,2004,39704000
Zambia,ZMB,2005,40271500
Zambia,ZMB,2006,37833000
Zambia,ZMB,2007,37959000
Zambia,ZMB,2008,40209000
Zambia,ZMB,2009,42013500
Zambia,ZMB,2010,44744500
Zambia,ZMB,2011,45342812
Zambia,ZMB,2012,46897121
Zambia,ZMB,2013,48850420
Zambia,ZMB,2014,49025242
Zambia,ZMB,2015,48971228
Zambia,ZMB,2016,49228217
Zambia,ZMB,2017,50503416
Zambia,ZMB,2018,51049785
Zambia,ZMB,2019,50763377
Zambia,ZMB,2020,51367703
Zambia,ZMB,2021,52197152
Zambia,ZMB,2022,52871852
Zimbabwe,ZWE,1961,3636670
Zimbabwe,ZWE,1962,3767620
Zimbabwe,ZWE,1963,3905455
Zimbabwe,ZWE,1964,4124570
Zimbabwe,ZWE,1965,4249600
Zimbabwe,ZWE,1966,4467500
Zimbabwe,ZWE,1967,4554200
Zimbabwe,ZWE,1968,4763600
Zimbabwe,ZWE,1969,4990100
Zimbabwe,ZWE,1970,5244700
Zimbabwe,ZWE,1971,5482000
Zimbabwe,ZWE,1972,5730500
Zimbabwe,ZWE,1973,6438500
Zimbabwe,ZWE,1974,6635600
Zimbabwe,ZWE,1975,6904900
Zimbabwe,ZWE,1976,7266400
Zimbabwe,ZWE,1977,7571200
Zimbabwe,ZWE,1978,8125400
Zimbabwe,ZWE,1979,7794400
Zimbabwe,ZWE,1980,7589800
Zimbabwe,ZWE,1981,7964800
Zimbabwe,ZWE,1982,8742700
Zimbabwe,ZWE,1983,9418300
Zimbabwe,ZWE,1984,9017600
Zimbabwe,ZWE,1985,9145300
Zimbabwe,ZWE,1986,9526000
Zimbabwe,ZWE,1987,11186000
Zimbabwe,ZWE,1988,13352400
Zimbabwe,ZWE,1989,14580300
Zimbabwe,ZWE,1990,16259200
Zimbabwe,ZWE,1991,19346100
Zimbabwe,ZWE,1992,19284900
Zimbabwe,ZWE,1993,18293900
Zimbabwe,ZWE,1994,18789200
Zimbabwe,ZWE,1995,19965900
Zimbabwe,ZWE,1996,22018900
Zimbabwe,ZWE,1997,22989800
Zimbabwe,ZWE,1998,24483000
Zimbabwe,ZWE,1999,24960000
Zimbabwe,ZWE,2000,26684000
Zimbabwe,ZWE,2001,37730187
Zimbabwe,ZWE,2002,35104962
Zimbabwe,ZWE,2003,39440461
Zimbabwe,ZWE,2004,44389971
Zimbabwe,ZWE,2005,49427000
Zimbabwe,ZWE,2006,50704407
Zimbabwe,ZWE,2007,53834138
Zimbabwe,ZWE,2008,57256115
Zimbabwe,ZWE,2009,58399588
Zimbabwe,ZWE,2010,59177278
Zimbabwe,ZWE,2011,60388342
Zimbabwe,ZWE,2012,60979210
Zimbabwe,ZWE,2013,61030586
Zimbabwe,ZWE,2014,56076000
Zimbabwe,ZWE,2015,50208860
Zimbabwe,ZWE,2016,56177407
Zimbabwe,ZWE,2017,61616304
Zimbabwe,ZWE,2018,56169652
Zimbabwe,ZWE,2019,76447394
Zimbabwe,ZWE,2020,75876846
Zimbabwe,ZWE,2021,76743121
Zimbabwe,ZWE,2022,76671581